name_1,name_2
Koto-ds3-fulldim7_inv3,Koto-a3-fulldim7_inv1
Koto-ds3-fulldim7_inv3,Koto-fs3-fulldim7_inv2
Koto-ds3-fulldim7_inv3,Koto-c4-fulldim7_inv0
Koto-gs3-fulldim7_inv0,Koto-d3-fulldim7_inv2
Ocarina-a3-fulldim7_inv2,Ocarina-c4-fulldim7_inv1
Ocarina-a3-fulldim7_inv2,Ocarina-ds4-fulldim7_inv0
Ocarina-a3-fulldim7_inv2,Ocarina-fs3-fulldim7_inv3
Recorder-a3-fulldim7_inv2,Recorder-c4-fulldim7_inv1
Recorder-a3-fulldim7_inv2,Recorder-fs3-fulldim7_inv3
Recorder-a3-fulldim7_inv2,Recorder-ds4-fulldim7_inv0
BrightAcousticPiano-fs3-fulldim7_inv2,BrightAcousticPiano-ds3-fulldim7_inv3
BrightAcousticPiano-fs3-fulldim7_inv2,BrightAcousticPiano-c4-fulldim7_inv0
BrightAcousticPiano-fs3-fulldim7_inv2,BrightAcousticPiano-a3-fulldim7_inv1
AcousticBass-d4-fulldim7_inv1,AcousticBass-gs3-fulldim7_inv3
AcousticBass-d4-fulldim7_inv1,AcousticBass-b3-fulldim7_inv2
AcousticBass-d4-fulldim7_inv1,AcousticBass-f4-fulldim7_inv0
Trombone-d3-fulldim7_inv2,Trombone-f3-fulldim7_inv1
SlapBass2-e3-fulldim7_inv2,SlapBass2-g3-fulldim7_inv1
SlapBass2-e3-fulldim7_inv2,SlapBass2-cs3-fulldim7_inv3
SlapBass2-e3-fulldim7_inv2,SlapBass2-as3-fulldim7_inv0
EnglishHorn-e3-fulldim7_inv2,EnglishHorn-g3-fulldim7_inv1
EnglishHorn-e3-fulldim7_inv2,EnglishHorn-cs3-fulldim7_inv3
EnglishHorn-e3-fulldim7_inv2,EnglishHorn-as3-fulldim7_inv0
Trumpet-c4-fulldim7_inv0,Trumpet-fs3-fulldim7_inv2
Trumpet-c4-fulldim7_inv0,Trumpet-ds3-fulldim7_inv3
Trumpet-c4-fulldim7_inv0,Trumpet-a3-fulldim7_inv1
Pad6(metallic)-a3-fulldim7_inv2,Pad6(metallic)-c4-fulldim7_inv1
Pad6(metallic)-a3-fulldim7_inv2,Pad6(metallic)-fs3-fulldim7_inv3
Pad6(metallic)-a3-fulldim7_inv2,Pad6(metallic)-ds4-fulldim7_inv0
StringEnsemble1-g3-fulldim7_inv3,StringEnsemble1-e4-fulldim7_inv0
StringEnsemble1-g3-fulldim7_inv3,StringEnsemble1-cs4-fulldim7_inv1
StringEnsemble1-g3-fulldim7_inv3,StringEnsemble1-as3-fulldim7_inv2
Trombone-fs3-fulldim7_inv1,Trombone-c3-fulldim7_inv3
Trombone-fs3-fulldim7_inv1,Trombone-ds3-fulldim7_inv2
Trombone-fs3-fulldim7_inv1,Trombone-a3-fulldim7_inv0
Pad4(choir)-a3-fulldim7_inv0,Pad4(choir)-c3-fulldim7_inv3
Pad4(choir)-a3-fulldim7_inv0,Pad4(choir)-fs3-fulldim7_inv1
Pad4(choir)-a3-fulldim7_inv0,Pad4(choir)-ds3-fulldim7_inv2
SynthBrass2-as3-fulldim7_inv0,SynthBrass2-cs3-fulldim7_inv3
SynthBrass2-as3-fulldim7_inv0,SynthBrass2-e3-fulldim7_inv2
SynthBrass2-as3-fulldim7_inv0,SynthBrass2-g3-fulldim7_inv1
ChurchOrgan-as3-fulldim7_inv1,ChurchOrgan-cs4-fulldim7_inv0
ChurchOrgan-as3-fulldim7_inv1,ChurchOrgan-e3-fulldim7_inv3
ChurchOrgan-as3-fulldim7_inv1,ChurchOrgan-g3-fulldim7_inv2
PanFlute-g3-fulldim7_inv0,PanFlute-e3-fulldim7_inv1
PanFlute-g3-fulldim7_inv0,PanFlute-cs3-fulldim7_inv2
ElectricGuitar(clean)-b3-fulldim7_inv2,ElectricGuitar(clean)-d4-fulldim7_inv1
ElectricGuitar(clean)-b3-fulldim7_inv2,ElectricGuitar(clean)-f4-fulldim7_inv0
ElectricGuitar(clean)-b3-fulldim7_inv2,ElectricGuitar(clean)-gs3-fulldim7_inv3
Recorder-c4-fulldim7_inv0,Recorder-fs3-fulldim7_inv2
Recorder-c4-fulldim7_inv0,Recorder-a3-fulldim7_inv1
Recorder-c4-fulldim7_inv0,Recorder-ds3-fulldim7_inv3
Lead8(bass+lead)-fs3-fulldim7_inv3,Lead8(bass+lead)-ds4-fulldim7_inv0
Lead8(bass+lead)-fs3-fulldim7_inv3,Lead8(bass+lead)-c4-fulldim7_inv1
RockOrgan-e4-fulldim7_inv0,RockOrgan-as3-fulldim7_inv2
RockOrgan-e4-fulldim7_inv0,RockOrgan-cs4-fulldim7_inv1
RockOrgan-e4-fulldim7_inv0,RockOrgan-g3-fulldim7_inv3
ReedOrgan-gs3-fulldim7_inv2,ReedOrgan-b3-fulldim7_inv1
ReedOrgan-gs3-fulldim7_inv2,ReedOrgan-d4-fulldim7_inv0
ReedOrgan-gs3-fulldim7_inv2,ReedOrgan-f3-fulldim7_inv3
SlapBass1-b3-fulldim7_inv1,SlapBass1-gs3-fulldim7_inv2
SlapBass1-b3-fulldim7_inv1,SlapBass1-f3-fulldim7_inv3
SlapBass1-b3-fulldim7_inv1,SlapBass1-d4-fulldim7_inv0
MusicBox-cs3-fulldim7_inv2,MusicBox-e3-fulldim7_inv1
MusicBox-cs3-fulldim7_inv2,MusicBox-g3-fulldim7_inv0
Shanai-fs3-fulldim7_inv3,Shanai-c4-fulldim7_inv1
Shanai-fs3-fulldim7_inv3,Shanai-ds4-fulldim7_inv0
Dulcimer-c3-fulldim7_inv2,Dulcimer-fs3-fulldim7_inv0
Dulcimer-c3-fulldim7_inv2,Dulcimer-ds3-fulldim7_inv1
PizzicatoStrings-d3-fulldim7_inv2,PizzicatoStrings-gs3-fulldim7_inv0
PizzicatoStrings-d3-fulldim7_inv2,PizzicatoStrings-f3-fulldim7_inv1
MusicBox-f3-fulldim7_inv1,MusicBox-d3-fulldim7_inv2
MusicBox-f3-fulldim7_inv1,MusicBox-gs3-fulldim7_inv0
Shanai-gs3-fulldim7_inv2,Shanai-d4-fulldim7_inv0
Shanai-gs3-fulldim7_inv2,Shanai-b3-fulldim7_inv1
Shanai-gs3-fulldim7_inv2,Shanai-f3-fulldim7_inv3
Viola-g3-fulldim7_inv0,Viola-cs3-fulldim7_inv2
Viola-g3-fulldim7_inv0,Viola-e3-fulldim7_inv1
TenorSax-gs3-fulldim7_inv0,TenorSax-d3-fulldim7_inv2
BaritoneSax-as3-fulldim7_inv1,BaritoneSax-cs4-fulldim7_inv0
BaritoneSax-as3-fulldim7_inv1,BaritoneSax-g3-fulldim7_inv2
BaritoneSax-as3-fulldim7_inv1,BaritoneSax-e3-fulldim7_inv3
DistortionGuitar-ds3-fulldim7_inv3,DistortionGuitar-c4-fulldim7_inv0
DistortionGuitar-ds3-fulldim7_inv3,DistortionGuitar-fs3-fulldim7_inv2
DistortionGuitar-ds3-fulldim7_inv3,DistortionGuitar-a3-fulldim7_inv1
Marimba-fs3-fulldim7_inv1,Marimba-a3-fulldim7_inv0
Marimba-fs3-fulldim7_inv1,Marimba-ds3-fulldim7_inv2
ElectricGuitar(muted)-g3-fulldim7_inv3,ElectricGuitar(muted)-as3-fulldim7_inv2
ElectricGuitar(muted)-g3-fulldim7_inv3,ElectricGuitar(muted)-cs4-fulldim7_inv1
ElectricGuitar(muted)-g3-fulldim7_inv3,ElectricGuitar(muted)-e4-fulldim7_inv0
Lead2(sawtooth)-e4-fulldim7_inv0,Lead2(sawtooth)-as3-fulldim7_inv2
Lead2(sawtooth)-e4-fulldim7_inv0,Lead2(sawtooth)-cs4-fulldim7_inv1
Honky-tonkPiano-as3-fulldim7_inv0,Honky-tonkPiano-g3-fulldim7_inv1
Honky-tonkPiano-as3-fulldim7_inv0,Honky-tonkPiano-cs3-fulldim7_inv3
Honky-tonkPiano-as3-fulldim7_inv0,Honky-tonkPiano-e3-fulldim7_inv2
Pad4(choir)-c3-fulldim7_inv3,Pad4(choir)-fs3-fulldim7_inv1
Pad4(choir)-c3-fulldim7_inv3,Pad4(choir)-ds3-fulldim7_inv2
EnglishHorn-fs3-fulldim7_inv0,EnglishHorn-c3-fulldim7_inv2
EnglishHorn-fs3-fulldim7_inv0,EnglishHorn-ds3-fulldim7_inv1
PanFlute-c3-fulldim7_inv2,PanFlute-ds3-fulldim7_inv1
PanFlute-c3-fulldim7_inv2,PanFlute-fs3-fulldim7_inv0
SlapBass1-g3-fulldim7_inv3,SlapBass1-e4-fulldim7_inv0
SlapBass1-g3-fulldim7_inv3,SlapBass1-cs4-fulldim7_inv1
SlapBass1-g3-fulldim7_inv3,SlapBass1-as3-fulldim7_inv2
ReedOrgan-e3-fulldim7_inv2,ReedOrgan-g3-fulldim7_inv1
ReedOrgan-e3-fulldim7_inv2,ReedOrgan-cs3-fulldim7_inv3
ReedOrgan-e3-fulldim7_inv2,ReedOrgan-as3-fulldim7_inv0
MusicBox-c3-fulldim7_inv3,MusicBox-ds3-fulldim7_inv2
MusicBox-c3-fulldim7_inv3,MusicBox-a3-fulldim7_inv0
PanFlute-ds4-fulldim7_inv0,PanFlute-fs3-fulldim7_inv3
PanFlute-ds4-fulldim7_inv0,PanFlute-c4-fulldim7_inv1
PanFlute-ds4-fulldim7_inv0,PanFlute-a3-fulldim7_inv2
RockOrgan-f3-fulldim7_inv3,RockOrgan-gs3-fulldim7_inv2
RockOrgan-f3-fulldim7_inv3,RockOrgan-d4-fulldim7_inv0
RockOrgan-f3-fulldim7_inv3,RockOrgan-b3-fulldim7_inv1
AcousticGuitar(nylon)-as3-fulldim7_inv1,AcousticGuitar(nylon)-g3-fulldim7_inv2
AcousticGuitar(nylon)-as3-fulldim7_inv1,AcousticGuitar(nylon)-e3-fulldim7_inv3
AcousticGuitar(nylon)-as3-fulldim7_inv1,AcousticGuitar(nylon)-cs4-fulldim7_inv0
AltoSax-d3-fulldim7_inv2,AltoSax-f3-fulldim7_inv1
AltoSax-d3-fulldim7_inv2,AltoSax-gs3-fulldim7_inv0
PanFlute-g3-fulldim7_inv2,PanFlute-cs4-fulldim7_inv0
PanFlute-g3-fulldim7_inv2,PanFlute-as3-fulldim7_inv1
PanFlute-g3-fulldim7_inv2,PanFlute-e3-fulldim7_inv3
MutedTrumpet-cs4-fulldim7_inv1,MutedTrumpet-as3-fulldim7_inv2
MutedTrumpet-cs4-fulldim7_inv1,MutedTrumpet-g3-fulldim7_inv3
MutedTrumpet-cs4-fulldim7_inv1,MutedTrumpet-e4-fulldim7_inv0
Recorder-as3-fulldim7_inv2,Recorder-g3-fulldim7_inv3
Recorder-as3-fulldim7_inv2,Recorder-cs4-fulldim7_inv1
Recorder-as3-fulldim7_inv2,Recorder-e4-fulldim7_inv0
Honky-tonkPiano-g3-fulldim7_inv1,Honky-tonkPiano-cs3-fulldim7_inv3
Honky-tonkPiano-g3-fulldim7_inv1,Honky-tonkPiano-e3-fulldim7_inv2
Oboe-as3-fulldim7_inv1,Oboe-cs4-fulldim7_inv0
Oboe-as3-fulldim7_inv1,Oboe-g3-fulldim7_inv2
Oboe-as3-fulldim7_inv1,Oboe-e3-fulldim7_inv3
RockOrgan-gs3-fulldim7_inv2,RockOrgan-d4-fulldim7_inv0
RockOrgan-gs3-fulldim7_inv2,RockOrgan-b3-fulldim7_inv1
Lead3(calliope)-g3-fulldim7_inv1,Lead3(calliope)-cs3-fulldim7_inv3
Lead3(calliope)-g3-fulldim7_inv1,Lead3(calliope)-as3-fulldim7_inv0
Pad7(halo)-a3-fulldim7_inv0,Pad7(halo)-ds3-fulldim7_inv2
Pad7(halo)-a3-fulldim7_inv0,Pad7(halo)-fs3-fulldim7_inv1
Pad7(halo)-a3-fulldim7_inv0,Pad7(halo)-c3-fulldim7_inv3
Contrabass-f4-fulldim7_inv0,Contrabass-b3-fulldim7_inv2
Contrabass-f4-fulldim7_inv0,Contrabass-gs3-fulldim7_inv3
Contrabass-f4-fulldim7_inv0,Contrabass-d4-fulldim7_inv1
Trumpet-g3-fulldim7_inv2,Trumpet-cs4-fulldim7_inv0
Trumpet-g3-fulldim7_inv2,Trumpet-as3-fulldim7_inv1
Trumpet-g3-fulldim7_inv2,Trumpet-e3-fulldim7_inv3
SynthBass2-b3-fulldim7_inv1,SynthBass2-gs3-fulldim7_inv2
SynthBass2-b3-fulldim7_inv1,SynthBass2-d4-fulldim7_inv0
SynthBass2-b3-fulldim7_inv1,SynthBass2-f3-fulldim7_inv3
ChoirAahs-b3-fulldim7_inv2,ChoirAahs-d4-fulldim7_inv1
ChoirAahs-b3-fulldim7_inv2,ChoirAahs-f4-fulldim7_inv0
ChoirAahs-b3-fulldim7_inv2,ChoirAahs-gs3-fulldim7_inv3
Pad8(sweep)-e3-fulldim7_inv2,Pad8(sweep)-g3-fulldim7_inv1
Pad8(sweep)-e3-fulldim7_inv2,Pad8(sweep)-as3-fulldim7_inv0
BrassSection-d3-fulldim7_inv2,BrassSection-f3-fulldim7_inv1
BrassSection-d3-fulldim7_inv2,BrassSection-gs3-fulldim7_inv0
VoiceOohs-f3-fulldim7_inv2,VoiceOohs-b3-fulldim7_inv0
VoiceOohs-f3-fulldim7_inv2,VoiceOohs-d3-fulldim7_inv3
VoiceOohs-f3-fulldim7_inv2,VoiceOohs-gs3-fulldim7_inv1
Lead5(charang)-d4-fulldim7_inv1,Lead5(charang)-b3-fulldim7_inv2
Lead5(charang)-d4-fulldim7_inv1,Lead5(charang)-f4-fulldim7_inv0
Lead5(charang)-d4-fulldim7_inv1,Lead5(charang)-gs3-fulldim7_inv3
ElectricGuitar(clean)-g3-fulldim7_inv3,ElectricGuitar(clean)-as3-fulldim7_inv2
ElectricGuitar(clean)-g3-fulldim7_inv3,ElectricGuitar(clean)-e4-fulldim7_inv0
ElectricGuitar(clean)-g3-fulldim7_inv3,ElectricGuitar(clean)-cs4-fulldim7_inv1
Shanai-gs3-fulldim7_inv1,Shanai-d3-fulldim7_inv3
Shanai-gs3-fulldim7_inv1,Shanai-b3-fulldim7_inv0
Shanai-gs3-fulldim7_inv1,Shanai-f3-fulldim7_inv2
BrightAcousticPiano-b3-fulldim7_inv0,BrightAcousticPiano-f3-fulldim7_inv2
BrightAcousticPiano-b3-fulldim7_inv0,BrightAcousticPiano-gs3-fulldim7_inv1
BrightAcousticPiano-b3-fulldim7_inv0,BrightAcousticPiano-d3-fulldim7_inv3
Oboe-ds4-fulldim7_inv0,Oboe-fs3-fulldim7_inv3
Oboe-ds4-fulldim7_inv0,Oboe-c4-fulldim7_inv1
SynthStrings1-b3-fulldim7_inv0,SynthStrings1-gs3-fulldim7_inv1
SynthStrings1-b3-fulldim7_inv0,SynthStrings1-f3-fulldim7_inv2
SynthStrings1-b3-fulldim7_inv0,SynthStrings1-d3-fulldim7_inv3
SynthBass1-g3-fulldim7_inv3,SynthBass1-cs4-fulldim7_inv1
SynthBass1-g3-fulldim7_inv3,SynthBass1-as3-fulldim7_inv2
Oboe-fs3-fulldim7_inv1,Oboe-c3-fulldim7_inv3
Oboe-fs3-fulldim7_inv1,Oboe-ds3-fulldim7_inv2
Oboe-fs3-fulldim7_inv1,Oboe-a3-fulldim7_inv0
Pad5(bowed)-as3-fulldim7_inv2,Pad5(bowed)-e4-fulldim7_inv0
Pad5(bowed)-as3-fulldim7_inv2,Pad5(bowed)-g3-fulldim7_inv3
AcousticGuitar(nylon)-ds3-fulldim7_inv3,AcousticGuitar(nylon)-a3-fulldim7_inv1
AcousticGuitar(nylon)-ds3-fulldim7_inv3,AcousticGuitar(nylon)-c4-fulldim7_inv0
AcousticGuitar(nylon)-ds3-fulldim7_inv3,AcousticGuitar(nylon)-fs3-fulldim7_inv2
Pad8(sweep)-f3-fulldim7_inv2,Pad8(sweep)-gs3-fulldim7_inv1
Pad8(sweep)-f3-fulldim7_inv2,Pad8(sweep)-b3-fulldim7_inv0
Viola-as3-fulldim7_inv1,Viola-g3-fulldim7_inv2
Viola-as3-fulldim7_inv1,Viola-e3-fulldim7_inv3
Viola-d3-fulldim7_inv3,Viola-f3-fulldim7_inv2
Viola-d3-fulldim7_inv3,Viola-b3-fulldim7_inv0
Viola-d3-fulldim7_inv3,Viola-gs3-fulldim7_inv1
SynthBass1-gs3-fulldim7_inv3,SynthBass1-f4-fulldim7_inv0
SynthBass1-gs3-fulldim7_inv3,SynthBass1-b3-fulldim7_inv2
SlapBass1-cs4-fulldim7_inv0,SlapBass1-g3-fulldim7_inv2
SlapBass1-cs4-fulldim7_inv0,SlapBass1-as3-fulldim7_inv1
SlapBass1-cs4-fulldim7_inv0,SlapBass1-e3-fulldim7_inv3
Dulcimer-g3-fulldim7_inv2,Dulcimer-e3-fulldim7_inv3
Dulcimer-g3-fulldim7_inv2,Dulcimer-cs4-fulldim7_inv0
Dulcimer-g3-fulldim7_inv2,Dulcimer-as3-fulldim7_inv1
Pad2(warm)-as3-fulldim7_inv1,Pad2(warm)-e3-fulldim7_inv3
Pad2(warm)-as3-fulldim7_inv1,Pad2(warm)-cs4-fulldim7_inv0
TremoloStrings-d3-fulldim7_inv2,TremoloStrings-gs3-fulldim7_inv0
TremoloStrings-d3-fulldim7_inv2,TremoloStrings-f3-fulldim7_inv1
BrightAcousticPiano-g3-fulldim7_inv3,BrightAcousticPiano-as3-fulldim7_inv2
BrightAcousticPiano-g3-fulldim7_inv3,BrightAcousticPiano-cs4-fulldim7_inv1
BrightAcousticPiano-g3-fulldim7_inv3,BrightAcousticPiano-e4-fulldim7_inv0
SlapBass1-c4-fulldim7_inv1,SlapBass1-a3-fulldim7_inv2
SlapBass1-c4-fulldim7_inv1,SlapBass1-fs3-fulldim7_inv3
SlapBass1-c4-fulldim7_inv1,SlapBass1-ds4-fulldim7_inv0
Trombone-c4-fulldim7_inv0,Trombone-ds3-fulldim7_inv3
Trombone-c4-fulldim7_inv0,Trombone-a3-fulldim7_inv1
DrawbarOrgan-gs3-fulldim7_inv2,DrawbarOrgan-b3-fulldim7_inv1
DrawbarOrgan-gs3-fulldim7_inv2,DrawbarOrgan-f3-fulldim7_inv3
DrawbarOrgan-gs3-fulldim7_inv2,DrawbarOrgan-d4-fulldim7_inv0
Bassoon-g3-fulldim7_inv1,Bassoon-as3-fulldim7_inv0
Bassoon-g3-fulldim7_inv1,Bassoon-cs3-fulldim7_inv3
Bassoon-g3-fulldim7_inv1,Bassoon-e3-fulldim7_inv2
VoiceOohs-d3-fulldim7_inv2,VoiceOohs-f3-fulldim7_inv1
Kalimba-a3-fulldim7_inv0,Kalimba-fs3-fulldim7_inv1
Kalimba-a3-fulldim7_inv0,Kalimba-ds3-fulldim7_inv2
Kalimba-a3-fulldim7_inv0,Kalimba-c3-fulldim7_inv3
Piccolo-fs3-fulldim7_inv3,Piccolo-a3-fulldim7_inv2
Piccolo-fs3-fulldim7_inv3,Piccolo-ds4-fulldim7_inv0
Piccolo-fs3-fulldim7_inv3,Piccolo-c4-fulldim7_inv1
Pad5(bowed)-c4-fulldim7_inv0,Pad5(bowed)-a3-fulldim7_inv1
Pad5(bowed)-c4-fulldim7_inv0,Pad5(bowed)-fs3-fulldim7_inv2
Pad5(bowed)-c4-fulldim7_inv0,Pad5(bowed)-ds3-fulldim7_inv3
PanFlute-d4-fulldim7_inv0,PanFlute-gs3-fulldim7_inv2
PanFlute-d4-fulldim7_inv0,PanFlute-b3-fulldim7_inv1
Bassoon-fs3-fulldim7_inv1,Bassoon-ds3-fulldim7_inv2
Bassoon-fs3-fulldim7_inv1,Bassoon-c3-fulldim7_inv3
Bassoon-fs3-fulldim7_inv1,Bassoon-a3-fulldim7_inv0
TenorSax-g3-fulldim7_inv1,TenorSax-e3-fulldim7_inv2
TenorSax-g3-fulldim7_inv1,TenorSax-as3-fulldim7_inv0
TenorSax-g3-fulldim7_inv1,TenorSax-cs3-fulldim7_inv3
PercussiveOrgan-e3-fulldim7_inv3,PercussiveOrgan-cs4-fulldim7_inv0
PercussiveOrgan-e3-fulldim7_inv3,PercussiveOrgan-g3-fulldim7_inv2
PercussiveOrgan-e3-fulldim7_inv3,PercussiveOrgan-as3-fulldim7_inv1
Bassoon-gs3-fulldim7_inv2,Bassoon-b3-fulldim7_inv1
Bassoon-gs3-fulldim7_inv2,Bassoon-f3-fulldim7_inv3
Bassoon-gs3-fulldim7_inv2,Bassoon-d4-fulldim7_inv0
EnglishHorn-a3-fulldim7_inv0,EnglishHorn-ds3-fulldim7_inv2
EnglishHorn-a3-fulldim7_inv0,EnglishHorn-fs3-fulldim7_inv1
EnglishHorn-a3-fulldim7_inv0,EnglishHorn-c3-fulldim7_inv3
Lead8(bass+lead)-as3-fulldim7_inv1,Lead8(bass+lead)-e3-fulldim7_inv3
Lead8(bass+lead)-as3-fulldim7_inv1,Lead8(bass+lead)-cs4-fulldim7_inv0
Lead8(bass+lead)-as3-fulldim7_inv1,Lead8(bass+lead)-g3-fulldim7_inv2
VoiceOohs-c3-fulldim7_inv2,VoiceOohs-fs3-fulldim7_inv0
VoiceOohs-c3-fulldim7_inv2,VoiceOohs-ds3-fulldim7_inv1
Clavinet-b3-fulldim7_inv1,Clavinet-f3-fulldim7_inv3
Clavinet-b3-fulldim7_inv1,Clavinet-d4-fulldim7_inv0
Clavinet-b3-fulldim7_inv1,Clavinet-gs3-fulldim7_inv2
OverdrivenGuitar-as3-fulldim7_inv2,OverdrivenGuitar-e4-fulldim7_inv0
OverdrivenGuitar-as3-fulldim7_inv2,OverdrivenGuitar-g3-fulldim7_inv3
OverdrivenGuitar-as3-fulldim7_inv2,OverdrivenGuitar-cs4-fulldim7_inv1
BlownBottle-cs4-fulldim7_inv0,BlownBottle-g3-fulldim7_inv2
BlownBottle-cs4-fulldim7_inv0,BlownBottle-e3-fulldim7_inv3
PizzicatoStrings-a3-fulldim7_inv2,PizzicatoStrings-c4-fulldim7_inv1
PizzicatoStrings-a3-fulldim7_inv2,PizzicatoStrings-fs3-fulldim7_inv3
PizzicatoStrings-a3-fulldim7_inv2,PizzicatoStrings-ds4-fulldim7_inv0
AcousticGuitar(steel)-fs3-fulldim7_inv2,AcousticGuitar(steel)-ds3-fulldim7_inv3
AcousticGuitar(steel)-fs3-fulldim7_inv2,AcousticGuitar(steel)-c4-fulldim7_inv0
AcousticGuitar(nylon)-g3-fulldim7_inv2,AcousticGuitar(nylon)-e3-fulldim7_inv3
AcousticGuitar(nylon)-g3-fulldim7_inv2,AcousticGuitar(nylon)-cs4-fulldim7_inv0
Pad4(choir)-b3-fulldim7_inv2,Pad4(choir)-f4-fulldim7_inv0
Pad4(choir)-b3-fulldim7_inv2,Pad4(choir)-d4-fulldim7_inv1
OverdrivenGuitar-d3-fulldim7_inv3,OverdrivenGuitar-f3-fulldim7_inv2
OverdrivenGuitar-d3-fulldim7_inv3,OverdrivenGuitar-b3-fulldim7_inv0
OverdrivenGuitar-d3-fulldim7_inv3,OverdrivenGuitar-gs3-fulldim7_inv1
Pad3(polysynth)-fs3-fulldim7_inv2,Pad3(polysynth)-c4-fulldim7_inv0
Pad3(polysynth)-fs3-fulldim7_inv2,Pad3(polysynth)-ds3-fulldim7_inv3
Pad3(polysynth)-fs3-fulldim7_inv2,Pad3(polysynth)-a3-fulldim7_inv1
DistortionGuitar-f3-fulldim7_inv2,DistortionGuitar-b3-fulldim7_inv0
DistortionGuitar-f3-fulldim7_inv2,DistortionGuitar-d3-fulldim7_inv3
DistortionGuitar-f3-fulldim7_inv2,DistortionGuitar-gs3-fulldim7_inv1
Violin-fs3-fulldim7_inv2,Violin-a3-fulldim7_inv1
Violin-fs3-fulldim7_inv2,Violin-ds3-fulldim7_inv3
Violin-fs3-fulldim7_inv2,Violin-c4-fulldim7_inv0
Kalimba-e3-fulldim7_inv2,Kalimba-cs3-fulldim7_inv3
Kalimba-e3-fulldim7_inv2,Kalimba-as3-fulldim7_inv0
Kalimba-e3-fulldim7_inv2,Kalimba-g3-fulldim7_inv1
Shanai-as3-fulldim7_inv1,Shanai-g3-fulldim7_inv2
Shanai-as3-fulldim7_inv1,Shanai-cs4-fulldim7_inv0
Shanai-as3-fulldim7_inv1,Shanai-e3-fulldim7_inv3
DrawbarOrgan-b3-fulldim7_inv1,DrawbarOrgan-f3-fulldim7_inv3
DrawbarOrgan-b3-fulldim7_inv1,DrawbarOrgan-d4-fulldim7_inv0
Bassoon-c4-fulldim7_inv0,Bassoon-a3-fulldim7_inv1
Bassoon-c4-fulldim7_inv0,Bassoon-fs3-fulldim7_inv2
Bassoon-c4-fulldim7_inv0,Bassoon-ds3-fulldim7_inv3
Honky-tonkPiano-b3-fulldim7_inv1,Honky-tonkPiano-gs3-fulldim7_inv2
Honky-tonkPiano-b3-fulldim7_inv1,Honky-tonkPiano-f3-fulldim7_inv3
Honky-tonkPiano-b3-fulldim7_inv1,Honky-tonkPiano-d4-fulldim7_inv0
Shamisen-e3-fulldim7_inv1,Shamisen-cs3-fulldim7_inv2
Shamisen-e3-fulldim7_inv1,Shamisen-g3-fulldim7_inv0
Pad2(warm)-f4-fulldim7_inv0,Pad2(warm)-b3-fulldim7_inv2
Pad2(warm)-f4-fulldim7_inv0,Pad2(warm)-d4-fulldim7_inv1
Pad2(warm)-f4-fulldim7_inv0,Pad2(warm)-gs3-fulldim7_inv3
Lead1(square)-f3-fulldim7_inv2,Lead1(square)-gs3-fulldim7_inv1
Lead1(square)-f3-fulldim7_inv2,Lead1(square)-d3-fulldim7_inv3
Lead1(square)-f3-fulldim7_inv2,Lead1(square)-b3-fulldim7_inv0
TenorSax-g3-fulldim7_inv0,TenorSax-e3-fulldim7_inv1
TenorSax-g3-fulldim7_inv0,TenorSax-cs3-fulldim7_inv2
Violin-c3-fulldim7_inv2,Violin-ds3-fulldim7_inv1
Bassoon-fs3-fulldim7_inv3,Bassoon-a3-fulldim7_inv2
Bassoon-fs3-fulldim7_inv3,Bassoon-ds4-fulldim7_inv0
Bassoon-fs3-fulldim7_inv3,Bassoon-c4-fulldim7_inv1
Lead3(calliope)-c3-fulldim7_inv2,Lead3(calliope)-ds3-fulldim7_inv1
Lead3(calliope)-c3-fulldim7_inv2,Lead3(calliope)-fs3-fulldim7_inv0
Sitar-e4-fulldim7_inv0,Sitar-cs4-fulldim7_inv1
Sitar-e4-fulldim7_inv0,Sitar-g3-fulldim7_inv3
Sitar-e4-fulldim7_inv0,Sitar-as3-fulldim7_inv2
SlapBass2-c3-fulldim7_inv3,SlapBass2-a3-fulldim7_inv0
SlapBass2-c3-fulldim7_inv3,SlapBass2-fs3-fulldim7_inv1
SlapBass2-c3-fulldim7_inv3,SlapBass2-ds3-fulldim7_inv2
Clavinet-d3-fulldim7_inv2,Clavinet-gs3-fulldim7_inv0
Clavinet-d3-fulldim7_inv2,Clavinet-f3-fulldim7_inv1
Vibraphone-as3-fulldim7_inv2,Vibraphone-g3-fulldim7_inv3
Vibraphone-as3-fulldim7_inv2,Vibraphone-cs4-fulldim7_inv1
Vibraphone-as3-fulldim7_inv2,Vibraphone-e4-fulldim7_inv0
BlownBottle-g3-fulldim7_inv2,BlownBottle-e3-fulldim7_inv3
BrassSection-ds3-fulldim7_inv2,BrassSection-a3-fulldim7_inv0
BrassSection-ds3-fulldim7_inv2,BrassSection-fs3-fulldim7_inv1
BrassSection-ds3-fulldim7_inv2,BrassSection-c3-fulldim7_inv3
Shamisen-c4-fulldim7_inv0,Shamisen-a3-fulldim7_inv1
Shamisen-c4-fulldim7_inv0,Shamisen-fs3-fulldim7_inv2
Shamisen-c4-fulldim7_inv0,Shamisen-ds3-fulldim7_inv3
Fiddle-d4-fulldim7_inv0,Fiddle-f3-fulldim7_inv3
Lead3(calliope)-c4-fulldim7_inv1,Lead3(calliope)-a3-fulldim7_inv2
Lead3(calliope)-c4-fulldim7_inv1,Lead3(calliope)-fs3-fulldim7_inv3
Pad8(sweep)-g3-fulldim7_inv1,Pad8(sweep)-as3-fulldim7_inv0
Clavinet-fs3-fulldim7_inv0,Clavinet-ds3-fulldim7_inv1
Clavinet-fs3-fulldim7_inv0,Clavinet-c3-fulldim7_inv2
Koto-gs3-fulldim7_inv1,Koto-f3-fulldim7_inv2
Koto-gs3-fulldim7_inv1,Koto-b3-fulldim7_inv0
Koto-gs3-fulldim7_inv1,Koto-d3-fulldim7_inv3
Lead6(voice)-ds4-fulldim7_inv0,Lead6(voice)-c4-fulldim7_inv1
Lead6(voice)-ds4-fulldim7_inv0,Lead6(voice)-fs3-fulldim7_inv3
Lead6(voice)-ds4-fulldim7_inv0,Lead6(voice)-a3-fulldim7_inv2
Koto-e3-fulldim7_inv2,Koto-g3-fulldim7_inv1
Koto-e3-fulldim7_inv2,Koto-as3-fulldim7_inv0
Koto-e3-fulldim7_inv2,Koto-cs3-fulldim7_inv3
Tuba-e3-fulldim7_inv1,Tuba-cs3-fulldim7_inv2
Tuba-e3-fulldim7_inv1,Tuba-g3-fulldim7_inv0
Piccolo-fs3-fulldim7_inv1,Piccolo-a3-fulldim7_inv0
Piccolo-fs3-fulldim7_inv1,Piccolo-ds3-fulldim7_inv2
Piccolo-fs3-fulldim7_inv1,Piccolo-c3-fulldim7_inv3
ElectricGuitar(jazz)-b3-fulldim7_inv0,ElectricGuitar(jazz)-f3-fulldim7_inv2
ElectricGuitar(jazz)-b3-fulldim7_inv0,ElectricGuitar(jazz)-gs3-fulldim7_inv1
ElectricGuitar(jazz)-b3-fulldim7_inv0,ElectricGuitar(jazz)-d3-fulldim7_inv3
ReedOrgan-f4-fulldim7_inv0,ReedOrgan-b3-fulldim7_inv2
ReedOrgan-f4-fulldim7_inv0,ReedOrgan-d4-fulldim7_inv1
EnglishHorn-as3-fulldim7_inv2,EnglishHorn-cs4-fulldim7_inv1
EnglishHorn-as3-fulldim7_inv2,EnglishHorn-g3-fulldim7_inv3
EnglishHorn-as3-fulldim7_inv2,EnglishHorn-e4-fulldim7_inv0
Lead6(voice)-c4-fulldim7_inv1,Lead6(voice)-fs3-fulldim7_inv3
Lead6(voice)-c4-fulldim7_inv1,Lead6(voice)-a3-fulldim7_inv2
AcousticBass-fs3-fulldim7_inv0,AcousticBass-c3-fulldim7_inv2
BrassSection-c4-fulldim7_inv0,BrassSection-fs3-fulldim7_inv2
Bassoon-ds3-fulldim7_inv2,Bassoon-c3-fulldim7_inv3
Bassoon-ds3-fulldim7_inv2,Bassoon-a3-fulldim7_inv0
ElectricGuitar(muted)-d3-fulldim7_inv3,ElectricGuitar(muted)-f3-fulldim7_inv2
ElectricGuitar(muted)-d3-fulldim7_inv3,ElectricGuitar(muted)-gs3-fulldim7_inv1
ElectricGuitar(muted)-d3-fulldim7_inv3,ElectricGuitar(muted)-b3-fulldim7_inv0
Lead4(chiff)-e3-fulldim7_inv2,Lead4(chiff)-as3-fulldim7_inv0
Lead4(chiff)-e3-fulldim7_inv2,Lead4(chiff)-cs3-fulldim7_inv3
Lead4(chiff)-e3-fulldim7_inv2,Lead4(chiff)-g3-fulldim7_inv1
Contrabass-b3-fulldim7_inv2,Contrabass-gs3-fulldim7_inv3
Contrabass-b3-fulldim7_inv2,Contrabass-d4-fulldim7_inv1
Recorder-fs3-fulldim7_inv2,Recorder-a3-fulldim7_inv1
Recorder-fs3-fulldim7_inv2,Recorder-ds3-fulldim7_inv3
TremoloStrings-cs4-fulldim7_inv1,TremoloStrings-as3-fulldim7_inv2
TremoloStrings-cs4-fulldim7_inv1,TremoloStrings-e4-fulldim7_inv0
AltoSax-f3-fulldim7_inv1,AltoSax-gs3-fulldim7_inv0
ElectricPiano2-ds3-fulldim7_inv2,ElectricPiano2-a3-fulldim7_inv0
ElectricPiano2-ds3-fulldim7_inv2,ElectricPiano2-c3-fulldim7_inv3
ElectricPiano2-ds3-fulldim7_inv2,ElectricPiano2-fs3-fulldim7_inv1
Contrabass-c3-fulldim7_inv3,Contrabass-fs3-fulldim7_inv1
Contrabass-c3-fulldim7_inv3,Contrabass-ds3-fulldim7_inv2
Contrabass-c3-fulldim7_inv3,Contrabass-a3-fulldim7_inv0
StringEnsemble2-c4-fulldim7_inv1,StringEnsemble2-a3-fulldim7_inv2
StringEnsemble2-c4-fulldim7_inv1,StringEnsemble2-ds4-fulldim7_inv0
Shamisen-b3-fulldim7_inv0,Shamisen-d3-fulldim7_inv3
Shamisen-b3-fulldim7_inv0,Shamisen-gs3-fulldim7_inv1
Shamisen-b3-fulldim7_inv0,Shamisen-f3-fulldim7_inv2
Marimba-g3-fulldim7_inv0,Marimba-cs3-fulldim7_inv2
MusicBox-f3-fulldim7_inv2,MusicBox-gs3-fulldim7_inv1
MusicBox-f3-fulldim7_inv2,MusicBox-b3-fulldim7_inv0
MusicBox-f3-fulldim7_inv2,MusicBox-d3-fulldim7_inv3
SynthStrings1-cs4-fulldim7_inv1,SynthStrings1-e4-fulldim7_inv0
SynthStrings1-cs4-fulldim7_inv1,SynthStrings1-g3-fulldim7_inv3
SynthStrings1-cs4-fulldim7_inv1,SynthStrings1-as3-fulldim7_inv2
BrassSection-d4-fulldim7_inv1,BrassSection-gs3-fulldim7_inv3
BrassSection-d4-fulldim7_inv1,BrassSection-b3-fulldim7_inv2
BrassSection-d4-fulldim7_inv1,BrassSection-f4-fulldim7_inv0
SopranoSax-as3-fulldim7_inv2,SopranoSax-cs4-fulldim7_inv1
SopranoSax-as3-fulldim7_inv2,SopranoSax-g3-fulldim7_inv3
Dulcimer-gs3-fulldim7_inv3,Dulcimer-f4-fulldim7_inv0
Dulcimer-gs3-fulldim7_inv3,Dulcimer-d4-fulldim7_inv1
Honky-tonkPiano-g3-fulldim7_inv3,Honky-tonkPiano-cs4-fulldim7_inv1
Honky-tonkPiano-g3-fulldim7_inv3,Honky-tonkPiano-e4-fulldim7_inv0
FretlessBass-as3-fulldim7_inv1,FretlessBass-cs4-fulldim7_inv0
FretlessBass-as3-fulldim7_inv1,FretlessBass-e3-fulldim7_inv3
FretlessBass-as3-fulldim7_inv1,FretlessBass-g3-fulldim7_inv2
SynthStrings2-a3-fulldim7_inv2,SynthStrings2-ds4-fulldim7_inv0
SynthStrings2-a3-fulldim7_inv2,SynthStrings2-fs3-fulldim7_inv3
SynthStrings2-a3-fulldim7_inv2,SynthStrings2-c4-fulldim7_inv1
Honky-tonkPiano-c3-fulldim7_inv2,Honky-tonkPiano-fs3-fulldim7_inv0
Honky-tonkPiano-c3-fulldim7_inv2,Honky-tonkPiano-ds3-fulldim7_inv1
Kalimba-f3-fulldim7_inv2,Kalimba-b3-fulldim7_inv0
Kalimba-f3-fulldim7_inv2,Kalimba-gs3-fulldim7_inv1
Kalimba-f3-fulldim7_inv2,Kalimba-d3-fulldim7_inv3
SynthStrings1-ds4-fulldim7_inv0,SynthStrings1-a3-fulldim7_inv2
SynthStrings1-ds4-fulldim7_inv0,SynthStrings1-fs3-fulldim7_inv3
ChurchOrgan-cs4-fulldim7_inv0,ChurchOrgan-e3-fulldim7_inv3
ChurchOrgan-cs4-fulldim7_inv0,ChurchOrgan-g3-fulldim7_inv2
Trombone-cs3-fulldim7_inv2,Trombone-g3-fulldim7_inv0
Trombone-cs3-fulldim7_inv2,Trombone-e3-fulldim7_inv1
Cello-c3-fulldim7_inv2,Cello-ds3-fulldim7_inv1
Cello-c3-fulldim7_inv2,Cello-fs3-fulldim7_inv0
Lead5(charang)-e3-fulldim7_inv1,Lead5(charang)-g3-fulldim7_inv0
Lead5(charang)-e3-fulldim7_inv1,Lead5(charang)-cs3-fulldim7_inv2
SynthBrass2-e3-fulldim7_inv3,SynthBrass2-as3-fulldim7_inv1
SynthBrass2-e3-fulldim7_inv3,SynthBrass2-cs4-fulldim7_inv0
FretlessBass-f4-fulldim7_inv0,FretlessBass-d4-fulldim7_inv1
FretlessBass-f4-fulldim7_inv0,FretlessBass-b3-fulldim7_inv2
FretlessBass-f4-fulldim7_inv0,FretlessBass-gs3-fulldim7_inv3
MusicBox-e3-fulldim7_inv2,MusicBox-cs3-fulldim7_inv3
MusicBox-e3-fulldim7_inv2,MusicBox-g3-fulldim7_inv1
MusicBox-e3-fulldim7_inv2,MusicBox-as3-fulldim7_inv0
Recorder-a3-fulldim7_inv1,Recorder-ds3-fulldim7_inv3
OrchestralHarp-f4-fulldim7_inv0,OrchestralHarp-d4-fulldim7_inv1
OrchestralHarp-f4-fulldim7_inv0,OrchestralHarp-gs3-fulldim7_inv3
Harpsichord-c4-fulldim7_inv0,Harpsichord-fs3-fulldim7_inv2
Harpsichord-c4-fulldim7_inv0,Harpsichord-ds3-fulldim7_inv3
Harpsichord-c4-fulldim7_inv0,Harpsichord-a3-fulldim7_inv1
Lead8(bass+lead)-f3-fulldim7_inv1,Lead8(bass+lead)-d3-fulldim7_inv2
Lead8(bass+lead)-f3-fulldim7_inv1,Lead8(bass+lead)-gs3-fulldim7_inv0
Recorder-c3-fulldim7_inv2,Recorder-ds3-fulldim7_inv1
Lead4(chiff)-b3-fulldim7_inv0,Lead4(chiff)-d3-fulldim7_inv3
Lead4(chiff)-b3-fulldim7_inv0,Lead4(chiff)-gs3-fulldim7_inv1
Lead4(chiff)-b3-fulldim7_inv0,Lead4(chiff)-f3-fulldim7_inv2
ChoirAahs-d4-fulldim7_inv1,ChoirAahs-f4-fulldim7_inv0
ChoirAahs-d4-fulldim7_inv1,ChoirAahs-gs3-fulldim7_inv3
ElectricPiano2-a3-fulldim7_inv1,ElectricPiano2-c4-fulldim7_inv0
ElectricPiano2-a3-fulldim7_inv1,ElectricPiano2-fs3-fulldim7_inv2
SynthStrings2-c3-fulldim7_inv2,SynthStrings2-ds3-fulldim7_inv1
SynthStrings2-c3-fulldim7_inv2,SynthStrings2-fs3-fulldim7_inv0
Oboe-e4-fulldim7_inv0,Oboe-cs4-fulldim7_inv1
Oboe-e4-fulldim7_inv0,Oboe-g3-fulldim7_inv3
Oboe-e4-fulldim7_inv0,Oboe-as3-fulldim7_inv2
TremoloStrings-as3-fulldim7_inv1,TremoloStrings-g3-fulldim7_inv2
TremoloStrings-as3-fulldim7_inv1,TremoloStrings-e3-fulldim7_inv3
TremoloStrings-as3-fulldim7_inv1,TremoloStrings-cs4-fulldim7_inv0
ReedOrgan-g3-fulldim7_inv0,ReedOrgan-cs3-fulldim7_inv2
Fiddle-b3-fulldim7_inv0,Fiddle-f3-fulldim7_inv2
Fiddle-b3-fulldim7_inv0,Fiddle-gs3-fulldim7_inv1
Fiddle-b3-fulldim7_inv0,Fiddle-d3-fulldim7_inv3
ElectricBass(finger)-c4-fulldim7_inv1,ElectricBass(finger)-ds4-fulldim7_inv0
ElectricBass(finger)-c4-fulldim7_inv1,ElectricBass(finger)-a3-fulldim7_inv2
Flute-as3-fulldim7_inv1,Flute-e3-fulldim7_inv3
Flute-as3-fulldim7_inv1,Flute-g3-fulldim7_inv2
Flute-as3-fulldim7_inv1,Flute-cs4-fulldim7_inv0
AcousticGrandPiano-g3-fulldim7_inv2,AcousticGrandPiano-as3-fulldim7_inv1
AcousticGrandPiano-g3-fulldim7_inv2,AcousticGrandPiano-cs4-fulldim7_inv0
Contrabass-fs3-fulldim7_inv1,Contrabass-ds3-fulldim7_inv2
Contrabass-fs3-fulldim7_inv1,Contrabass-a3-fulldim7_inv0
Lead4(chiff)-f3-fulldim7_inv3,Lead4(chiff)-b3-fulldim7_inv1
Lead4(chiff)-f3-fulldim7_inv3,Lead4(chiff)-gs3-fulldim7_inv2
Lead4(chiff)-f3-fulldim7_inv3,Lead4(chiff)-d4-fulldim7_inv0
Pad1(newage)-b3-fulldim7_inv0,Pad1(newage)-f3-fulldim7_inv2
Pad1(newage)-b3-fulldim7_inv0,Pad1(newage)-d3-fulldim7_inv3
Pad1(newage)-b3-fulldim7_inv0,Pad1(newage)-gs3-fulldim7_inv1
SynthVoice-ds4-fulldim7_inv0,SynthVoice-a3-fulldim7_inv2
SynthVoice-ds4-fulldim7_inv0,SynthVoice-c4-fulldim7_inv1
TenorSax-cs4-fulldim7_inv1,TenorSax-g3-fulldim7_inv3
TenorSax-cs4-fulldim7_inv1,TenorSax-e4-fulldim7_inv0
TenorSax-cs4-fulldim7_inv1,TenorSax-as3-fulldim7_inv2
Sitar-fs3-fulldim7_inv1,Sitar-c3-fulldim7_inv3
Sitar-fs3-fulldim7_inv1,Sitar-a3-fulldim7_inv0
Sitar-fs3-fulldim7_inv1,Sitar-ds3-fulldim7_inv2
SlapBass2-gs3-fulldim7_inv3,SlapBass2-b3-fulldim7_inv2
SlapBass2-gs3-fulldim7_inv3,SlapBass2-d4-fulldim7_inv1
SlapBass2-gs3-fulldim7_inv3,SlapBass2-f4-fulldim7_inv0
Clarinet-d4-fulldim7_inv0,Clarinet-b3-fulldim7_inv1
Clarinet-d4-fulldim7_inv0,Clarinet-f3-fulldim7_inv3
Clarinet-d4-fulldim7_inv0,Clarinet-gs3-fulldim7_inv2
Cello-g3-fulldim7_inv2,Cello-e3-fulldim7_inv3
Cello-g3-fulldim7_inv2,Cello-cs4-fulldim7_inv0
Cello-g3-fulldim7_inv2,Cello-as3-fulldim7_inv1
ElectricPiano2-a3-fulldim7_inv0,ElectricPiano2-c3-fulldim7_inv3
ElectricPiano2-a3-fulldim7_inv0,ElectricPiano2-fs3-fulldim7_inv1
Lead4(chiff)-c3-fulldim7_inv3,Lead4(chiff)-ds3-fulldim7_inv2
Lead4(chiff)-c3-fulldim7_inv3,Lead4(chiff)-fs3-fulldim7_inv1
Lead4(chiff)-c3-fulldim7_inv3,Lead4(chiff)-a3-fulldim7_inv0
Clavinet-g3-fulldim7_inv0,Clavinet-cs3-fulldim7_inv2
Clavinet-g3-fulldim7_inv0,Clavinet-e3-fulldim7_inv1
Lead8(bass+lead)-ds3-fulldim7_inv2,Lead8(bass+lead)-c3-fulldim7_inv3
Lead8(bass+lead)-ds3-fulldim7_inv2,Lead8(bass+lead)-a3-fulldim7_inv0
Lead8(bass+lead)-ds3-fulldim7_inv2,Lead8(bass+lead)-fs3-fulldim7_inv1
ElectricGuitar(clean)-fs3-fulldim7_inv2,ElectricGuitar(clean)-a3-fulldim7_inv1
ElectricGuitar(clean)-fs3-fulldim7_inv2,ElectricGuitar(clean)-ds3-fulldim7_inv3
Tuba-fs3-fulldim7_inv2,Tuba-a3-fulldim7_inv1
Tuba-fs3-fulldim7_inv2,Tuba-ds3-fulldim7_inv3
Tuba-fs3-fulldim7_inv2,Tuba-c4-fulldim7_inv0
Shanai-cs4-fulldim7_inv1,Shanai-g3-fulldim7_inv3
Shanai-cs4-fulldim7_inv1,Shanai-e4-fulldim7_inv0
Shanai-cs4-fulldim7_inv1,Shanai-as3-fulldim7_inv2
SopranoSax-f3-fulldim7_inv2,SopranoSax-b3-fulldim7_inv0
SopranoSax-f3-fulldim7_inv2,SopranoSax-gs3-fulldim7_inv1
SopranoSax-f3-fulldim7_inv2,SopranoSax-d3-fulldim7_inv3
SlapBass2-b3-fulldim7_inv0,SlapBass2-d3-fulldim7_inv3
SlapBass2-b3-fulldim7_inv0,SlapBass2-gs3-fulldim7_inv1
SlapBass2-b3-fulldim7_inv0,SlapBass2-f3-fulldim7_inv2
ReedOrgan-c4-fulldim7_inv1,ReedOrgan-fs3-fulldim7_inv3
StringEnsemble1-b3-fulldim7_inv2,StringEnsemble1-gs3-fulldim7_inv3
StringEnsemble1-b3-fulldim7_inv2,StringEnsemble1-d4-fulldim7_inv1
SynthBass1-fs3-fulldim7_inv2,SynthBass1-a3-fulldim7_inv1
SynthBass1-fs3-fulldim7_inv2,SynthBass1-c4-fulldim7_inv0
SynthBass1-fs3-fulldim7_inv2,SynthBass1-ds3-fulldim7_inv3
Ocarina-f3-fulldim7_inv1,Ocarina-d3-fulldim7_inv2
Ocarina-f3-fulldim7_inv1,Ocarina-gs3-fulldim7_inv0
Dulcimer-f3-fulldim7_inv3,Dulcimer-d4-fulldim7_inv0
Dulcimer-f3-fulldim7_inv3,Dulcimer-b3-fulldim7_inv1
Dulcimer-f3-fulldim7_inv3,Dulcimer-gs3-fulldim7_inv2
Pad3(polysynth)-fs3-fulldim7_inv1,Pad3(polysynth)-c3-fulldim7_inv3
Pad3(polysynth)-fs3-fulldim7_inv1,Pad3(polysynth)-a3-fulldim7_inv0
Pad3(polysynth)-fs3-fulldim7_inv1,Pad3(polysynth)-ds3-fulldim7_inv2
Viola-a3-fulldim7_inv0,Viola-c3-fulldim7_inv3
Viola-a3-fulldim7_inv0,Viola-ds3-fulldim7_inv2
Viola-a3-fulldim7_inv0,Viola-fs3-fulldim7_inv1
ChurchOrgan-cs3-fulldim7_inv3,ChurchOrgan-g3-fulldim7_inv1
ChurchOrgan-cs3-fulldim7_inv3,ChurchOrgan-e3-fulldim7_inv2
ChurchOrgan-cs3-fulldim7_inv3,ChurchOrgan-as3-fulldim7_inv0
Shamisen-ds4-fulldim7_inv0,Shamisen-a3-fulldim7_inv2
Shamisen-ds4-fulldim7_inv0,Shamisen-c4-fulldim7_inv1
Shamisen-ds4-fulldim7_inv0,Shamisen-fs3-fulldim7_inv3
Contrabass-g3-fulldim7_inv2,Contrabass-e3-fulldim7_inv3
Contrabass-g3-fulldim7_inv2,Contrabass-cs4-fulldim7_inv0
Contrabass-g3-fulldim7_inv2,Contrabass-as3-fulldim7_inv1
Ocarina-as3-fulldim7_inv2,Ocarina-e4-fulldim7_inv0
Ocarina-as3-fulldim7_inv2,Ocarina-cs4-fulldim7_inv1
Ocarina-as3-fulldim7_inv2,Ocarina-g3-fulldim7_inv3
Banjo-g3-fulldim7_inv3,Banjo-e4-fulldim7_inv0
Banjo-g3-fulldim7_inv3,Banjo-as3-fulldim7_inv2
Banjo-g3-fulldim7_inv3,Banjo-cs4-fulldim7_inv1
Pad4(choir)-e3-fulldim7_inv1,Pad4(choir)-g3-fulldim7_inv0
Pad4(choir)-e3-fulldim7_inv1,Pad4(choir)-cs3-fulldim7_inv2
MusicBox-e3-fulldim7_inv3,MusicBox-as3-fulldim7_inv1
MusicBox-e3-fulldim7_inv3,MusicBox-g3-fulldim7_inv2
MusicBox-e3-fulldim7_inv3,MusicBox-cs4-fulldim7_inv0
Lead3(calliope)-e3-fulldim7_inv1,Lead3(calliope)-g3-fulldim7_inv0
Lead3(calliope)-e3-fulldim7_inv1,Lead3(calliope)-cs3-fulldim7_inv2
ElectricGuitar(jazz)-cs3-fulldim7_inv3,ElectricGuitar(jazz)-g3-fulldim7_inv1
ElectricGuitar(jazz)-cs3-fulldim7_inv3,ElectricGuitar(jazz)-e3-fulldim7_inv2
ElectricGuitar(jazz)-cs3-fulldim7_inv3,ElectricGuitar(jazz)-as3-fulldim7_inv0
ChurchOrgan-a3-fulldim7_inv1,ChurchOrgan-fs3-fulldim7_inv2
ChurchOrgan-a3-fulldim7_inv1,ChurchOrgan-ds3-fulldim7_inv3
ChurchOrgan-a3-fulldim7_inv1,ChurchOrgan-c4-fulldim7_inv0
ElectricPiano2-as3-fulldim7_inv0,ElectricPiano2-e3-fulldim7_inv2
ElectricPiano2-as3-fulldim7_inv0,ElectricPiano2-g3-fulldim7_inv1
ElectricPiano2-as3-fulldim7_inv0,ElectricPiano2-cs3-fulldim7_inv3
Fiddle-as3-fulldim7_inv1,Fiddle-g3-fulldim7_inv2
Fiddle-as3-fulldim7_inv1,Fiddle-cs4-fulldim7_inv0
Fiddle-as3-fulldim7_inv1,Fiddle-e3-fulldim7_inv3
Pad7(halo)-ds4-fulldim7_inv0,Pad7(halo)-a3-fulldim7_inv2
Pad7(halo)-ds4-fulldim7_inv0,Pad7(halo)-c4-fulldim7_inv1
Pad7(halo)-ds4-fulldim7_inv0,Pad7(halo)-fs3-fulldim7_inv3
Clarinet-ds3-fulldim7_inv2,Clarinet-c3-fulldim7_inv3
Clarinet-ds3-fulldim7_inv2,Clarinet-a3-fulldim7_inv0
Clarinet-ds3-fulldim7_inv2,Clarinet-fs3-fulldim7_inv1
BrightAcousticPiano-f3-fulldim7_inv2,BrightAcousticPiano-gs3-fulldim7_inv1
BrightAcousticPiano-f3-fulldim7_inv2,BrightAcousticPiano-d3-fulldim7_inv3
PizzicatoStrings-c4-fulldim7_inv0,PizzicatoStrings-a3-fulldim7_inv1
PizzicatoStrings-c4-fulldim7_inv0,PizzicatoStrings-ds3-fulldim7_inv3
PizzicatoStrings-c4-fulldim7_inv0,PizzicatoStrings-fs3-fulldim7_inv2
ElectricBass(pick)-d3-fulldim7_inv3,ElectricBass(pick)-gs3-fulldim7_inv1
ElectricBass(pick)-d3-fulldim7_inv3,ElectricBass(pick)-f3-fulldim7_inv2
ElectricBass(pick)-d3-fulldim7_inv3,ElectricBass(pick)-b3-fulldim7_inv0
ElectricBass(pick)-g3-fulldim7_inv0,ElectricBass(pick)-e3-fulldim7_inv1
Contrabass-f3-fulldim7_inv3,Contrabass-d4-fulldim7_inv0
Contrabass-f3-fulldim7_inv3,Contrabass-b3-fulldim7_inv1
Contrabass-f3-fulldim7_inv3,Contrabass-gs3-fulldim7_inv2
Trumpet-ds3-fulldim7_inv2,Trumpet-fs3-fulldim7_inv1
Trumpet-ds3-fulldim7_inv2,Trumpet-a3-fulldim7_inv0
Trumpet-ds3-fulldim7_inv2,Trumpet-c3-fulldim7_inv3
Trombone-ds3-fulldim7_inv1,Trombone-c3-fulldim7_inv2
Trombone-ds3-fulldim7_inv1,Trombone-fs3-fulldim7_inv0
SlapBass2-e3-fulldim7_inv1,SlapBass2-g3-fulldim7_inv0
SlapBass2-e3-fulldim7_inv1,SlapBass2-cs3-fulldim7_inv2
EnglishHorn-fs3-fulldim7_inv3,EnglishHorn-a3-fulldim7_inv2
EnglishHorn-fs3-fulldim7_inv3,EnglishHorn-c4-fulldim7_inv1
EnglishHorn-fs3-fulldim7_inv3,EnglishHorn-ds4-fulldim7_inv0
SynthVoice-gs3-fulldim7_inv3,SynthVoice-b3-fulldim7_inv2
SynthVoice-gs3-fulldim7_inv3,SynthVoice-d4-fulldim7_inv1
Contrabass-cs4-fulldim7_inv1,Contrabass-g3-fulldim7_inv3
Contrabass-cs4-fulldim7_inv1,Contrabass-e4-fulldim7_inv0
TremoloStrings-c4-fulldim7_inv0,TremoloStrings-fs3-fulldim7_inv2
TremoloStrings-c4-fulldim7_inv0,TremoloStrings-a3-fulldim7_inv1
Recorder-f4-fulldim7_inv0,Recorder-d4-fulldim7_inv1
Recorder-f4-fulldim7_inv0,Recorder-b3-fulldim7_inv2
Recorder-f4-fulldim7_inv0,Recorder-gs3-fulldim7_inv3
AcousticGrandPiano-d4-fulldim7_inv1,AcousticGrandPiano-gs3-fulldim7_inv3
AcousticGrandPiano-d4-fulldim7_inv1,AcousticGrandPiano-b3-fulldim7_inv2
SynthBass2-fs3-fulldim7_inv1,SynthBass2-a3-fulldim7_inv0
SynthBass2-fs3-fulldim7_inv1,SynthBass2-c3-fulldim7_inv3
SynthBass2-fs3-fulldim7_inv1,SynthBass2-ds3-fulldim7_inv2
FrenchHorn-fs3-fulldim7_inv1,FrenchHorn-ds3-fulldim7_inv2
FrenchHorn-fs3-fulldim7_inv1,FrenchHorn-a3-fulldim7_inv0
FrenchHorn-fs3-fulldim7_inv1,FrenchHorn-c3-fulldim7_inv3
StringEnsemble2-as3-fulldim7_inv2,StringEnsemble2-cs4-fulldim7_inv1
StringEnsemble2-as3-fulldim7_inv2,StringEnsemble2-g3-fulldim7_inv3
StringEnsemble2-as3-fulldim7_inv2,StringEnsemble2-e4-fulldim7_inv0
Pad2(warm)-a3-fulldim7_inv0,Pad2(warm)-fs3-fulldim7_inv1
Pad2(warm)-a3-fulldim7_inv0,Pad2(warm)-c3-fulldim7_inv3
Pad2(warm)-a3-fulldim7_inv0,Pad2(warm)-ds3-fulldim7_inv2
EnglishHorn-f3-fulldim7_inv1,EnglishHorn-d3-fulldim7_inv2
EnglishHorn-f3-fulldim7_inv1,EnglishHorn-gs3-fulldim7_inv0
Banjo-fs3-fulldim7_inv0,Banjo-ds3-fulldim7_inv1
Shanai-c4-fulldim7_inv1,Shanai-ds4-fulldim7_inv0
Pad3(polysynth)-e3-fulldim7_inv3,Pad3(polysynth)-cs4-fulldim7_inv0
Pad3(polysynth)-e3-fulldim7_inv3,Pad3(polysynth)-as3-fulldim7_inv1
Pad3(polysynth)-e3-fulldim7_inv3,Pad3(polysynth)-g3-fulldim7_inv2
Pad7(halo)-ds3-fulldim7_inv2,Pad7(halo)-fs3-fulldim7_inv1
Pad7(halo)-ds3-fulldim7_inv2,Pad7(halo)-c3-fulldim7_inv3
PanFlute-b3-fulldim7_inv0,PanFlute-f3-fulldim7_inv2
PanFlute-b3-fulldim7_inv0,PanFlute-d3-fulldim7_inv3
PanFlute-b3-fulldim7_inv0,PanFlute-gs3-fulldim7_inv1
DistortionGuitar-fs3-fulldim7_inv0,DistortionGuitar-c3-fulldim7_inv2
DistortionGuitar-fs3-fulldim7_inv0,DistortionGuitar-ds3-fulldim7_inv1
MusicBox-ds3-fulldim7_inv2,MusicBox-a3-fulldim7_inv0
Lead5(charang)-e4-fulldim7_inv0,Lead5(charang)-g3-fulldim7_inv3
Lead5(charang)-e4-fulldim7_inv0,Lead5(charang)-as3-fulldim7_inv2
Lead5(charang)-e4-fulldim7_inv0,Lead5(charang)-cs4-fulldim7_inv1
Lead8(bass+lead)-d4-fulldim7_inv1,Lead8(bass+lead)-b3-fulldim7_inv2
Lead8(bass+lead)-d4-fulldim7_inv1,Lead8(bass+lead)-gs3-fulldim7_inv3
Lead8(bass+lead)-d4-fulldim7_inv1,Lead8(bass+lead)-f4-fulldim7_inv0
Honky-tonkPiano-gs3-fulldim7_inv2,Honky-tonkPiano-f3-fulldim7_inv3
Honky-tonkPiano-gs3-fulldim7_inv2,Honky-tonkPiano-d4-fulldim7_inv0
Pad7(halo)-ds3-fulldim7_inv3,Pad7(halo)-fs3-fulldim7_inv2
Pad7(halo)-ds3-fulldim7_inv3,Pad7(halo)-c4-fulldim7_inv0
Pad7(halo)-ds3-fulldim7_inv3,Pad7(halo)-a3-fulldim7_inv1
StringEnsemble1-gs3-fulldim7_inv3,StringEnsemble1-d4-fulldim7_inv1
ReedOrgan-g3-fulldim7_inv1,ReedOrgan-cs3-fulldim7_inv3
ReedOrgan-g3-fulldim7_inv1,ReedOrgan-as3-fulldim7_inv0
TenorSax-b3-fulldim7_inv0,TenorSax-f3-fulldim7_inv2
TenorSax-b3-fulldim7_inv0,TenorSax-d3-fulldim7_inv3
Pad1(newage)-a3-fulldim7_inv0,Pad1(newage)-fs3-fulldim7_inv1
Pad1(newage)-a3-fulldim7_inv0,Pad1(newage)-c3-fulldim7_inv3
Pad1(newage)-a3-fulldim7_inv0,Pad1(newage)-ds3-fulldim7_inv2
Pad8(sweep)-cs4-fulldim7_inv0,Pad8(sweep)-as3-fulldim7_inv1
Pad8(sweep)-cs4-fulldim7_inv0,Pad8(sweep)-e3-fulldim7_inv3
Pad8(sweep)-cs4-fulldim7_inv0,Pad8(sweep)-g3-fulldim7_inv2
ElectricPiano1-d4-fulldim7_inv1,ElectricPiano1-f4-fulldim7_inv0
ElectricPiano1-d4-fulldim7_inv1,ElectricPiano1-b3-fulldim7_inv2
Bagpipe-c3-fulldim7_inv3,Bagpipe-ds3-fulldim7_inv2
Bagpipe-c3-fulldim7_inv3,Bagpipe-a3-fulldim7_inv0
TremoloStrings-gs3-fulldim7_inv2,TremoloStrings-d4-fulldim7_inv0
TremoloStrings-gs3-fulldim7_inv2,TremoloStrings-f3-fulldim7_inv3
TremoloStrings-gs3-fulldim7_inv2,TremoloStrings-b3-fulldim7_inv1
MusicBox-gs3-fulldim7_inv1,MusicBox-b3-fulldim7_inv0
MusicBox-gs3-fulldim7_inv1,MusicBox-d3-fulldim7_inv3
Sitar-cs3-fulldim7_inv3,Sitar-e3-fulldim7_inv2
Sitar-cs3-fulldim7_inv3,Sitar-as3-fulldim7_inv0
Sitar-cs3-fulldim7_inv3,Sitar-g3-fulldim7_inv1
SlapBass2-g3-fulldim7_inv1,SlapBass2-cs3-fulldim7_inv3
SlapBass2-g3-fulldim7_inv1,SlapBass2-as3-fulldim7_inv0
Clarinet-ds3-fulldim7_inv1,Clarinet-c3-fulldim7_inv2
Clarinet-ds3-fulldim7_inv1,Clarinet-fs3-fulldim7_inv0
ChoirAahs-b3-fulldim7_inv0,ChoirAahs-gs3-fulldim7_inv1
ChoirAahs-b3-fulldim7_inv0,ChoirAahs-d3-fulldim7_inv3
ChoirAahs-b3-fulldim7_inv0,ChoirAahs-f3-fulldim7_inv2
ChurchOrgan-c3-fulldim7_inv2,ChurchOrgan-ds3-fulldim7_inv1
ChurchOrgan-c3-fulldim7_inv2,ChurchOrgan-fs3-fulldim7_inv0
AltoSax-gs3-fulldim7_inv3,AltoSax-d4-fulldim7_inv1
AltoSax-gs3-fulldim7_inv3,AltoSax-f4-fulldim7_inv0
AltoSax-gs3-fulldim7_inv3,AltoSax-b3-fulldim7_inv2
Clarinet-gs3-fulldim7_inv1,Clarinet-b3-fulldim7_inv0
Clarinet-gs3-fulldim7_inv1,Clarinet-f3-fulldim7_inv2
Clarinet-gs3-fulldim7_inv1,Clarinet-d3-fulldim7_inv3
Kalimba-as3-fulldim7_inv1,Kalimba-cs4-fulldim7_inv0
Kalimba-as3-fulldim7_inv1,Kalimba-g3-fulldim7_inv2
Kalimba-as3-fulldim7_inv1,Kalimba-e3-fulldim7_inv3
ElectricGuitar(clean)-ds3-fulldim7_inv2,ElectricGuitar(clean)-a3-fulldim7_inv0
ElectricGuitar(clean)-ds3-fulldim7_inv2,ElectricGuitar(clean)-c3-fulldim7_inv3
ElectricGuitar(clean)-ds3-fulldim7_inv2,ElectricGuitar(clean)-fs3-fulldim7_inv1
SynthBass2-a3-fulldim7_inv1,SynthBass2-ds3-fulldim7_inv3
SynthBass2-a3-fulldim7_inv1,SynthBass2-fs3-fulldim7_inv2
SynthBass2-a3-fulldim7_inv1,SynthBass2-c4-fulldim7_inv0
Pad3(polysynth)-ds3-fulldim7_inv1,Pad3(polysynth)-c3-fulldim7_inv2
Pad3(polysynth)-ds3-fulldim7_inv1,Pad3(polysynth)-fs3-fulldim7_inv0
ElectricGuitar(clean)-fs3-fulldim7_inv0,ElectricGuitar(clean)-ds3-fulldim7_inv1
DrawbarOrgan-ds3-fulldim7_inv3,DrawbarOrgan-c4-fulldim7_inv0
DrawbarOrgan-ds3-fulldim7_inv3,DrawbarOrgan-a3-fulldim7_inv1
DrawbarOrgan-ds3-fulldim7_inv3,DrawbarOrgan-fs3-fulldim7_inv2
Violin-f3-fulldim7_inv3,Violin-b3-fulldim7_inv1
Violin-f3-fulldim7_inv3,Violin-gs3-fulldim7_inv2
Recorder-f3-fulldim7_inv1,Recorder-gs3-fulldim7_inv0
Recorder-f3-fulldim7_inv1,Recorder-d3-fulldim7_inv2
Clavinet-cs3-fulldim7_inv2,Clavinet-e3-fulldim7_inv1
ElectricBass(finger)-c3-fulldim7_inv2,ElectricBass(finger)-fs3-fulldim7_inv0
ElectricBass(finger)-c3-fulldim7_inv2,ElectricBass(finger)-ds3-fulldim7_inv1
Trombone-c4-fulldim7_inv1,Trombone-a3-fulldim7_inv2
Trombone-c4-fulldim7_inv1,Trombone-fs3-fulldim7_inv3
SynthVoice-b3-fulldim7_inv2,SynthVoice-d4-fulldim7_inv1
Kalimba-cs4-fulldim7_inv0,Kalimba-g3-fulldim7_inv2
Kalimba-cs4-fulldim7_inv0,Kalimba-e3-fulldim7_inv3
Honky-tonkPiano-g3-fulldim7_inv2,Honky-tonkPiano-e3-fulldim7_inv3
Honky-tonkPiano-g3-fulldim7_inv2,Honky-tonkPiano-cs4-fulldim7_inv0
Honky-tonkPiano-g3-fulldim7_inv2,Honky-tonkPiano-as3-fulldim7_inv1
DistortionGuitar-as3-fulldim7_inv1,DistortionGuitar-e3-fulldim7_inv3
DistortionGuitar-as3-fulldim7_inv1,DistortionGuitar-cs4-fulldim7_inv0
DistortionGuitar-as3-fulldim7_inv1,DistortionGuitar-g3-fulldim7_inv2
SynthStrings2-d3-fulldim7_inv2,SynthStrings2-gs3-fulldim7_inv0
SynthStrings2-d3-fulldim7_inv2,SynthStrings2-f3-fulldim7_inv1
SynthStrings2-gs3-fulldim7_inv3,SynthStrings2-d4-fulldim7_inv1
SynthStrings2-gs3-fulldim7_inv3,SynthStrings2-f4-fulldim7_inv0
Clarinet-c3-fulldim7_inv2,Clarinet-fs3-fulldim7_inv0
Oboe-gs3-fulldim7_inv2,Oboe-f3-fulldim7_inv3
Oboe-gs3-fulldim7_inv2,Oboe-d4-fulldim7_inv0
Oboe-gs3-fulldim7_inv2,Oboe-b3-fulldim7_inv1
SynthStrings1-g3-fulldim7_inv0,SynthStrings1-cs3-fulldim7_inv2
SynthStrings1-g3-fulldim7_inv0,SynthStrings1-e3-fulldim7_inv1
Shanai-e3-fulldim7_inv1,Shanai-cs3-fulldim7_inv2
Shanai-e3-fulldim7_inv1,Shanai-g3-fulldim7_inv0
Trombone-b3-fulldim7_inv1,Trombone-f3-fulldim7_inv3
Trombone-b3-fulldim7_inv1,Trombone-gs3-fulldim7_inv2
Trombone-b3-fulldim7_inv1,Trombone-d4-fulldim7_inv0
VoiceOohs-b3-fulldim7_inv2,VoiceOohs-d4-fulldim7_inv1
VoiceOohs-b3-fulldim7_inv2,VoiceOohs-f4-fulldim7_inv0
VoiceOohs-b3-fulldim7_inv2,VoiceOohs-gs3-fulldim7_inv3
Honky-tonkPiano-ds3-fulldim7_inv3,Honky-tonkPiano-c4-fulldim7_inv0
Honky-tonkPiano-ds3-fulldim7_inv3,Honky-tonkPiano-fs3-fulldim7_inv2
Pad8(sweep)-ds4-fulldim7_inv0,Pad8(sweep)-c4-fulldim7_inv1
Pad8(sweep)-ds4-fulldim7_inv0,Pad8(sweep)-fs3-fulldim7_inv3
Pad8(sweep)-ds4-fulldim7_inv0,Pad8(sweep)-a3-fulldim7_inv2
BrassSection-e3-fulldim7_inv2,BrassSection-cs3-fulldim7_inv3
RockOrgan-as3-fulldim7_inv2,RockOrgan-cs4-fulldim7_inv1
RockOrgan-as3-fulldim7_inv2,RockOrgan-g3-fulldim7_inv3
Pad8(sweep)-cs4-fulldim7_inv1,Pad8(sweep)-as3-fulldim7_inv2
Pad8(sweep)-cs4-fulldim7_inv1,Pad8(sweep)-e4-fulldim7_inv0
Pad8(sweep)-cs4-fulldim7_inv1,Pad8(sweep)-g3-fulldim7_inv3
Marimba-g3-fulldim7_inv1,Marimba-as3-fulldim7_inv0
Marimba-g3-fulldim7_inv1,Marimba-e3-fulldim7_inv2
Marimba-g3-fulldim7_inv1,Marimba-cs3-fulldim7_inv3
Clavinet-f3-fulldim7_inv3,Clavinet-d4-fulldim7_inv0
Clavinet-f3-fulldim7_inv3,Clavinet-gs3-fulldim7_inv2
Sitar-c3-fulldim7_inv3,Sitar-a3-fulldim7_inv0
Sitar-c3-fulldim7_inv3,Sitar-ds3-fulldim7_inv2
Pad1(newage)-fs3-fulldim7_inv3,Pad1(newage)-c4-fulldim7_inv1
Pad1(newage)-fs3-fulldim7_inv3,Pad1(newage)-a3-fulldim7_inv2
Pad1(newage)-fs3-fulldim7_inv3,Pad1(newage)-ds4-fulldim7_inv0
AcousticGrandPiano-b3-fulldim7_inv0,AcousticGrandPiano-d3-fulldim7_inv3
AcousticGrandPiano-b3-fulldim7_inv0,AcousticGrandPiano-gs3-fulldim7_inv1
AcousticGrandPiano-b3-fulldim7_inv0,AcousticGrandPiano-f3-fulldim7_inv2
StringEnsemble1-fs3-fulldim7_inv0,StringEnsemble1-ds3-fulldim7_inv1
StringEnsemble1-fs3-fulldim7_inv0,StringEnsemble1-c3-fulldim7_inv2
Clarinet-e4-fulldim7_inv0,Clarinet-cs4-fulldim7_inv1
Clarinet-e4-fulldim7_inv0,Clarinet-as3-fulldim7_inv2
Clarinet-e4-fulldim7_inv0,Clarinet-g3-fulldim7_inv3
Pad6(metallic)-d4-fulldim7_inv0,Pad6(metallic)-gs3-fulldim7_inv2
Pad6(metallic)-d4-fulldim7_inv0,Pad6(metallic)-b3-fulldim7_inv1
Pad6(metallic)-d4-fulldim7_inv0,Pad6(metallic)-f3-fulldim7_inv3
Lead5(charang)-g3-fulldim7_inv3,Lead5(charang)-as3-fulldim7_inv2
Lead5(charang)-g3-fulldim7_inv3,Lead5(charang)-cs4-fulldim7_inv1
MusicBox-f4-fulldim7_inv0,MusicBox-gs3-fulldim7_inv3
MusicBox-f4-fulldim7_inv0,MusicBox-d4-fulldim7_inv1
MusicBox-f4-fulldim7_inv0,MusicBox-b3-fulldim7_inv2
Shamisen-ds3-fulldim7_inv2,Shamisen-c3-fulldim7_inv3
Shamisen-ds3-fulldim7_inv2,Shamisen-a3-fulldim7_inv0
Shamisen-ds3-fulldim7_inv2,Shamisen-fs3-fulldim7_inv1
PercussiveOrgan-e4-fulldim7_inv0,PercussiveOrgan-as3-fulldim7_inv2
PercussiveOrgan-e4-fulldim7_inv0,PercussiveOrgan-cs4-fulldim7_inv1
PercussiveOrgan-e4-fulldim7_inv0,PercussiveOrgan-g3-fulldim7_inv3
VoiceOohs-c4-fulldim7_inv1,VoiceOohs-fs3-fulldim7_inv3
VoiceOohs-c4-fulldim7_inv1,VoiceOohs-ds4-fulldim7_inv0
Honky-tonkPiano-cs4-fulldim7_inv1,Honky-tonkPiano-e4-fulldim7_inv0
Pad7(halo)-f3-fulldim7_inv2,Pad7(halo)-d3-fulldim7_inv3
Pad7(halo)-f3-fulldim7_inv2,Pad7(halo)-b3-fulldim7_inv0
Pad7(halo)-f3-fulldim7_inv2,Pad7(halo)-gs3-fulldim7_inv1
ElectricGrandPiano-f4-fulldim7_inv0,ElectricGrandPiano-b3-fulldim7_inv2
ElectricGrandPiano-f4-fulldim7_inv0,ElectricGrandPiano-gs3-fulldim7_inv3
ElectricGrandPiano-f4-fulldim7_inv0,ElectricGrandPiano-d4-fulldim7_inv1
OverdrivenGuitar-f3-fulldim7_inv1,OverdrivenGuitar-d3-fulldim7_inv2
OverdrivenGuitar-f3-fulldim7_inv1,OverdrivenGuitar-gs3-fulldim7_inv0
Pad1(newage)-as3-fulldim7_inv1,Pad1(newage)-cs4-fulldim7_inv0
Pad1(newage)-as3-fulldim7_inv1,Pad1(newage)-e3-fulldim7_inv3
Pad1(newage)-as3-fulldim7_inv1,Pad1(newage)-g3-fulldim7_inv2
Cello-cs3-fulldim7_inv3,Cello-as3-fulldim7_inv0
Cello-cs3-fulldim7_inv3,Cello-g3-fulldim7_inv1
Cello-cs3-fulldim7_inv3,Cello-e3-fulldim7_inv2
MusicBox-a3-fulldim7_inv2,MusicBox-fs3-fulldim7_inv3
MusicBox-a3-fulldim7_inv2,MusicBox-ds4-fulldim7_inv0
MusicBox-a3-fulldim7_inv2,MusicBox-c4-fulldim7_inv1
ElectricGuitar(jazz)-f3-fulldim7_inv2,ElectricGuitar(jazz)-gs3-fulldim7_inv1
ElectricGuitar(jazz)-f3-fulldim7_inv2,ElectricGuitar(jazz)-d3-fulldim7_inv3
Lead8(bass+lead)-e3-fulldim7_inv3,Lead8(bass+lead)-cs4-fulldim7_inv0
Lead8(bass+lead)-e3-fulldim7_inv3,Lead8(bass+lead)-g3-fulldim7_inv2
SlapBass1-gs3-fulldim7_inv2,SlapBass1-f3-fulldim7_inv3
SlapBass1-gs3-fulldim7_inv2,SlapBass1-d4-fulldim7_inv0
Pad5(bowed)-gs3-fulldim7_inv0,Pad5(bowed)-d3-fulldim7_inv2
Pad5(bowed)-gs3-fulldim7_inv0,Pad5(bowed)-f3-fulldim7_inv1
SynthBrass2-e4-fulldim7_inv0,SynthBrass2-cs4-fulldim7_inv1
SynthBrass2-e4-fulldim7_inv0,SynthBrass2-as3-fulldim7_inv2
SynthBrass2-e4-fulldim7_inv0,SynthBrass2-g3-fulldim7_inv3
Lead8(bass+lead)-b3-fulldim7_inv1,Lead8(bass+lead)-gs3-fulldim7_inv2
Lead8(bass+lead)-b3-fulldim7_inv1,Lead8(bass+lead)-f3-fulldim7_inv3
Lead8(bass+lead)-b3-fulldim7_inv1,Lead8(bass+lead)-d4-fulldim7_inv0
Marimba-c4-fulldim7_inv0,Marimba-fs3-fulldim7_inv2
Marimba-c4-fulldim7_inv0,Marimba-a3-fulldim7_inv1
Marimba-c4-fulldim7_inv0,Marimba-ds3-fulldim7_inv3
SynthStrings2-g3-fulldim7_inv3,SynthStrings2-cs4-fulldim7_inv1
SynthStrings2-g3-fulldim7_inv3,SynthStrings2-as3-fulldim7_inv2
SynthStrings2-g3-fulldim7_inv3,SynthStrings2-e4-fulldim7_inv0
Pad7(halo)-fs3-fulldim7_inv0,Pad7(halo)-ds3-fulldim7_inv1
ElectricGuitar(muted)-f3-fulldim7_inv1,ElectricGuitar(muted)-gs3-fulldim7_inv0
ElectricGuitar(muted)-f3-fulldim7_inv1,ElectricGuitar(muted)-d3-fulldim7_inv2
Ocarina-f4-fulldim7_inv0,Ocarina-d4-fulldim7_inv1
Ocarina-f4-fulldim7_inv0,Ocarina-b3-fulldim7_inv2
Ocarina-f4-fulldim7_inv0,Ocarina-gs3-fulldim7_inv3
StringEnsemble1-gs3-fulldim7_inv2,StringEnsemble1-d4-fulldim7_inv0
StringEnsemble1-gs3-fulldim7_inv2,StringEnsemble1-b3-fulldim7_inv1
StringEnsemble1-gs3-fulldim7_inv2,StringEnsemble1-f3-fulldim7_inv3
Trumpet-c3-fulldim7_inv2,Trumpet-ds3-fulldim7_inv1
Trumpet-c3-fulldim7_inv2,Trumpet-fs3-fulldim7_inv0
Pad5(bowed)-as3-fulldim7_inv0,Pad5(bowed)-e3-fulldim7_inv2
Pad5(bowed)-as3-fulldim7_inv0,Pad5(bowed)-cs3-fulldim7_inv3
Pad5(bowed)-as3-fulldim7_inv0,Pad5(bowed)-g3-fulldim7_inv1
Pad2(warm)-a3-fulldim7_inv1,Pad2(warm)-fs3-fulldim7_inv2
Pad2(warm)-a3-fulldim7_inv1,Pad2(warm)-ds3-fulldim7_inv3
Pad2(warm)-a3-fulldim7_inv1,Pad2(warm)-c4-fulldim7_inv0
Clarinet-e3-fulldim7_inv3,Clarinet-cs4-fulldim7_inv0
Clarinet-e3-fulldim7_inv3,Clarinet-as3-fulldim7_inv1
Clarinet-e3-fulldim7_inv3,Clarinet-g3-fulldim7_inv2
AltoSax-g3-fulldim7_inv1,AltoSax-cs3-fulldim7_inv3
AltoSax-g3-fulldim7_inv1,AltoSax-e3-fulldim7_inv2
AltoSax-g3-fulldim7_inv1,AltoSax-as3-fulldim7_inv0
Shamisen-as3-fulldim7_inv0,Shamisen-cs3-fulldim7_inv3
Shamisen-as3-fulldim7_inv0,Shamisen-g3-fulldim7_inv1
Honky-tonkPiano-gs3-fulldim7_inv1,Honky-tonkPiano-f3-fulldim7_inv2
Honky-tonkPiano-gs3-fulldim7_inv1,Honky-tonkPiano-d3-fulldim7_inv3
Honky-tonkPiano-gs3-fulldim7_inv1,Honky-tonkPiano-b3-fulldim7_inv0
TenorSax-e3-fulldim7_inv2,TenorSax-as3-fulldim7_inv0
TenorSax-e3-fulldim7_inv2,TenorSax-cs3-fulldim7_inv3
Pad6(metallic)-fs3-fulldim7_inv2,Pad6(metallic)-ds3-fulldim7_inv3
Pad6(metallic)-fs3-fulldim7_inv2,Pad6(metallic)-a3-fulldim7_inv1
Pad6(metallic)-fs3-fulldim7_inv2,Pad6(metallic)-c4-fulldim7_inv0
Sitar-e3-fulldim7_inv3,Sitar-as3-fulldim7_inv1
Sitar-e3-fulldim7_inv3,Sitar-cs4-fulldim7_inv0
Sitar-e3-fulldim7_inv3,Sitar-g3-fulldim7_inv2
ElectricPiano1-b3-fulldim7_inv0,ElectricPiano1-gs3-fulldim7_inv1
ElectricPiano1-b3-fulldim7_inv0,ElectricPiano1-d3-fulldim7_inv3
ElectricPiano1-b3-fulldim7_inv0,ElectricPiano1-f3-fulldim7_inv2
VoiceOohs-g3-fulldim7_inv0,VoiceOohs-cs3-fulldim7_inv2
Pad3(polysynth)-c4-fulldim7_inv1,Pad3(polysynth)-a3-fulldim7_inv2
Pad3(polysynth)-c4-fulldim7_inv1,Pad3(polysynth)-ds4-fulldim7_inv0
ElectricGuitar(jazz)-gs3-fulldim7_inv2,ElectricGuitar(jazz)-d4-fulldim7_inv0
ElectricGuitar(jazz)-gs3-fulldim7_inv2,ElectricGuitar(jazz)-f3-fulldim7_inv3
ElectricPiano1-c3-fulldim7_inv2,ElectricPiano1-ds3-fulldim7_inv1
ElectricPiano1-c3-fulldim7_inv2,ElectricPiano1-fs3-fulldim7_inv0
Lead5(charang)-c4-fulldim7_inv0,Lead5(charang)-fs3-fulldim7_inv2
Lead5(charang)-c4-fulldim7_inv0,Lead5(charang)-a3-fulldim7_inv1
Lead5(charang)-c4-fulldim7_inv0,Lead5(charang)-ds3-fulldim7_inv3
Ocarina-g3-fulldim7_inv1,Ocarina-e3-fulldim7_inv2
Ocarina-g3-fulldim7_inv1,Ocarina-as3-fulldim7_inv0
Ocarina-g3-fulldim7_inv1,Ocarina-cs3-fulldim7_inv3
Ocarina-b3-fulldim7_inv1,Ocarina-f3-fulldim7_inv3
Ocarina-b3-fulldim7_inv1,Ocarina-d4-fulldim7_inv0
Ocarina-b3-fulldim7_inv1,Ocarina-gs3-fulldim7_inv2
ElectricBass(pick)-a3-fulldim7_inv0,ElectricBass(pick)-ds3-fulldim7_inv2
BrightAcousticPiano-ds3-fulldim7_inv3,BrightAcousticPiano-c4-fulldim7_inv0
BrightAcousticPiano-ds3-fulldim7_inv3,BrightAcousticPiano-a3-fulldim7_inv1
Violin-b3-fulldim7_inv1,Violin-gs3-fulldim7_inv2
Pad5(bowed)-e3-fulldim7_inv2,Pad5(bowed)-cs3-fulldim7_inv3
Pad5(bowed)-e3-fulldim7_inv2,Pad5(bowed)-g3-fulldim7_inv1
PercussiveOrgan-b3-fulldim7_inv2,PercussiveOrgan-f4-fulldim7_inv0
PercussiveOrgan-b3-fulldim7_inv2,PercussiveOrgan-gs3-fulldim7_inv3
PercussiveOrgan-b3-fulldim7_inv2,PercussiveOrgan-d4-fulldim7_inv1
Violin-a3-fulldim7_inv1,Violin-ds3-fulldim7_inv3
Violin-a3-fulldim7_inv1,Violin-c4-fulldim7_inv0
Trombone-c3-fulldim7_inv2,Trombone-fs3-fulldim7_inv0
AcousticGuitar(nylon)-b3-fulldim7_inv0,AcousticGuitar(nylon)-gs3-fulldim7_inv1
AcousticGuitar(nylon)-b3-fulldim7_inv0,AcousticGuitar(nylon)-d3-fulldim7_inv3
AcousticGuitar(nylon)-b3-fulldim7_inv0,AcousticGuitar(nylon)-f3-fulldim7_inv2
Ocarina-e4-fulldim7_inv0,Ocarina-cs4-fulldim7_inv1
Ocarina-e4-fulldim7_inv0,Ocarina-g3-fulldim7_inv3
Sitar-d3-fulldim7_inv2,Sitar-f3-fulldim7_inv1
AcousticGrandPiano-fs3-fulldim7_inv3,AcousticGrandPiano-ds4-fulldim7_inv0
AcousticGrandPiano-fs3-fulldim7_inv3,AcousticGrandPiano-a3-fulldim7_inv2
AcousticGrandPiano-fs3-fulldim7_inv3,AcousticGrandPiano-c4-fulldim7_inv1
AcousticGuitar(steel)-f3-fulldim7_inv1,AcousticGuitar(steel)-d3-fulldim7_inv2
AcousticGuitar(steel)-f3-fulldim7_inv1,AcousticGuitar(steel)-gs3-fulldim7_inv0
Trumpet-gs3-fulldim7_inv2,Trumpet-f3-fulldim7_inv3
Trumpet-gs3-fulldim7_inv2,Trumpet-d4-fulldim7_inv0
ReedOrgan-c4-fulldim7_inv0,ReedOrgan-ds3-fulldim7_inv3
ReedOrgan-c4-fulldim7_inv0,ReedOrgan-fs3-fulldim7_inv2
ElectricBass(pick)-c4-fulldim7_inv0,ElectricBass(pick)-ds3-fulldim7_inv3
ElectricBass(pick)-c4-fulldim7_inv0,ElectricBass(pick)-a3-fulldim7_inv1
SynthStrings1-gs3-fulldim7_inv1,SynthStrings1-f3-fulldim7_inv2
SynthStrings1-gs3-fulldim7_inv1,SynthStrings1-d3-fulldim7_inv3
SynthStrings1-e4-fulldim7_inv0,SynthStrings1-g3-fulldim7_inv3
SynthStrings1-e4-fulldim7_inv0,SynthStrings1-as3-fulldim7_inv2
ElectricGuitar(muted)-fs3-fulldim7_inv3,ElectricGuitar(muted)-c4-fulldim7_inv1
ElectricGuitar(muted)-fs3-fulldim7_inv3,ElectricGuitar(muted)-ds4-fulldim7_inv0
ElectricGuitar(muted)-fs3-fulldim7_inv3,ElectricGuitar(muted)-a3-fulldim7_inv2
ChoirAahs-a3-fulldim7_inv0,ChoirAahs-ds3-fulldim7_inv2
ChoirAahs-a3-fulldim7_inv0,ChoirAahs-c3-fulldim7_inv3
ChoirAahs-a3-fulldim7_inv0,ChoirAahs-fs3-fulldim7_inv1
ElectricGuitar(muted)-c4-fulldim7_inv1,ElectricGuitar(muted)-ds4-fulldim7_inv0
ElectricGuitar(muted)-c4-fulldim7_inv1,ElectricGuitar(muted)-a3-fulldim7_inv2
Pad1(newage)-as3-fulldim7_inv2,Pad1(newage)-e4-fulldim7_inv0
Pad1(newage)-as3-fulldim7_inv2,Pad1(newage)-cs4-fulldim7_inv1
Pad1(newage)-as3-fulldim7_inv2,Pad1(newage)-g3-fulldim7_inv3
ElectricBass(finger)-b3-fulldim7_inv1,ElectricBass(finger)-f3-fulldim7_inv3
ElectricBass(finger)-b3-fulldim7_inv1,ElectricBass(finger)-gs3-fulldim7_inv2
ElectricBass(finger)-b3-fulldim7_inv1,ElectricBass(finger)-d4-fulldim7_inv0
ReedOrgan-e3-fulldim7_inv3,ReedOrgan-g3-fulldim7_inv2
ReedOrgan-e3-fulldim7_inv3,ReedOrgan-as3-fulldim7_inv1
ReedOrgan-e3-fulldim7_inv3,ReedOrgan-cs4-fulldim7_inv0
ElectricGuitar(jazz)-gs3-fulldim7_inv0,ElectricGuitar(jazz)-d3-fulldim7_inv2
ElectricGuitar(jazz)-gs3-fulldim7_inv0,ElectricGuitar(jazz)-f3-fulldim7_inv1
Lead1(square)-gs3-fulldim7_inv1,Lead1(square)-d3-fulldim7_inv3
Lead1(square)-gs3-fulldim7_inv1,Lead1(square)-b3-fulldim7_inv0
TremoloStrings-c4-fulldim7_inv1,TremoloStrings-ds4-fulldim7_inv0
TremoloStrings-c4-fulldim7_inv1,TremoloStrings-fs3-fulldim7_inv3
TremoloStrings-c4-fulldim7_inv1,TremoloStrings-a3-fulldim7_inv2
StringEnsemble1-as3-fulldim7_inv0,StringEnsemble1-cs3-fulldim7_inv3
StringEnsemble1-as3-fulldim7_inv0,StringEnsemble1-g3-fulldim7_inv1
StringEnsemble1-as3-fulldim7_inv0,StringEnsemble1-e3-fulldim7_inv2
AltoSax-e3-fulldim7_inv3,AltoSax-as3-fulldim7_inv1
AltoSax-e3-fulldim7_inv3,AltoSax-cs4-fulldim7_inv0
AltoSax-e3-fulldim7_inv3,AltoSax-g3-fulldim7_inv2
Bagpipe-ds3-fulldim7_inv2,Bagpipe-a3-fulldim7_inv0
Oboe-b3-fulldim7_inv2,Oboe-d4-fulldim7_inv1
Oboe-b3-fulldim7_inv2,Oboe-gs3-fulldim7_inv3
Oboe-b3-fulldim7_inv2,Oboe-f4-fulldim7_inv0
FrenchHorn-e3-fulldim7_inv3,FrenchHorn-cs4-fulldim7_inv0
FrenchHorn-e3-fulldim7_inv3,FrenchHorn-g3-fulldim7_inv2
FrenchHorn-e3-fulldim7_inv3,FrenchHorn-as3-fulldim7_inv1
TenorSax-ds3-fulldim7_inv2,TenorSax-a3-fulldim7_inv0
TenorSax-ds3-fulldim7_inv2,TenorSax-c3-fulldim7_inv3
Lead5(charang)-gs3-fulldim7_inv0,Lead5(charang)-f3-fulldim7_inv1
BaritoneSax-fs3-fulldim7_inv0,BaritoneSax-c3-fulldim7_inv2
BaritoneSax-fs3-fulldim7_inv0,BaritoneSax-ds3-fulldim7_inv1
OverdrivenGuitar-e3-fulldim7_inv3,OverdrivenGuitar-cs4-fulldim7_inv0
OverdrivenGuitar-e3-fulldim7_inv3,OverdrivenGuitar-g3-fulldim7_inv2
Sitar-d4-fulldim7_inv0,Sitar-gs3-fulldim7_inv2
Sitar-d4-fulldim7_inv0,Sitar-f3-fulldim7_inv3
Sitar-ds4-fulldim7_inv0,Sitar-c4-fulldim7_inv1
Sitar-ds4-fulldim7_inv0,Sitar-fs3-fulldim7_inv3
Sitar-gs3-fulldim7_inv3,Sitar-d4-fulldim7_inv1
Sitar-gs3-fulldim7_inv3,Sitar-b3-fulldim7_inv2
Sitar-gs3-fulldim7_inv3,Sitar-f4-fulldim7_inv0
SynthBrass1-as3-fulldim7_inv0,SynthBrass1-cs3-fulldim7_inv3
SynthBrass1-as3-fulldim7_inv0,SynthBrass1-g3-fulldim7_inv1
SynthBrass1-as3-fulldim7_inv0,SynthBrass1-e3-fulldim7_inv2
OverdrivenGuitar-ds4-fulldim7_inv0,OverdrivenGuitar-c4-fulldim7_inv1
OverdrivenGuitar-ds4-fulldim7_inv0,OverdrivenGuitar-a3-fulldim7_inv2
OverdrivenGuitar-ds4-fulldim7_inv0,OverdrivenGuitar-fs3-fulldim7_inv3
VoiceOohs-c4-fulldim7_inv0,VoiceOohs-a3-fulldim7_inv1
VoiceOohs-c4-fulldim7_inv0,VoiceOohs-fs3-fulldim7_inv2
VoiceOohs-c4-fulldim7_inv0,VoiceOohs-ds3-fulldim7_inv3
Shanai-cs3-fulldim7_inv3,Shanai-e3-fulldim7_inv2
Shanai-cs3-fulldim7_inv3,Shanai-as3-fulldim7_inv0
OverdrivenGuitar-e3-fulldim7_inv2,OverdrivenGuitar-cs3-fulldim7_inv3
OverdrivenGuitar-e3-fulldim7_inv2,OverdrivenGuitar-g3-fulldim7_inv1
OverdrivenGuitar-e3-fulldim7_inv2,OverdrivenGuitar-as3-fulldim7_inv0
Flute-as3-fulldim7_inv2,Flute-g3-fulldim7_inv3
Flute-as3-fulldim7_inv2,Flute-cs4-fulldim7_inv1
Flute-as3-fulldim7_inv2,Flute-e4-fulldim7_inv0
AcousticGrandPiano-e3-fulldim7_inv2,AcousticGrandPiano-cs3-fulldim7_inv3
AcousticGrandPiano-e3-fulldim7_inv2,AcousticGrandPiano-g3-fulldim7_inv1
AcousticGrandPiano-e3-fulldim7_inv2,AcousticGrandPiano-as3-fulldim7_inv0
StringEnsemble2-a3-fulldim7_inv0,StringEnsemble2-c3-fulldim7_inv3
StringEnsemble2-a3-fulldim7_inv0,StringEnsemble2-ds3-fulldim7_inv2
StringEnsemble2-a3-fulldim7_inv0,StringEnsemble2-fs3-fulldim7_inv1
EnglishHorn-gs3-fulldim7_inv3,EnglishHorn-d4-fulldim7_inv1
EnglishHorn-gs3-fulldim7_inv3,EnglishHorn-b3-fulldim7_inv2
EnglishHorn-gs3-fulldim7_inv3,EnglishHorn-f4-fulldim7_inv0
SynthStrings2-ds3-fulldim7_inv1,SynthStrings2-fs3-fulldim7_inv0
StringEnsemble2-a3-fulldim7_inv2,StringEnsemble2-ds4-fulldim7_inv0
Sitar-cs4-fulldim7_inv1,Sitar-g3-fulldim7_inv3
Sitar-cs4-fulldim7_inv1,Sitar-as3-fulldim7_inv2
Trumpet-fs3-fulldim7_inv2,Trumpet-ds3-fulldim7_inv3
Trumpet-fs3-fulldim7_inv2,Trumpet-a3-fulldim7_inv1
AcousticGrandPiano-ds4-fulldim7_inv0,AcousticGrandPiano-a3-fulldim7_inv2
AcousticGrandPiano-ds4-fulldim7_inv0,AcousticGrandPiano-c4-fulldim7_inv1
PanFlute-e3-fulldim7_inv1,PanFlute-cs3-fulldim7_inv2
SynthVoice-a3-fulldim7_inv2,SynthVoice-c4-fulldim7_inv1
Lead1(square)-fs3-fulldim7_inv0,Lead1(square)-c3-fulldim7_inv2
Lead1(square)-fs3-fulldim7_inv0,Lead1(square)-ds3-fulldim7_inv1
Shanai-d4-fulldim7_inv0,Shanai-b3-fulldim7_inv1
Shanai-d4-fulldim7_inv0,Shanai-f3-fulldim7_inv3
FrenchHorn-cs4-fulldim7_inv1,FrenchHorn-e4-fulldim7_inv0
FrenchHorn-cs4-fulldim7_inv1,FrenchHorn-g3-fulldim7_inv3
Pad7(halo)-g3-fulldim7_inv1,Pad7(halo)-cs3-fulldim7_inv3
Pad7(halo)-g3-fulldim7_inv1,Pad7(halo)-e3-fulldim7_inv2
Pad7(halo)-g3-fulldim7_inv1,Pad7(halo)-as3-fulldim7_inv0
ElectricBass(finger)-b3-fulldim7_inv0,ElectricBass(finger)-d3-fulldim7_inv3
ElectricBass(finger)-b3-fulldim7_inv0,ElectricBass(finger)-f3-fulldim7_inv2
ElectricBass(finger)-b3-fulldim7_inv0,ElectricBass(finger)-gs3-fulldim7_inv1
SynthBrass1-a3-fulldim7_inv2,SynthBrass1-ds4-fulldim7_inv0
SynthBrass1-a3-fulldim7_inv2,SynthBrass1-c4-fulldim7_inv1
SynthBrass1-a3-fulldim7_inv2,SynthBrass1-fs3-fulldim7_inv3
Shanai-cs3-fulldim7_inv2,Shanai-g3-fulldim7_inv0
Pad5(bowed)-cs3-fulldim7_inv3,Pad5(bowed)-g3-fulldim7_inv1
Lead4(chiff)-gs3-fulldim7_inv0,Lead4(chiff)-f3-fulldim7_inv1
Lead4(chiff)-gs3-fulldim7_inv0,Lead4(chiff)-d3-fulldim7_inv2
SlapBass1-f3-fulldim7_inv3,SlapBass1-d4-fulldim7_inv0
BrassSection-gs3-fulldim7_inv1,BrassSection-b3-fulldim7_inv0
BrassSection-gs3-fulldim7_inv1,BrassSection-d3-fulldim7_inv3
Trumpet-ds3-fulldim7_inv3,Trumpet-a3-fulldim7_inv1
Clarinet-cs3-fulldim7_inv2,Clarinet-g3-fulldim7_inv0
Clarinet-cs3-fulldim7_inv2,Clarinet-e3-fulldim7_inv1
MusicBox-ds3-fulldim7_inv3,MusicBox-a3-fulldim7_inv1
MusicBox-ds3-fulldim7_inv3,MusicBox-fs3-fulldim7_inv2
MusicBox-ds3-fulldim7_inv3,MusicBox-c4-fulldim7_inv0
Trumpet-cs4-fulldim7_inv1,Trumpet-e4-fulldim7_inv0
Trumpet-cs4-fulldim7_inv1,Trumpet-as3-fulldim7_inv2
Trumpet-cs4-fulldim7_inv1,Trumpet-g3-fulldim7_inv3
SynthBrass1-d3-fulldim7_inv2,SynthBrass1-f3-fulldim7_inv1
SynthBrass1-d3-fulldim7_inv2,SynthBrass1-gs3-fulldim7_inv0
ReedOrgan-g3-fulldim7_inv2,ReedOrgan-as3-fulldim7_inv1
ReedOrgan-g3-fulldim7_inv2,ReedOrgan-cs4-fulldim7_inv0
Fiddle-ds3-fulldim7_inv2,Fiddle-fs3-fulldim7_inv1
Fiddle-ds3-fulldim7_inv2,Fiddle-a3-fulldim7_inv0
Fiddle-ds3-fulldim7_inv2,Fiddle-c3-fulldim7_inv3
Lead3(calliope)-c4-fulldim7_inv0,Lead3(calliope)-ds3-fulldim7_inv3
Lead3(calliope)-c4-fulldim7_inv0,Lead3(calliope)-a3-fulldim7_inv1
Lead3(calliope)-c4-fulldim7_inv0,Lead3(calliope)-fs3-fulldim7_inv2
SynthBass1-fs3-fulldim7_inv0,SynthBass1-c3-fulldim7_inv2
Harpsichord-b3-fulldim7_inv0,Harpsichord-f3-fulldim7_inv2
Harpsichord-b3-fulldim7_inv0,Harpsichord-gs3-fulldim7_inv1
Harpsichord-b3-fulldim7_inv0,Harpsichord-d3-fulldim7_inv3
ElectricBass(finger)-gs3-fulldim7_inv0,ElectricBass(finger)-d3-fulldim7_inv2
ElectricBass(finger)-gs3-fulldim7_inv0,ElectricBass(finger)-f3-fulldim7_inv1
Flute-e3-fulldim7_inv1,Flute-cs3-fulldim7_inv2
Flute-e3-fulldim7_inv1,Flute-g3-fulldim7_inv0
SlapBass1-b3-fulldim7_inv0,SlapBass1-gs3-fulldim7_inv1
SlapBass1-b3-fulldim7_inv0,SlapBass1-f3-fulldim7_inv2
SlapBass1-b3-fulldim7_inv0,SlapBass1-d3-fulldim7_inv3
Tuba-fs3-fulldim7_inv0,Tuba-c3-fulldim7_inv2
Tuba-fs3-fulldim7_inv0,Tuba-ds3-fulldim7_inv1
DrawbarOrgan-gs3-fulldim7_inv1,DrawbarOrgan-b3-fulldim7_inv0
DrawbarOrgan-gs3-fulldim7_inv1,DrawbarOrgan-d3-fulldim7_inv3
DrawbarOrgan-gs3-fulldim7_inv1,DrawbarOrgan-f3-fulldim7_inv2
Bassoon-d3-fulldim7_inv3,Bassoon-b3-fulldim7_inv0
Bassoon-d3-fulldim7_inv3,Bassoon-gs3-fulldim7_inv1
DistortionGuitar-b3-fulldim7_inv2,DistortionGuitar-gs3-fulldim7_inv3
DistortionGuitar-b3-fulldim7_inv2,DistortionGuitar-d4-fulldim7_inv1
DistortionGuitar-b3-fulldim7_inv2,DistortionGuitar-f4-fulldim7_inv0
ElectricGuitar(jazz)-gs3-fulldim7_inv3,ElectricGuitar(jazz)-b3-fulldim7_inv2
ElectricGuitar(jazz)-gs3-fulldim7_inv3,ElectricGuitar(jazz)-f4-fulldim7_inv0
ElectricGuitar(jazz)-gs3-fulldim7_inv3,ElectricGuitar(jazz)-d4-fulldim7_inv1
ElectricBass(pick)-e4-fulldim7_inv0,ElectricBass(pick)-g3-fulldim7_inv3
ElectricBass(pick)-e4-fulldim7_inv0,ElectricBass(pick)-as3-fulldim7_inv2
ElectricBass(pick)-e4-fulldim7_inv0,ElectricBass(pick)-cs4-fulldim7_inv1
SopranoSax-gs3-fulldim7_inv3,SopranoSax-d4-fulldim7_inv1
SopranoSax-gs3-fulldim7_inv3,SopranoSax-b3-fulldim7_inv2
Honky-tonkPiano-g3-fulldim7_inv0,Honky-tonkPiano-e3-fulldim7_inv1
Honky-tonkPiano-g3-fulldim7_inv0,Honky-tonkPiano-cs3-fulldim7_inv2
Pad4(choir)-cs4-fulldim7_inv0,Pad4(choir)-e3-fulldim7_inv3
Pad4(choir)-cs4-fulldim7_inv0,Pad4(choir)-as3-fulldim7_inv1
Pad4(choir)-cs4-fulldim7_inv0,Pad4(choir)-g3-fulldim7_inv2
Violin-c3-fulldim7_inv3,Violin-fs3-fulldim7_inv1
Violin-c3-fulldim7_inv3,Violin-a3-fulldim7_inv0
Violin-c3-fulldim7_inv3,Violin-ds3-fulldim7_inv2
Bassoon-d4-fulldim7_inv1,Bassoon-f4-fulldim7_inv0
Bassoon-d4-fulldim7_inv1,Bassoon-b3-fulldim7_inv2
Bassoon-d4-fulldim7_inv1,Bassoon-gs3-fulldim7_inv3
TremoloStrings-a3-fulldim7_inv0,TremoloStrings-ds3-fulldim7_inv2
TremoloStrings-a3-fulldim7_inv0,TremoloStrings-c3-fulldim7_inv3
TremoloStrings-a3-fulldim7_inv0,TremoloStrings-fs3-fulldim7_inv1
RockOrgan-cs4-fulldim7_inv1,RockOrgan-g3-fulldim7_inv3
Contrabass-e3-fulldim7_inv3,Contrabass-cs4-fulldim7_inv0
Contrabass-e3-fulldim7_inv3,Contrabass-as3-fulldim7_inv1
Pad7(halo)-cs4-fulldim7_inv0,Pad7(halo)-g3-fulldim7_inv2
Pad7(halo)-cs4-fulldim7_inv0,Pad7(halo)-as3-fulldim7_inv1
Pad7(halo)-cs4-fulldim7_inv0,Pad7(halo)-e3-fulldim7_inv3
Pad7(halo)-cs3-fulldim7_inv3,Pad7(halo)-e3-fulldim7_inv2
Pad7(halo)-cs3-fulldim7_inv3,Pad7(halo)-as3-fulldim7_inv0
Harpsichord-e3-fulldim7_inv3,Harpsichord-cs4-fulldim7_inv0
Harpsichord-e3-fulldim7_inv3,Harpsichord-as3-fulldim7_inv1
Violin-e4-fulldim7_inv0,Violin-g3-fulldim7_inv3
Violin-e4-fulldim7_inv0,Violin-cs4-fulldim7_inv1
Violin-e4-fulldim7_inv0,Violin-as3-fulldim7_inv2
Tuba-f3-fulldim7_inv2,Tuba-d3-fulldim7_inv3
Tuba-f3-fulldim7_inv2,Tuba-b3-fulldim7_inv0
Tuba-f3-fulldim7_inv2,Tuba-gs3-fulldim7_inv1
DrawbarOrgan-cs4-fulldim7_inv0,DrawbarOrgan-g3-fulldim7_inv2
DrawbarOrgan-cs4-fulldim7_inv0,DrawbarOrgan-e3-fulldim7_inv3
DrawbarOrgan-cs4-fulldim7_inv0,DrawbarOrgan-as3-fulldim7_inv1
Pad2(warm)-d3-fulldim7_inv2,Pad2(warm)-gs3-fulldim7_inv0
Pad2(warm)-d3-fulldim7_inv2,Pad2(warm)-f3-fulldim7_inv1
ElectricPiano1-fs3-fulldim7_inv1,ElectricPiano1-ds3-fulldim7_inv2
ElectricPiano1-fs3-fulldim7_inv1,ElectricPiano1-a3-fulldim7_inv0
Viola-as3-fulldim7_inv2,Viola-e4-fulldim7_inv0
Viola-as3-fulldim7_inv2,Viola-cs4-fulldim7_inv1
Viola-as3-fulldim7_inv2,Viola-g3-fulldim7_inv3
Viola-fs3-fulldim7_inv2,Viola-a3-fulldim7_inv1
Viola-fs3-fulldim7_inv2,Viola-ds3-fulldim7_inv3
Viola-fs3-fulldim7_inv2,Viola-c4-fulldim7_inv0
BrightAcousticPiano-g3-fulldim7_inv2,BrightAcousticPiano-as3-fulldim7_inv1
BrightAcousticPiano-g3-fulldim7_inv2,BrightAcousticPiano-e3-fulldim7_inv3
BrightAcousticPiano-g3-fulldim7_inv2,BrightAcousticPiano-cs4-fulldim7_inv0
SynthStrings2-gs3-fulldim7_inv1,SynthStrings2-d3-fulldim7_inv3
SynthStrings2-gs3-fulldim7_inv1,SynthStrings2-b3-fulldim7_inv0
SynthStrings2-gs3-fulldim7_inv1,SynthStrings2-f3-fulldim7_inv2
Trumpet-f3-fulldim7_inv3,Trumpet-d4-fulldim7_inv0
BaritoneSax-a3-fulldim7_inv0,BaritoneSax-fs3-fulldim7_inv1
BaritoneSax-a3-fulldim7_inv0,BaritoneSax-c3-fulldim7_inv3
BaritoneSax-a3-fulldim7_inv0,BaritoneSax-ds3-fulldim7_inv2
ChoirAahs-ds3-fulldim7_inv2,ChoirAahs-c3-fulldim7_inv3
ChoirAahs-ds3-fulldim7_inv2,ChoirAahs-fs3-fulldim7_inv1
FrenchHorn-d3-fulldim7_inv2,FrenchHorn-f3-fulldim7_inv1
FrenchHorn-d3-fulldim7_inv2,FrenchHorn-gs3-fulldim7_inv0
ReedOrgan-d3-fulldim7_inv3,ReedOrgan-gs3-fulldim7_inv1
ReedOrgan-d3-fulldim7_inv3,ReedOrgan-f3-fulldim7_inv2
ReedOrgan-d3-fulldim7_inv3,ReedOrgan-b3-fulldim7_inv0
SopranoSax-c3-fulldim7_inv2,SopranoSax-fs3-fulldim7_inv0
SopranoSax-c3-fulldim7_inv2,SopranoSax-ds3-fulldim7_inv1
VoiceOohs-a3-fulldim7_inv1,VoiceOohs-fs3-fulldim7_inv2
VoiceOohs-a3-fulldim7_inv1,VoiceOohs-ds3-fulldim7_inv3
AcousticGuitar(steel)-gs3-fulldim7_inv2,AcousticGuitar(steel)-f3-fulldim7_inv3
AcousticGuitar(steel)-gs3-fulldim7_inv2,AcousticGuitar(steel)-b3-fulldim7_inv1
AcousticGuitar(steel)-gs3-fulldim7_inv2,AcousticGuitar(steel)-d4-fulldim7_inv0
Xylophone-ds4-fulldim7_inv0,Xylophone-a3-fulldim7_inv2
Xylophone-ds4-fulldim7_inv0,Xylophone-c4-fulldim7_inv1
Xylophone-ds4-fulldim7_inv0,Xylophone-fs3-fulldim7_inv3
Bagpipe-d3-fulldim7_inv3,Bagpipe-gs3-fulldim7_inv1
Bagpipe-d3-fulldim7_inv3,Bagpipe-b3-fulldim7_inv0
Bagpipe-d3-fulldim7_inv3,Bagpipe-f3-fulldim7_inv2
SynthBass1-fs3-fulldim7_inv3,SynthBass1-ds4-fulldim7_inv0
SynthBass1-fs3-fulldim7_inv3,SynthBass1-a3-fulldim7_inv2
SynthBass1-fs3-fulldim7_inv3,SynthBass1-c4-fulldim7_inv1
PizzicatoStrings-c3-fulldim7_inv3,PizzicatoStrings-a3-fulldim7_inv0
PizzicatoStrings-c3-fulldim7_inv3,PizzicatoStrings-ds3-fulldim7_inv2
PizzicatoStrings-c3-fulldim7_inv3,PizzicatoStrings-fs3-fulldim7_inv1
ElectricBass(pick)-gs3-fulldim7_inv1,ElectricBass(pick)-f3-fulldim7_inv2
ElectricBass(pick)-gs3-fulldim7_inv1,ElectricBass(pick)-b3-fulldim7_inv0
Lead6(voice)-b3-fulldim7_inv0,Lead6(voice)-f3-fulldim7_inv2
Lead6(voice)-b3-fulldim7_inv0,Lead6(voice)-d3-fulldim7_inv3
Lead6(voice)-b3-fulldim7_inv0,Lead6(voice)-gs3-fulldim7_inv1
AltoSax-as3-fulldim7_inv1,AltoSax-cs4-fulldim7_inv0
AltoSax-as3-fulldim7_inv1,AltoSax-g3-fulldim7_inv2
Oboe-c3-fulldim7_inv3,Oboe-ds3-fulldim7_inv2
Oboe-c3-fulldim7_inv3,Oboe-a3-fulldim7_inv0
ChurchOrgan-fs3-fulldim7_inv2,ChurchOrgan-ds3-fulldim7_inv3
ChurchOrgan-fs3-fulldim7_inv2,ChurchOrgan-c4-fulldim7_inv0
Shamisen-cs4-fulldim7_inv1,Shamisen-as3-fulldim7_inv2
Shamisen-cs4-fulldim7_inv1,Shamisen-g3-fulldim7_inv3
Pad5(bowed)-fs3-fulldim7_inv1,Pad5(bowed)-ds3-fulldim7_inv2
Pad5(bowed)-fs3-fulldim7_inv1,Pad5(bowed)-c3-fulldim7_inv3
Pad5(bowed)-fs3-fulldim7_inv1,Pad5(bowed)-a3-fulldim7_inv0
SynthBrass2-cs3-fulldim7_inv3,SynthBrass2-e3-fulldim7_inv2
SynthBrass2-cs3-fulldim7_inv3,SynthBrass2-g3-fulldim7_inv1
SynthStrings1-g3-fulldim7_inv3,SynthStrings1-as3-fulldim7_inv2
Banjo-a3-fulldim7_inv1,Banjo-fs3-fulldim7_inv2
Banjo-a3-fulldim7_inv1,Banjo-ds3-fulldim7_inv3
Banjo-a3-fulldim7_inv1,Banjo-c4-fulldim7_inv0
VoiceOohs-g3-fulldim7_inv3,VoiceOohs-as3-fulldim7_inv2
VoiceOohs-g3-fulldim7_inv3,VoiceOohs-cs4-fulldim7_inv1
VoiceOohs-g3-fulldim7_inv3,VoiceOohs-e4-fulldim7_inv0
AcousticGuitar(nylon)-c3-fulldim7_inv3,AcousticGuitar(nylon)-a3-fulldim7_inv0
AcousticGuitar(nylon)-c3-fulldim7_inv3,AcousticGuitar(nylon)-ds3-fulldim7_inv2
AcousticGuitar(nylon)-c3-fulldim7_inv3,AcousticGuitar(nylon)-fs3-fulldim7_inv1
Contrabass-b3-fulldim7_inv0,Contrabass-f3-fulldim7_inv2
Contrabass-b3-fulldim7_inv0,Contrabass-d3-fulldim7_inv3
Contrabass-b3-fulldim7_inv0,Contrabass-gs3-fulldim7_inv1
FretlessBass-g3-fulldim7_inv1,FretlessBass-cs3-fulldim7_inv3
FretlessBass-g3-fulldim7_inv1,FretlessBass-e3-fulldim7_inv2
Pad3(polysynth)-gs3-fulldim7_inv3,Pad3(polysynth)-b3-fulldim7_inv2
Pad3(polysynth)-gs3-fulldim7_inv3,Pad3(polysynth)-f4-fulldim7_inv0
Pad3(polysynth)-gs3-fulldim7_inv3,Pad3(polysynth)-d4-fulldim7_inv1
EnglishHorn-d4-fulldim7_inv1,EnglishHorn-b3-fulldim7_inv2
EnglishHorn-d4-fulldim7_inv1,EnglishHorn-f4-fulldim7_inv0
Piccolo-f3-fulldim7_inv3,Piccolo-b3-fulldim7_inv1
Piccolo-f3-fulldim7_inv3,Piccolo-d4-fulldim7_inv0
Piccolo-f3-fulldim7_inv3,Piccolo-gs3-fulldim7_inv2
Lead8(bass+lead)-as3-fulldim7_inv0,Lead8(bass+lead)-e3-fulldim7_inv2
Lead8(bass+lead)-as3-fulldim7_inv0,Lead8(bass+lead)-g3-fulldim7_inv1
Lead8(bass+lead)-as3-fulldim7_inv0,Lead8(bass+lead)-cs3-fulldim7_inv3
AltoSax-cs3-fulldim7_inv2,AltoSax-g3-fulldim7_inv0
AltoSax-cs3-fulldim7_inv2,AltoSax-e3-fulldim7_inv1
Pad5(bowed)-ds4-fulldim7_inv0,Pad5(bowed)-c4-fulldim7_inv1
Pad5(bowed)-ds4-fulldim7_inv0,Pad5(bowed)-a3-fulldim7_inv2
Pad5(bowed)-ds4-fulldim7_inv0,Pad5(bowed)-fs3-fulldim7_inv3
RockOrgan-ds4-fulldim7_inv0,RockOrgan-a3-fulldim7_inv2
RockOrgan-ds4-fulldim7_inv0,RockOrgan-fs3-fulldim7_inv3
RockOrgan-ds4-fulldim7_inv0,RockOrgan-c4-fulldim7_inv1
Banjo-d4-fulldim7_inv1,Banjo-f4-fulldim7_inv0
Banjo-d4-fulldim7_inv1,Banjo-gs3-fulldim7_inv3
Banjo-d4-fulldim7_inv1,Banjo-b3-fulldim7_inv2
AcousticGuitar(nylon)-e3-fulldim7_inv3,AcousticGuitar(nylon)-cs4-fulldim7_inv0
SlapBass2-c4-fulldim7_inv0,SlapBass2-a3-fulldim7_inv1
SlapBass2-c4-fulldim7_inv0,SlapBass2-fs3-fulldim7_inv2
SlapBass2-c4-fulldim7_inv0,SlapBass2-ds3-fulldim7_inv3
SynthVoice-e3-fulldim7_inv1,SynthVoice-cs3-fulldim7_inv2
SynthVoice-e3-fulldim7_inv1,SynthVoice-g3-fulldim7_inv0
Lead8(bass+lead)-b3-fulldim7_inv2,Lead8(bass+lead)-gs3-fulldim7_inv3
Lead8(bass+lead)-b3-fulldim7_inv2,Lead8(bass+lead)-f4-fulldim7_inv0
TenorSax-a3-fulldim7_inv1,TenorSax-ds3-fulldim7_inv3
TenorSax-a3-fulldim7_inv1,TenorSax-c4-fulldim7_inv0
Honky-tonkPiano-d3-fulldim7_inv2,Honky-tonkPiano-f3-fulldim7_inv1
Honky-tonkPiano-d3-fulldim7_inv2,Honky-tonkPiano-gs3-fulldim7_inv0
Pad1(newage)-cs3-fulldim7_inv2,Pad1(newage)-e3-fulldim7_inv1
Pad1(newage)-cs3-fulldim7_inv2,Pad1(newage)-g3-fulldim7_inv0
Bagpipe-gs3-fulldim7_inv1,Bagpipe-b3-fulldim7_inv0
Bagpipe-gs3-fulldim7_inv1,Bagpipe-f3-fulldim7_inv2
MutedTrumpet-fs3-fulldim7_inv3,MutedTrumpet-ds4-fulldim7_inv0
MutedTrumpet-fs3-fulldim7_inv3,MutedTrumpet-c4-fulldim7_inv1
MutedTrumpet-fs3-fulldim7_inv3,MutedTrumpet-a3-fulldim7_inv2
Pad5(bowed)-c4-fulldim7_inv1,Pad5(bowed)-a3-fulldim7_inv2
Pad5(bowed)-c4-fulldim7_inv1,Pad5(bowed)-fs3-fulldim7_inv3
Pad7(halo)-fs3-fulldim7_inv2,Pad7(halo)-c4-fulldim7_inv0
Pad7(halo)-fs3-fulldim7_inv2,Pad7(halo)-a3-fulldim7_inv1
ChoirAahs-as3-fulldim7_inv1,ChoirAahs-cs4-fulldim7_inv0
ChoirAahs-as3-fulldim7_inv1,ChoirAahs-e3-fulldim7_inv3
ChoirAahs-as3-fulldim7_inv1,ChoirAahs-g3-fulldim7_inv2
Flute-fs3-fulldim7_inv3,Flute-ds4-fulldim7_inv0
Flute-fs3-fulldim7_inv3,Flute-c4-fulldim7_inv1
Lead2(sawtooth)-gs3-fulldim7_inv1,Lead2(sawtooth)-b3-fulldim7_inv0
Lead2(sawtooth)-gs3-fulldim7_inv1,Lead2(sawtooth)-d3-fulldim7_inv3
Lead2(sawtooth)-gs3-fulldim7_inv1,Lead2(sawtooth)-f3-fulldim7_inv2
TremoloStrings-d4-fulldim7_inv0,TremoloStrings-f3-fulldim7_inv3
TremoloStrings-d4-fulldim7_inv0,TremoloStrings-b3-fulldim7_inv1
Pad6(metallic)-gs3-fulldim7_inv0,Pad6(metallic)-d3-fulldim7_inv2
Pad6(metallic)-gs3-fulldim7_inv0,Pad6(metallic)-f3-fulldim7_inv1
FrenchHorn-f4-fulldim7_inv0,FrenchHorn-b3-fulldim7_inv2
FrenchHorn-f4-fulldim7_inv0,FrenchHorn-gs3-fulldim7_inv3
Bagpipe-c4-fulldim7_inv1,Bagpipe-ds4-fulldim7_inv0
Bagpipe-c4-fulldim7_inv1,Bagpipe-a3-fulldim7_inv2
Kalimba-e4-fulldim7_inv0,Kalimba-g3-fulldim7_inv3
Kalimba-e4-fulldim7_inv0,Kalimba-as3-fulldim7_inv2
Kalimba-ds3-fulldim7_inv1,Kalimba-fs3-fulldim7_inv0
Kalimba-ds3-fulldim7_inv1,Kalimba-c3-fulldim7_inv2
Tuba-ds4-fulldim7_inv0,Tuba-fs3-fulldim7_inv3
Tuba-ds4-fulldim7_inv0,Tuba-c4-fulldim7_inv1
Tuba-ds4-fulldim7_inv0,Tuba-a3-fulldim7_inv2
MutedTrumpet-fs3-fulldim7_inv0,MutedTrumpet-ds3-fulldim7_inv1
MutedTrumpet-fs3-fulldim7_inv0,MutedTrumpet-c3-fulldim7_inv2
ElectricGuitar(jazz)-a3-fulldim7_inv0,ElectricGuitar(jazz)-c3-fulldim7_inv3
ElectricGuitar(jazz)-a3-fulldim7_inv0,ElectricGuitar(jazz)-ds3-fulldim7_inv2
ElectricGuitar(jazz)-a3-fulldim7_inv0,ElectricGuitar(jazz)-fs3-fulldim7_inv1
Trumpet-as3-fulldim7_inv0,Trumpet-cs3-fulldim7_inv3
Trumpet-as3-fulldim7_inv0,Trumpet-g3-fulldim7_inv1
Trumpet-as3-fulldim7_inv0,Trumpet-e3-fulldim7_inv2
Pad7(halo)-gs3-fulldim7_inv2,Pad7(halo)-f3-fulldim7_inv3
Pad7(halo)-gs3-fulldim7_inv2,Pad7(halo)-b3-fulldim7_inv1
Pad7(halo)-gs3-fulldim7_inv2,Pad7(halo)-d4-fulldim7_inv0
ElectricBass(finger)-d3-fulldim7_inv3,ElectricBass(finger)-f3-fulldim7_inv2
ElectricBass(finger)-d3-fulldim7_inv3,ElectricBass(finger)-gs3-fulldim7_inv1
SynthVoice-cs3-fulldim7_inv3,SynthVoice-g3-fulldim7_inv1
SynthVoice-cs3-fulldim7_inv3,SynthVoice-as3-fulldim7_inv0
SynthVoice-cs3-fulldim7_inv3,SynthVoice-e3-fulldim7_inv2
AcousticGuitar(nylon)-b3-fulldim7_inv2,AcousticGuitar(nylon)-f4-fulldim7_inv0
AcousticGuitar(nylon)-b3-fulldim7_inv2,AcousticGuitar(nylon)-gs3-fulldim7_inv3
AcousticGuitar(nylon)-b3-fulldim7_inv2,AcousticGuitar(nylon)-d4-fulldim7_inv1
Shanai-c4-fulldim7_inv0,Shanai-fs3-fulldim7_inv2
Shanai-c4-fulldim7_inv0,Shanai-ds3-fulldim7_inv3
Shanai-c4-fulldim7_inv0,Shanai-a3-fulldim7_inv1
Pad4(choir)-e4-fulldim7_inv0,Pad4(choir)-g3-fulldim7_inv3
Pad4(choir)-e4-fulldim7_inv0,Pad4(choir)-cs4-fulldim7_inv1
Pad4(choir)-e4-fulldim7_inv0,Pad4(choir)-as3-fulldim7_inv2
MutedTrumpet-cs3-fulldim7_inv3,MutedTrumpet-g3-fulldim7_inv1
MutedTrumpet-cs3-fulldim7_inv3,MutedTrumpet-as3-fulldim7_inv0
MutedTrumpet-cs3-fulldim7_inv3,MutedTrumpet-e3-fulldim7_inv2
RockOrgan-as3-fulldim7_inv0,RockOrgan-g3-fulldim7_inv1
RockOrgan-as3-fulldim7_inv0,RockOrgan-cs3-fulldim7_inv3
RockOrgan-as3-fulldim7_inv0,RockOrgan-e3-fulldim7_inv2
Marimba-c3-fulldim7_inv2,Marimba-fs3-fulldim7_inv0
Marimba-c3-fulldim7_inv2,Marimba-ds3-fulldim7_inv1
PercussiveOrgan-f4-fulldim7_inv0,PercussiveOrgan-gs3-fulldim7_inv3
PercussiveOrgan-f4-fulldim7_inv0,PercussiveOrgan-d4-fulldim7_inv1
Pad8(sweep)-gs3-fulldim7_inv2,Pad8(sweep)-d4-fulldim7_inv0
Pad8(sweep)-gs3-fulldim7_inv2,Pad8(sweep)-f3-fulldim7_inv3
Pad8(sweep)-gs3-fulldim7_inv2,Pad8(sweep)-b3-fulldim7_inv1
Fiddle-c4-fulldim7_inv1,Fiddle-fs3-fulldim7_inv3
Fiddle-c4-fulldim7_inv1,Fiddle-ds4-fulldim7_inv0
Lead2(sawtooth)-b3-fulldim7_inv0,Lead2(sawtooth)-d3-fulldim7_inv3
Lead2(sawtooth)-b3-fulldim7_inv0,Lead2(sawtooth)-f3-fulldim7_inv2
ElectricGuitar(muted)-d4-fulldim7_inv0,ElectricGuitar(muted)-b3-fulldim7_inv1
ElectricGuitar(muted)-d4-fulldim7_inv0,ElectricGuitar(muted)-gs3-fulldim7_inv2
ElectricGuitar(muted)-d4-fulldim7_inv0,ElectricGuitar(muted)-f3-fulldim7_inv3
DrawbarOrgan-g3-fulldim7_inv2,DrawbarOrgan-e3-fulldim7_inv3
DrawbarOrgan-g3-fulldim7_inv2,DrawbarOrgan-as3-fulldim7_inv1
Harpsichord-f3-fulldim7_inv2,Harpsichord-gs3-fulldim7_inv1
Harpsichord-f3-fulldim7_inv2,Harpsichord-d3-fulldim7_inv3
Bagpipe-cs4-fulldim7_inv0,Bagpipe-as3-fulldim7_inv1
Bagpipe-cs4-fulldim7_inv0,Bagpipe-e3-fulldim7_inv3
Bagpipe-cs4-fulldim7_inv0,Bagpipe-g3-fulldim7_inv2
SlapBass2-d3-fulldim7_inv3,SlapBass2-gs3-fulldim7_inv1
SlapBass2-d3-fulldim7_inv3,SlapBass2-f3-fulldim7_inv2
MusicBox-gs3-fulldim7_inv3,MusicBox-d4-fulldim7_inv1
MusicBox-gs3-fulldim7_inv3,MusicBox-b3-fulldim7_inv2
SynthBass1-ds4-fulldim7_inv0,SynthBass1-a3-fulldim7_inv2
SynthBass1-ds4-fulldim7_inv0,SynthBass1-c4-fulldim7_inv1
Bagpipe-as3-fulldim7_inv2,Bagpipe-e4-fulldim7_inv0
Bagpipe-as3-fulldim7_inv2,Bagpipe-g3-fulldim7_inv3
Bagpipe-as3-fulldim7_inv2,Bagpipe-cs4-fulldim7_inv1
ElectricBass(finger)-d4-fulldim7_inv1,ElectricBass(finger)-b3-fulldim7_inv2
ElectricBass(finger)-d4-fulldim7_inv1,ElectricBass(finger)-gs3-fulldim7_inv3
ElectricBass(finger)-d4-fulldim7_inv1,ElectricBass(finger)-f4-fulldim7_inv0
Tuba-c3-fulldim7_inv2,Tuba-ds3-fulldim7_inv1
BrightAcousticPiano-a3-fulldim7_inv0,BrightAcousticPiano-ds3-fulldim7_inv2
BrightAcousticPiano-a3-fulldim7_inv0,BrightAcousticPiano-fs3-fulldim7_inv1
BrightAcousticPiano-a3-fulldim7_inv0,BrightAcousticPiano-c3-fulldim7_inv3
TenorSax-g3-fulldim7_inv3,TenorSax-e4-fulldim7_inv0
TenorSax-g3-fulldim7_inv3,TenorSax-as3-fulldim7_inv2
Marimba-ds4-fulldim7_inv0,Marimba-a3-fulldim7_inv2
Marimba-ds4-fulldim7_inv0,Marimba-fs3-fulldim7_inv3
Marimba-ds4-fulldim7_inv0,Marimba-c4-fulldim7_inv1
ElectricBass(pick)-f3-fulldim7_inv2,ElectricBass(pick)-b3-fulldim7_inv0
RockOrgan-a3-fulldim7_inv2,RockOrgan-fs3-fulldim7_inv3
RockOrgan-a3-fulldim7_inv2,RockOrgan-c4-fulldim7_inv1
ElectricGuitar(clean)-cs4-fulldim7_inv0,ElectricGuitar(clean)-as3-fulldim7_inv1
ElectricGuitar(clean)-cs4-fulldim7_inv0,ElectricGuitar(clean)-g3-fulldim7_inv2
Marimba-fs3-fulldim7_inv0,Marimba-ds3-fulldim7_inv1
TenorSax-fs3-fulldim7_inv3,TenorSax-a3-fulldim7_inv2
TenorSax-fs3-fulldim7_inv3,TenorSax-c4-fulldim7_inv1
OverdrivenGuitar-cs3-fulldim7_inv3,OverdrivenGuitar-g3-fulldim7_inv1
OverdrivenGuitar-cs3-fulldim7_inv3,OverdrivenGuitar-as3-fulldim7_inv0
Clarinet-g3-fulldim7_inv1,Clarinet-cs3-fulldim7_inv3
Clarinet-g3-fulldim7_inv1,Clarinet-as3-fulldim7_inv0
Clarinet-g3-fulldim7_inv1,Clarinet-e3-fulldim7_inv2
Trumpet-f3-fulldim7_inv2,Trumpet-b3-fulldim7_inv0
Trumpet-f3-fulldim7_inv2,Trumpet-d3-fulldim7_inv3
Trumpet-f3-fulldim7_inv2,Trumpet-gs3-fulldim7_inv1
StringEnsemble1-f3-fulldim7_inv2,StringEnsemble1-b3-fulldim7_inv0
StringEnsemble1-f3-fulldim7_inv2,StringEnsemble1-d3-fulldim7_inv3
StringEnsemble1-f3-fulldim7_inv2,StringEnsemble1-gs3-fulldim7_inv1
PizzicatoStrings-e3-fulldim7_inv1,PizzicatoStrings-g3-fulldim7_inv0
Pad1(newage)-fs3-fulldim7_inv0,Pad1(newage)-c3-fulldim7_inv2
Pad1(newage)-fs3-fulldim7_inv0,Pad1(newage)-ds3-fulldim7_inv1
Oboe-d3-fulldim7_inv3,Oboe-f3-fulldim7_inv2
Oboe-d3-fulldim7_inv3,Oboe-gs3-fulldim7_inv1
Oboe-d3-fulldim7_inv3,Oboe-b3-fulldim7_inv0
ChoirAahs-c4-fulldim7_inv0,ChoirAahs-fs3-fulldim7_inv2
ChoirAahs-c4-fulldim7_inv0,ChoirAahs-a3-fulldim7_inv1
ChoirAahs-c4-fulldim7_inv0,ChoirAahs-ds3-fulldim7_inv3
PizzicatoStrings-as3-fulldim7_inv2,PizzicatoStrings-cs4-fulldim7_inv1
PizzicatoStrings-as3-fulldim7_inv2,PizzicatoStrings-g3-fulldim7_inv3
BrightAcousticPiano-c4-fulldim7_inv0,BrightAcousticPiano-a3-fulldim7_inv1
ElectricGrandPiano-a3-fulldim7_inv0,ElectricGrandPiano-c3-fulldim7_inv3
ElectricGrandPiano-a3-fulldim7_inv0,ElectricGrandPiano-ds3-fulldim7_inv2
ElectricGrandPiano-a3-fulldim7_inv0,ElectricGrandPiano-fs3-fulldim7_inv1
SynthBass1-gs3-fulldim7_inv2,SynthBass1-b3-fulldim7_inv1
SynthBass1-gs3-fulldim7_inv2,SynthBass1-d4-fulldim7_inv0
SynthBass1-gs3-fulldim7_inv2,SynthBass1-f3-fulldim7_inv3
ElectricPiano2-as3-fulldim7_inv1,ElectricPiano2-cs4-fulldim7_inv0
ElectricPiano2-as3-fulldim7_inv1,ElectricPiano2-e3-fulldim7_inv3
ElectricPiano2-as3-fulldim7_inv1,ElectricPiano2-g3-fulldim7_inv2
Lead6(voice)-fs3-fulldim7_inv3,Lead6(voice)-a3-fulldim7_inv2
MutedTrumpet-g3-fulldim7_inv2,MutedTrumpet-as3-fulldim7_inv1
MutedTrumpet-g3-fulldim7_inv2,MutedTrumpet-e3-fulldim7_inv3
MutedTrumpet-g3-fulldim7_inv2,MutedTrumpet-cs4-fulldim7_inv0
Fiddle-fs3-fulldim7_inv1,Fiddle-a3-fulldim7_inv0
Fiddle-fs3-fulldim7_inv1,Fiddle-c3-fulldim7_inv3
ChoirAahs-f3-fulldim7_inv3,ChoirAahs-b3-fulldim7_inv1
ChoirAahs-f3-fulldim7_inv3,ChoirAahs-d4-fulldim7_inv0
ChoirAahs-c3-fulldim7_inv3,ChoirAahs-fs3-fulldim7_inv1
ElectricPiano1-cs3-fulldim7_inv2,ElectricPiano1-e3-fulldim7_inv1
ElectricPiano1-cs3-fulldim7_inv2,ElectricPiano1-g3-fulldim7_inv0
DrawbarOrgan-as3-fulldim7_inv0,DrawbarOrgan-g3-fulldim7_inv1
DrawbarOrgan-as3-fulldim7_inv0,DrawbarOrgan-e3-fulldim7_inv2
Pad2(warm)-e3-fulldim7_inv1,Pad2(warm)-cs3-fulldim7_inv2
Vibraphone-g3-fulldim7_inv2,Vibraphone-as3-fulldim7_inv1
Vibraphone-g3-fulldim7_inv2,Vibraphone-e3-fulldim7_inv3
Vibraphone-g3-fulldim7_inv2,Vibraphone-cs4-fulldim7_inv0
Lead3(calliope)-f4-fulldim7_inv0,Lead3(calliope)-d4-fulldim7_inv1
Lead3(calliope)-f4-fulldim7_inv0,Lead3(calliope)-b3-fulldim7_inv2
Lead3(calliope)-f4-fulldim7_inv0,Lead3(calliope)-gs3-fulldim7_inv3
AcousticGrandPiano-ds3-fulldim7_inv2,AcousticGrandPiano-c3-fulldim7_inv3
AcousticGrandPiano-ds3-fulldim7_inv2,AcousticGrandPiano-a3-fulldim7_inv0
AcousticGrandPiano-ds3-fulldim7_inv2,AcousticGrandPiano-fs3-fulldim7_inv1
ElectricPiano2-gs3-fulldim7_inv3,ElectricPiano2-b3-fulldim7_inv2
ElectricPiano2-gs3-fulldim7_inv3,ElectricPiano2-d4-fulldim7_inv1
OrchestralHarp-ds4-fulldim7_inv0,OrchestralHarp-fs3-fulldim7_inv3
OrchestralHarp-ds4-fulldim7_inv0,OrchestralHarp-a3-fulldim7_inv2
OrchestralHarp-ds4-fulldim7_inv0,OrchestralHarp-c4-fulldim7_inv1
Pad8(sweep)-cs3-fulldim7_inv2,Pad8(sweep)-g3-fulldim7_inv0
Pad8(sweep)-cs3-fulldim7_inv2,Pad8(sweep)-e3-fulldim7_inv1
ElectricGuitar(jazz)-e4-fulldim7_inv0,ElectricGuitar(jazz)-cs4-fulldim7_inv1
ElectricGuitar(jazz)-e4-fulldim7_inv0,ElectricGuitar(jazz)-g3-fulldim7_inv3
ElectricGuitar(jazz)-e4-fulldim7_inv0,ElectricGuitar(jazz)-as3-fulldim7_inv2
SlapBass2-fs3-fulldim7_inv0,SlapBass2-c3-fulldim7_inv2
SlapBass2-fs3-fulldim7_inv0,SlapBass2-ds3-fulldim7_inv1
Lead3(calliope)-d4-fulldim7_inv1,Lead3(calliope)-b3-fulldim7_inv2
Lead3(calliope)-d4-fulldim7_inv1,Lead3(calliope)-gs3-fulldim7_inv3
Marimba-g3-fulldim7_inv3,Marimba-e4-fulldim7_inv0
Marimba-g3-fulldim7_inv3,Marimba-as3-fulldim7_inv2
Marimba-g3-fulldim7_inv3,Marimba-cs4-fulldim7_inv1
Pad6(metallic)-gs3-fulldim7_inv2,Pad6(metallic)-b3-fulldim7_inv1
Pad6(metallic)-gs3-fulldim7_inv2,Pad6(metallic)-f3-fulldim7_inv3
DrawbarOrgan-c3-fulldim7_inv3,DrawbarOrgan-fs3-fulldim7_inv1
DrawbarOrgan-c3-fulldim7_inv3,DrawbarOrgan-ds3-fulldim7_inv2
DrawbarOrgan-c3-fulldim7_inv3,DrawbarOrgan-a3-fulldim7_inv0
Cello-c4-fulldim7_inv1,Cello-a3-fulldim7_inv2
Cello-c4-fulldim7_inv1,Cello-fs3-fulldim7_inv3
BaritoneSax-d4-fulldim7_inv0,BaritoneSax-b3-fulldim7_inv1
BaritoneSax-d4-fulldim7_inv0,BaritoneSax-f3-fulldim7_inv3
BaritoneSax-d4-fulldim7_inv0,BaritoneSax-gs3-fulldim7_inv2
Bagpipe-e4-fulldim7_inv0,Bagpipe-g3-fulldim7_inv3
Bagpipe-e4-fulldim7_inv0,Bagpipe-cs4-fulldim7_inv1
Pad5(bowed)-g3-fulldim7_inv0,Pad5(bowed)-cs3-fulldim7_inv2
Pad5(bowed)-g3-fulldim7_inv0,Pad5(bowed)-e3-fulldim7_inv1
FretlessBass-d4-fulldim7_inv1,FretlessBass-b3-fulldim7_inv2
FretlessBass-d4-fulldim7_inv1,FretlessBass-gs3-fulldim7_inv3
SynthStrings2-c3-fulldim7_inv3,SynthStrings2-fs3-fulldim7_inv1
Harpsichord-ds3-fulldim7_inv2,Harpsichord-fs3-fulldim7_inv1
Harpsichord-ds3-fulldim7_inv2,Harpsichord-c3-fulldim7_inv3
AcousticGuitar(nylon)-a3-fulldim7_inv0,AcousticGuitar(nylon)-ds3-fulldim7_inv2
AcousticGuitar(nylon)-a3-fulldim7_inv0,AcousticGuitar(nylon)-fs3-fulldim7_inv1
Vibraphone-as3-fulldim7_inv0,Vibraphone-cs3-fulldim7_inv3
Vibraphone-as3-fulldim7_inv0,Vibraphone-e3-fulldim7_inv2
Vibraphone-as3-fulldim7_inv0,Vibraphone-g3-fulldim7_inv1
AcousticBass-d3-fulldim7_inv3,AcousticBass-b3-fulldim7_inv0
AcousticBass-d3-fulldim7_inv3,AcousticBass-gs3-fulldim7_inv1
AcousticBass-d3-fulldim7_inv3,AcousticBass-f3-fulldim7_inv2
Dulcimer-f4-fulldim7_inv0,Dulcimer-d4-fulldim7_inv1
BlownBottle-as3-fulldim7_inv0,BlownBottle-g3-fulldim7_inv1
BlownBottle-as3-fulldim7_inv0,BlownBottle-e3-fulldim7_inv2
BlownBottle-as3-fulldim7_inv0,BlownBottle-cs3-fulldim7_inv3
Lead1(square)-b3-fulldim7_inv1,Lead1(square)-f3-fulldim7_inv3
Lead1(square)-b3-fulldim7_inv1,Lead1(square)-gs3-fulldim7_inv2
Lead1(square)-b3-fulldim7_inv1,Lead1(square)-d4-fulldim7_inv0
AcousticGuitar(steel)-fs3-fulldim7_inv1,AcousticGuitar(steel)-a3-fulldim7_inv0
AcousticGuitar(steel)-fs3-fulldim7_inv1,AcousticGuitar(steel)-c3-fulldim7_inv3
AcousticGuitar(steel)-fs3-fulldim7_inv1,AcousticGuitar(steel)-ds3-fulldim7_inv2
SynthStrings1-fs3-fulldim7_inv2,SynthStrings1-c4-fulldim7_inv0
SynthStrings1-fs3-fulldim7_inv2,SynthStrings1-ds3-fulldim7_inv3
PercussiveOrgan-a3-fulldim7_inv0,PercussiveOrgan-ds3-fulldim7_inv2
PercussiveOrgan-a3-fulldim7_inv0,PercussiveOrgan-c3-fulldim7_inv3
DistortionGuitar-c3-fulldim7_inv2,DistortionGuitar-ds3-fulldim7_inv1
Pad8(sweep)-gs3-fulldim7_inv3,Pad8(sweep)-f4-fulldim7_inv0
Pad8(sweep)-gs3-fulldim7_inv3,Pad8(sweep)-d4-fulldim7_inv1
Pad8(sweep)-gs3-fulldim7_inv3,Pad8(sweep)-b3-fulldim7_inv2
SlapBass2-b3-fulldim7_inv2,SlapBass2-d4-fulldim7_inv1
SlapBass2-b3-fulldim7_inv2,SlapBass2-f4-fulldim7_inv0
SlapBass2-ds4-fulldim7_inv0,SlapBass2-c4-fulldim7_inv1
SlapBass2-ds4-fulldim7_inv0,SlapBass2-a3-fulldim7_inv2
SlapBass2-ds4-fulldim7_inv0,SlapBass2-fs3-fulldim7_inv3
Banjo-f3-fulldim7_inv3,Banjo-d4-fulldim7_inv0
Banjo-f3-fulldim7_inv3,Banjo-b3-fulldim7_inv1
Banjo-f3-fulldim7_inv3,Banjo-gs3-fulldim7_inv2
Tuba-b3-fulldim7_inv2,Tuba-d4-fulldim7_inv1
Tuba-b3-fulldim7_inv2,Tuba-gs3-fulldim7_inv3
Tuba-b3-fulldim7_inv2,Tuba-f4-fulldim7_inv0
Lead1(square)-fs3-fulldim7_inv3,Lead1(square)-ds4-fulldim7_inv0
Lead1(square)-fs3-fulldim7_inv3,Lead1(square)-c4-fulldim7_inv1
Lead4(chiff)-f4-fulldim7_inv0,Lead4(chiff)-b3-fulldim7_inv2
Lead4(chiff)-f4-fulldim7_inv0,Lead4(chiff)-gs3-fulldim7_inv3
Lead4(chiff)-f4-fulldim7_inv0,Lead4(chiff)-d4-fulldim7_inv1
PizzicatoStrings-as3-fulldim7_inv1,PizzicatoStrings-cs4-fulldim7_inv0
PizzicatoStrings-as3-fulldim7_inv1,PizzicatoStrings-g3-fulldim7_inv2
PizzicatoStrings-as3-fulldim7_inv1,PizzicatoStrings-e3-fulldim7_inv3
AcousticGrandPiano-c3-fulldim7_inv3,AcousticGrandPiano-a3-fulldim7_inv0
AcousticGrandPiano-c3-fulldim7_inv3,AcousticGrandPiano-fs3-fulldim7_inv1
Oboe-f3-fulldim7_inv3,Oboe-d4-fulldim7_inv0
Oboe-f3-fulldim7_inv3,Oboe-b3-fulldim7_inv1
AcousticBass-as3-fulldim7_inv1,AcousticBass-g3-fulldim7_inv2
AcousticBass-as3-fulldim7_inv1,AcousticBass-e3-fulldim7_inv3
ElectricGuitar(muted)-ds3-fulldim7_inv1,ElectricGuitar(muted)-fs3-fulldim7_inv0
ElectricGuitar(muted)-ds3-fulldim7_inv1,ElectricGuitar(muted)-c3-fulldim7_inv2
Pad1(newage)-f3-fulldim7_inv2,Pad1(newage)-d3-fulldim7_inv3
Pad1(newage)-f3-fulldim7_inv2,Pad1(newage)-gs3-fulldim7_inv1
DrawbarOrgan-cs4-fulldim7_inv1,DrawbarOrgan-as3-fulldim7_inv2
DrawbarOrgan-cs4-fulldim7_inv1,DrawbarOrgan-g3-fulldim7_inv3
DrawbarOrgan-cs4-fulldim7_inv1,DrawbarOrgan-e4-fulldim7_inv0
Koto-ds3-fulldim7_inv1,Koto-fs3-fulldim7_inv0
Koto-ds3-fulldim7_inv1,Koto-c3-fulldim7_inv2
ChurchOrgan-cs4-fulldim7_inv1,ChurchOrgan-g3-fulldim7_inv3
ChurchOrgan-cs4-fulldim7_inv1,ChurchOrgan-as3-fulldim7_inv2
ChurchOrgan-cs4-fulldim7_inv1,ChurchOrgan-e4-fulldim7_inv0
Fiddle-ds3-fulldim7_inv1,Fiddle-fs3-fulldim7_inv0
Fiddle-ds3-fulldim7_inv1,Fiddle-c3-fulldim7_inv2
Xylophone-f3-fulldim7_inv3,Xylophone-gs3-fulldim7_inv2
Xylophone-f3-fulldim7_inv3,Xylophone-b3-fulldim7_inv1
Xylophone-f3-fulldim7_inv3,Xylophone-d4-fulldim7_inv0
Pad4(choir)-f3-fulldim7_inv2,Pad4(choir)-gs3-fulldim7_inv1
Pad4(choir)-f3-fulldim7_inv2,Pad4(choir)-d3-fulldim7_inv3
Lead8(bass+lead)-ds4-fulldim7_inv0,Lead8(bass+lead)-c4-fulldim7_inv1
MutedTrumpet-as3-fulldim7_inv1,MutedTrumpet-e3-fulldim7_inv3
MutedTrumpet-as3-fulldim7_inv1,MutedTrumpet-cs4-fulldim7_inv0
SlapBass2-c3-fulldim7_inv2,SlapBass2-ds3-fulldim7_inv1
Lead4(chiff)-a3-fulldim7_inv2,Lead4(chiff)-fs3-fulldim7_inv3
Lead4(chiff)-a3-fulldim7_inv2,Lead4(chiff)-ds4-fulldim7_inv0
Lead4(chiff)-a3-fulldim7_inv2,Lead4(chiff)-c4-fulldim7_inv1
Xylophone-b3-fulldim7_inv0,Xylophone-d3-fulldim7_inv3
Xylophone-b3-fulldim7_inv0,Xylophone-f3-fulldim7_inv2
Xylophone-b3-fulldim7_inv0,Xylophone-gs3-fulldim7_inv1
SynthStrings2-as3-fulldim7_inv0,SynthStrings2-e3-fulldim7_inv2
SynthStrings2-as3-fulldim7_inv0,SynthStrings2-cs3-fulldim7_inv3
TenorSax-ds3-fulldim7_inv3,TenorSax-c4-fulldim7_inv0
Trombone-e4-fulldim7_inv0,Trombone-cs4-fulldim7_inv1
SynthBrass2-gs3-fulldim7_inv2,SynthBrass2-d4-fulldim7_inv0
SynthBrass2-gs3-fulldim7_inv2,SynthBrass2-b3-fulldim7_inv1
SynthBrass2-gs3-fulldim7_inv2,SynthBrass2-f3-fulldim7_inv3
ElectricBass(pick)-e3-fulldim7_inv3,ElectricBass(pick)-as3-fulldim7_inv1
ElectricBass(pick)-e3-fulldim7_inv3,ElectricBass(pick)-cs4-fulldim7_inv0
ElectricBass(pick)-e3-fulldim7_inv3,ElectricBass(pick)-g3-fulldim7_inv2
Bassoon-a3-fulldim7_inv1,Bassoon-fs3-fulldim7_inv2
Bassoon-a3-fulldim7_inv1,Bassoon-ds3-fulldim7_inv3
OverdrivenGuitar-f3-fulldim7_inv2,OverdrivenGuitar-b3-fulldim7_inv0
OverdrivenGuitar-f3-fulldim7_inv2,OverdrivenGuitar-gs3-fulldim7_inv1
ElectricPiano2-e3-fulldim7_inv2,ElectricPiano2-g3-fulldim7_inv1
ElectricPiano2-e3-fulldim7_inv2,ElectricPiano2-cs3-fulldim7_inv3
SlapBass1-as3-fulldim7_inv0,SlapBass1-cs3-fulldim7_inv3
SlapBass1-as3-fulldim7_inv0,SlapBass1-e3-fulldim7_inv2
SlapBass2-d4-fulldim7_inv1,SlapBass2-f4-fulldim7_inv0
ElectricBass(pick)-c4-fulldim7_inv1,ElectricBass(pick)-fs3-fulldim7_inv3
ElectricBass(pick)-c4-fulldim7_inv1,ElectricBass(pick)-a3-fulldim7_inv2
ElectricBass(pick)-c4-fulldim7_inv1,ElectricBass(pick)-ds4-fulldim7_inv0
SynthVoice-cs3-fulldim7_inv2,SynthVoice-g3-fulldim7_inv0
Lead8(bass+lead)-c3-fulldim7_inv2,Lead8(bass+lead)-ds3-fulldim7_inv1
Lead8(bass+lead)-c3-fulldim7_inv2,Lead8(bass+lead)-fs3-fulldim7_inv0
FrenchHorn-ds3-fulldim7_inv2,FrenchHorn-a3-fulldim7_inv0
FrenchHorn-ds3-fulldim7_inv2,FrenchHorn-c3-fulldim7_inv3
SynthBass2-ds3-fulldim7_inv1,SynthBass2-c3-fulldim7_inv2
Shamisen-d3-fulldim7_inv2,Shamisen-gs3-fulldim7_inv0
Shamisen-d3-fulldim7_inv2,Shamisen-f3-fulldim7_inv1
Pad6(metallic)-d3-fulldim7_inv2,Pad6(metallic)-f3-fulldim7_inv1
Banjo-f3-fulldim7_inv2,Banjo-b3-fulldim7_inv0
Banjo-f3-fulldim7_inv2,Banjo-d3-fulldim7_inv3
Banjo-f3-fulldim7_inv2,Banjo-gs3-fulldim7_inv1
BaritoneSax-gs3-fulldim7_inv0,BaritoneSax-d3-fulldim7_inv2
SynthVoice-as3-fulldim7_inv2,SynthVoice-cs4-fulldim7_inv1
SynthVoice-as3-fulldim7_inv2,SynthVoice-e4-fulldim7_inv0
SynthVoice-as3-fulldim7_inv2,SynthVoice-g3-fulldim7_inv3
SopranoSax-fs3-fulldim7_inv2,SopranoSax-ds3-fulldim7_inv3
SopranoSax-fs3-fulldim7_inv2,SopranoSax-c4-fulldim7_inv0
SopranoSax-fs3-fulldim7_inv2,SopranoSax-a3-fulldim7_inv1
AcousticGuitar(nylon)-e3-fulldim7_inv1,AcousticGuitar(nylon)-cs3-fulldim7_inv2
Fiddle-a3-fulldim7_inv1,Fiddle-c4-fulldim7_inv0
Fiddle-a3-fulldim7_inv1,Fiddle-fs3-fulldim7_inv2
Fiddle-a3-fulldim7_inv1,Fiddle-ds3-fulldim7_inv3
Shamisen-a3-fulldim7_inv2,Shamisen-c4-fulldim7_inv1
Shamisen-a3-fulldim7_inv2,Shamisen-fs3-fulldim7_inv3
SynthStrings1-gs3-fulldim7_inv3,SynthStrings1-d4-fulldim7_inv1
SynthStrings1-gs3-fulldim7_inv3,SynthStrings1-f4-fulldim7_inv0
SynthStrings1-gs3-fulldim7_inv3,SynthStrings1-b3-fulldim7_inv2
SynthBass1-b3-fulldim7_inv0,SynthBass1-gs3-fulldim7_inv1
SynthBass1-b3-fulldim7_inv0,SynthBass1-d3-fulldim7_inv3
SlapBass2-gs3-fulldim7_inv0,SlapBass2-f3-fulldim7_inv1
SlapBass2-gs3-fulldim7_inv0,SlapBass2-d3-fulldim7_inv2
SopranoSax-as3-fulldim7_inv1,SopranoSax-cs4-fulldim7_inv0
SopranoSax-as3-fulldim7_inv1,SopranoSax-g3-fulldim7_inv2
SopranoSax-as3-fulldim7_inv1,SopranoSax-e3-fulldim7_inv3
Shanai-fs3-fulldim7_inv2,Shanai-ds3-fulldim7_inv3
Shanai-fs3-fulldim7_inv2,Shanai-a3-fulldim7_inv1
AltoSax-c3-fulldim7_inv3,AltoSax-ds3-fulldim7_inv2
AltoSax-c3-fulldim7_inv3,AltoSax-a3-fulldim7_inv0
AltoSax-c3-fulldim7_inv3,AltoSax-fs3-fulldim7_inv1
Lead1(square)-d3-fulldim7_inv2,Lead1(square)-f3-fulldim7_inv1
Lead1(square)-d3-fulldim7_inv2,Lead1(square)-gs3-fulldim7_inv0
ChoirAahs-cs4-fulldim7_inv1,ChoirAahs-g3-fulldim7_inv3
ChoirAahs-cs4-fulldim7_inv1,ChoirAahs-as3-fulldim7_inv2
Lead8(bass+lead)-c3-fulldim7_inv3,Lead8(bass+lead)-a3-fulldim7_inv0
Lead8(bass+lead)-c3-fulldim7_inv3,Lead8(bass+lead)-fs3-fulldim7_inv1
MusicBox-e4-fulldim7_inv0,MusicBox-cs4-fulldim7_inv1
MusicBox-e4-fulldim7_inv0,MusicBox-as3-fulldim7_inv2
MusicBox-e4-fulldim7_inv0,MusicBox-g3-fulldim7_inv3
TenorSax-d4-fulldim7_inv1,TenorSax-gs3-fulldim7_inv3
TenorSax-d4-fulldim7_inv1,TenorSax-f4-fulldim7_inv0
AcousticGuitar(nylon)-cs3-fulldim7_inv3,AcousticGuitar(nylon)-g3-fulldim7_inv1
AcousticGuitar(nylon)-cs3-fulldim7_inv3,AcousticGuitar(nylon)-e3-fulldim7_inv2
SlapBass2-as3-fulldim7_inv1,SlapBass2-g3-fulldim7_inv2
SlapBass2-as3-fulldim7_inv1,SlapBass2-cs4-fulldim7_inv0
SlapBass2-as3-fulldim7_inv1,SlapBass2-e3-fulldim7_inv3
Pad1(newage)-cs3-fulldim7_inv3,Pad1(newage)-e3-fulldim7_inv2
Pad1(newage)-cs3-fulldim7_inv3,Pad1(newage)-g3-fulldim7_inv1
Pad1(newage)-cs3-fulldim7_inv3,Pad1(newage)-as3-fulldim7_inv0
DistortionGuitar-a3-fulldim7_inv0,DistortionGuitar-ds3-fulldim7_inv2
DistortionGuitar-a3-fulldim7_inv0,DistortionGuitar-c3-fulldim7_inv3
DistortionGuitar-a3-fulldim7_inv0,DistortionGuitar-fs3-fulldim7_inv1
Honky-tonkPiano-ds3-fulldim7_inv2,Honky-tonkPiano-fs3-fulldim7_inv1
Honky-tonkPiano-ds3-fulldim7_inv2,Honky-tonkPiano-c3-fulldim7_inv3
Honky-tonkPiano-ds3-fulldim7_inv2,Honky-tonkPiano-a3-fulldim7_inv0
OverdrivenGuitar-a3-fulldim7_inv0,OverdrivenGuitar-c3-fulldim7_inv3
OverdrivenGuitar-a3-fulldim7_inv0,OverdrivenGuitar-fs3-fulldim7_inv1
OverdrivenGuitar-a3-fulldim7_inv0,OverdrivenGuitar-ds3-fulldim7_inv2
PizzicatoStrings-a3-fulldim7_inv0,PizzicatoStrings-ds3-fulldim7_inv2
PizzicatoStrings-a3-fulldim7_inv0,PizzicatoStrings-fs3-fulldim7_inv1
FretlessBass-cs4-fulldim7_inv0,FretlessBass-e3-fulldim7_inv3
FretlessBass-cs4-fulldim7_inv0,FretlessBass-g3-fulldim7_inv2
Koto-g3-fulldim7_inv1,Koto-as3-fulldim7_inv0
Koto-g3-fulldim7_inv1,Koto-cs3-fulldim7_inv3
ChoirAahs-c4-fulldim7_inv1,ChoirAahs-fs3-fulldim7_inv3
ChoirAahs-c4-fulldim7_inv1,ChoirAahs-a3-fulldim7_inv2
ElectricBass(finger)-ds3-fulldim7_inv2,ElectricBass(finger)-fs3-fulldim7_inv1
ElectricBass(finger)-ds3-fulldim7_inv2,ElectricBass(finger)-a3-fulldim7_inv0
ElectricBass(finger)-ds3-fulldim7_inv2,ElectricBass(finger)-c3-fulldim7_inv3
TenorSax-e4-fulldim7_inv0,TenorSax-as3-fulldim7_inv2
Marimba-f3-fulldim7_inv3,Marimba-gs3-fulldim7_inv2
Marimba-f3-fulldim7_inv3,Marimba-d4-fulldim7_inv0
Marimba-f3-fulldim7_inv3,Marimba-b3-fulldim7_inv1
OrchestralHarp-f3-fulldim7_inv1,OrchestralHarp-d3-fulldim7_inv2
OrchestralHarp-f3-fulldim7_inv1,OrchestralHarp-gs3-fulldim7_inv0
Pad8(sweep)-c4-fulldim7_inv1,Pad8(sweep)-fs3-fulldim7_inv3
Pad8(sweep)-c4-fulldim7_inv1,Pad8(sweep)-a3-fulldim7_inv2
Violin-e3-fulldim7_inv3,Violin-g3-fulldim7_inv2
Violin-e3-fulldim7_inv3,Violin-cs4-fulldim7_inv0
SynthStrings1-d3-fulldim7_inv2,SynthStrings1-f3-fulldim7_inv1
SynthStrings1-d3-fulldim7_inv2,SynthStrings1-gs3-fulldim7_inv0
Pad6(metallic)-ds3-fulldim7_inv1,Pad6(metallic)-c3-fulldim7_inv2
Pad6(metallic)-ds3-fulldim7_inv1,Pad6(metallic)-fs3-fulldim7_inv0
Flute-as3-fulldim7_inv0,Flute-g3-fulldim7_inv1
Flute-as3-fulldim7_inv0,Flute-cs3-fulldim7_inv3
Flute-as3-fulldim7_inv0,Flute-e3-fulldim7_inv2
Piccolo-g3-fulldim7_inv0,Piccolo-e3-fulldim7_inv1
Piccolo-g3-fulldim7_inv0,Piccolo-cs3-fulldim7_inv2
Clarinet-cs4-fulldim7_inv0,Clarinet-as3-fulldim7_inv1
Clarinet-cs4-fulldim7_inv0,Clarinet-g3-fulldim7_inv2
OrchestralHarp-d4-fulldim7_inv0,OrchestralHarp-b3-fulldim7_inv1
OrchestralHarp-d4-fulldim7_inv0,OrchestralHarp-gs3-fulldim7_inv2
Pad7(halo)-e3-fulldim7_inv2,Pad7(halo)-as3-fulldim7_inv0
AcousticGuitar(nylon)-gs3-fulldim7_inv0,AcousticGuitar(nylon)-d3-fulldim7_inv2
Ocarina-cs4-fulldim7_inv1,Ocarina-g3-fulldim7_inv3
Clavinet-cs3-fulldim7_inv3,Clavinet-e3-fulldim7_inv2
Clavinet-cs3-fulldim7_inv3,Clavinet-g3-fulldim7_inv1
Lead8(bass+lead)-e3-fulldim7_inv2,Lead8(bass+lead)-g3-fulldim7_inv1
Lead8(bass+lead)-e3-fulldim7_inv2,Lead8(bass+lead)-cs3-fulldim7_inv3
Lead3(calliope)-a3-fulldim7_inv2,Lead3(calliope)-fs3-fulldim7_inv3
Harpsichord-fs3-fulldim7_inv0,Harpsichord-ds3-fulldim7_inv1
Harpsichord-fs3-fulldim7_inv0,Harpsichord-c3-fulldim7_inv2
SynthStrings2-gs3-fulldim7_inv0,SynthStrings2-f3-fulldim7_inv1
ChurchOrgan-g3-fulldim7_inv1,ChurchOrgan-e3-fulldim7_inv2
ChurchOrgan-g3-fulldim7_inv1,ChurchOrgan-as3-fulldim7_inv0
ElectricBass(finger)-fs3-fulldim7_inv1,ElectricBass(finger)-a3-fulldim7_inv0
ElectricBass(finger)-fs3-fulldim7_inv1,ElectricBass(finger)-c3-fulldim7_inv3
ElectricGuitar(clean)-b3-fulldim7_inv1,ElectricGuitar(clean)-f3-fulldim7_inv3
ElectricGuitar(clean)-b3-fulldim7_inv1,ElectricGuitar(clean)-gs3-fulldim7_inv2
ElectricGuitar(clean)-b3-fulldim7_inv1,ElectricGuitar(clean)-d4-fulldim7_inv0
OrchestralHarp-a3-fulldim7_inv1,OrchestralHarp-fs3-fulldim7_inv2
OrchestralHarp-a3-fulldim7_inv1,OrchestralHarp-ds3-fulldim7_inv3
Pad4(choir)-ds3-fulldim7_inv1,Pad4(choir)-fs3-fulldim7_inv0
Pad4(choir)-ds3-fulldim7_inv1,Pad4(choir)-c3-fulldim7_inv2
MusicBox-b3-fulldim7_inv1,MusicBox-d4-fulldim7_inv0
MusicBox-b3-fulldim7_inv1,MusicBox-f3-fulldim7_inv3
Marimba-f4-fulldim7_inv0,Marimba-b3-fulldim7_inv2
Marimba-f4-fulldim7_inv0,Marimba-gs3-fulldim7_inv3
SynthBrass1-cs4-fulldim7_inv1,SynthBrass1-as3-fulldim7_inv2
SynthBrass1-cs4-fulldim7_inv1,SynthBrass1-g3-fulldim7_inv3
SynthBrass1-cs4-fulldim7_inv1,SynthBrass1-e4-fulldim7_inv0
ElectricGuitar(jazz)-c3-fulldim7_inv3,ElectricGuitar(jazz)-ds3-fulldim7_inv2
ElectricGuitar(jazz)-c3-fulldim7_inv3,ElectricGuitar(jazz)-fs3-fulldim7_inv1
StringEnsemble1-e3-fulldim7_inv1,StringEnsemble1-g3-fulldim7_inv0
StringEnsemble1-e3-fulldim7_inv1,StringEnsemble1-cs3-fulldim7_inv2
MutedTrumpet-d3-fulldim7_inv3,MutedTrumpet-f3-fulldim7_inv2
MutedTrumpet-d3-fulldim7_inv3,MutedTrumpet-b3-fulldim7_inv0
MutedTrumpet-d3-fulldim7_inv3,MutedTrumpet-gs3-fulldim7_inv1
ElectricGuitar(clean)-f3-fulldim7_inv1,ElectricGuitar(clean)-gs3-fulldim7_inv0
ElectricGuitar(clean)-f3-fulldim7_inv1,ElectricGuitar(clean)-d3-fulldim7_inv2
SynthBass1-cs4-fulldim7_inv1,SynthBass1-as3-fulldim7_inv2
Xylophone-d3-fulldim7_inv3,Xylophone-f3-fulldim7_inv2
Xylophone-d3-fulldim7_inv3,Xylophone-gs3-fulldim7_inv1
Pad5(bowed)-g3-fulldim7_inv2,Pad5(bowed)-e3-fulldim7_inv3
Pad5(bowed)-g3-fulldim7_inv2,Pad5(bowed)-cs4-fulldim7_inv0
Dulcimer-f3-fulldim7_inv1,Dulcimer-gs3-fulldim7_inv0
Lead2(sawtooth)-e3-fulldim7_inv3,Lead2(sawtooth)-cs4-fulldim7_inv0
Lead2(sawtooth)-e3-fulldim7_inv3,Lead2(sawtooth)-g3-fulldim7_inv2
Clarinet-b3-fulldim7_inv2,Clarinet-d4-fulldim7_inv1
Clarinet-b3-fulldim7_inv2,Clarinet-f4-fulldim7_inv0
Clarinet-b3-fulldim7_inv2,Clarinet-gs3-fulldim7_inv3
Fiddle-f3-fulldim7_inv1,Fiddle-d3-fulldim7_inv2
Pad1(newage)-gs3-fulldim7_inv3,Pad1(newage)-d4-fulldim7_inv1
Pad1(newage)-gs3-fulldim7_inv3,Pad1(newage)-f4-fulldim7_inv0
Pad1(newage)-gs3-fulldim7_inv3,Pad1(newage)-b3-fulldim7_inv2
ElectricPiano2-cs4-fulldim7_inv0,ElectricPiano2-e3-fulldim7_inv3
ElectricPiano2-cs4-fulldim7_inv0,ElectricPiano2-g3-fulldim7_inv2
SlapBass1-e3-fulldim7_inv1,SlapBass1-g3-fulldim7_inv0
SlapBass1-e3-fulldim7_inv1,SlapBass1-cs3-fulldim7_inv2
DistortionGuitar-ds4-fulldim7_inv0,DistortionGuitar-fs3-fulldim7_inv3
DistortionGuitar-ds4-fulldim7_inv0,DistortionGuitar-a3-fulldim7_inv2
DistortionGuitar-ds4-fulldim7_inv0,DistortionGuitar-c4-fulldim7_inv1
OverdrivenGuitar-f4-fulldim7_inv0,OverdrivenGuitar-gs3-fulldim7_inv3
OverdrivenGuitar-f4-fulldim7_inv0,OverdrivenGuitar-b3-fulldim7_inv2
ElectricBass(finger)-e3-fulldim7_inv2,ElectricBass(finger)-g3-fulldim7_inv1
ElectricBass(finger)-e3-fulldim7_inv2,ElectricBass(finger)-as3-fulldim7_inv0
ElectricBass(finger)-e3-fulldim7_inv2,ElectricBass(finger)-cs3-fulldim7_inv3
AltoSax-fs3-fulldim7_inv3,AltoSax-c4-fulldim7_inv1
AltoSax-fs3-fulldim7_inv3,AltoSax-a3-fulldim7_inv2
AltoSax-fs3-fulldim7_inv3,AltoSax-ds4-fulldim7_inv0
Ocarina-fs3-fulldim7_inv0,Ocarina-ds3-fulldim7_inv1
Ocarina-fs3-fulldim7_inv0,Ocarina-c3-fulldim7_inv2
DistortionGuitar-e3-fulldim7_inv3,DistortionGuitar-cs4-fulldim7_inv0
DistortionGuitar-e3-fulldim7_inv3,DistortionGuitar-g3-fulldim7_inv2
SlapBass2-a3-fulldim7_inv0,SlapBass2-fs3-fulldim7_inv1
SlapBass2-a3-fulldim7_inv0,SlapBass2-ds3-fulldim7_inv2
Pad2(warm)-cs4-fulldim7_inv1,Pad2(warm)-g3-fulldim7_inv3
Pad2(warm)-cs4-fulldim7_inv1,Pad2(warm)-as3-fulldim7_inv2
Pad2(warm)-cs4-fulldim7_inv1,Pad2(warm)-e4-fulldim7_inv0
VoiceOohs-gs3-fulldim7_inv2,VoiceOohs-b3-fulldim7_inv1
VoiceOohs-gs3-fulldim7_inv2,VoiceOohs-f3-fulldim7_inv3
Lead4(chiff)-g3-fulldim7_inv0,Lead4(chiff)-cs3-fulldim7_inv2
Lead4(chiff)-g3-fulldim7_inv0,Lead4(chiff)-e3-fulldim7_inv1
Trumpet-b3-fulldim7_inv0,Trumpet-d3-fulldim7_inv3
Trumpet-b3-fulldim7_inv0,Trumpet-gs3-fulldim7_inv1
RockOrgan-e3-fulldim7_inv3,RockOrgan-g3-fulldim7_inv2
RockOrgan-e3-fulldim7_inv3,RockOrgan-as3-fulldim7_inv1
RockOrgan-e3-fulldim7_inv3,RockOrgan-cs4-fulldim7_inv0
SynthBass2-gs3-fulldim7_inv3,SynthBass2-f4-fulldim7_inv0
SynthBass2-gs3-fulldim7_inv3,SynthBass2-d4-fulldim7_inv1
SynthBass2-gs3-fulldim7_inv3,SynthBass2-b3-fulldim7_inv2
ElectricBass(pick)-fs3-fulldim7_inv0,ElectricBass(pick)-c3-fulldim7_inv2
ElectricBass(pick)-fs3-fulldim7_inv0,ElectricBass(pick)-ds3-fulldim7_inv1
AcousticBass-f3-fulldim7_inv3,AcousticBass-d4-fulldim7_inv0
AcousticBass-f3-fulldim7_inv3,AcousticBass-gs3-fulldim7_inv2
Trumpet-e4-fulldim7_inv0,Trumpet-as3-fulldim7_inv2
Trumpet-e4-fulldim7_inv0,Trumpet-g3-fulldim7_inv3
BrassSection-gs3-fulldim7_inv2,BrassSection-d4-fulldim7_inv0
BrassSection-gs3-fulldim7_inv2,BrassSection-b3-fulldim7_inv1
BrassSection-gs3-fulldim7_inv2,BrassSection-f3-fulldim7_inv3
Shanai-d3-fulldim7_inv3,Shanai-b3-fulldim7_inv0
Shanai-d3-fulldim7_inv3,Shanai-f3-fulldim7_inv2
ElectricGuitar(jazz)-fs3-fulldim7_inv2,ElectricGuitar(jazz)-a3-fulldim7_inv1
ElectricGuitar(jazz)-fs3-fulldim7_inv2,ElectricGuitar(jazz)-ds3-fulldim7_inv3
ElectricGuitar(jazz)-fs3-fulldim7_inv2,ElectricGuitar(jazz)-c4-fulldim7_inv0
Lead5(charang)-ds3-fulldim7_inv2,Lead5(charang)-fs3-fulldim7_inv1
Lead5(charang)-ds3-fulldim7_inv2,Lead5(charang)-a3-fulldim7_inv0
Lead5(charang)-ds3-fulldim7_inv2,Lead5(charang)-c3-fulldim7_inv3
EnglishHorn-g3-fulldim7_inv1,EnglishHorn-cs3-fulldim7_inv3
EnglishHorn-g3-fulldim7_inv1,EnglishHorn-as3-fulldim7_inv0
Ocarina-a3-fulldim7_inv0,Ocarina-fs3-fulldim7_inv1
Ocarina-a3-fulldim7_inv0,Ocarina-c3-fulldim7_inv3
Ocarina-a3-fulldim7_inv0,Ocarina-ds3-fulldim7_inv2
Bassoon-a3-fulldim7_inv2,Bassoon-ds4-fulldim7_inv0
Bassoon-a3-fulldim7_inv2,Bassoon-c4-fulldim7_inv1
Koto-d4-fulldim7_inv1,Koto-b3-fulldim7_inv2
Koto-d4-fulldim7_inv1,Koto-gs3-fulldim7_inv3
Koto-d4-fulldim7_inv1,Koto-f4-fulldim7_inv0
SlapBass2-c4-fulldim7_inv1,SlapBass2-a3-fulldim7_inv2
SlapBass2-c4-fulldim7_inv1,SlapBass2-fs3-fulldim7_inv3
Cello-b3-fulldim7_inv1,Cello-f3-fulldim7_inv3
Cello-b3-fulldim7_inv1,Cello-d4-fulldim7_inv0
Cello-b3-fulldim7_inv1,Cello-gs3-fulldim7_inv2
Ocarina-cs3-fulldim7_inv2,Ocarina-g3-fulldim7_inv0
Ocarina-cs3-fulldim7_inv2,Ocarina-e3-fulldim7_inv1
FrenchHorn-fs3-fulldim7_inv3,FrenchHorn-a3-fulldim7_inv2
FrenchHorn-fs3-fulldim7_inv3,FrenchHorn-ds4-fulldim7_inv0
FrenchHorn-fs3-fulldim7_inv3,FrenchHorn-c4-fulldim7_inv1
DistortionGuitar-e4-fulldim7_inv0,DistortionGuitar-g3-fulldim7_inv3
DistortionGuitar-e4-fulldim7_inv0,DistortionGuitar-as3-fulldim7_inv2
DistortionGuitar-e4-fulldim7_inv0,DistortionGuitar-cs4-fulldim7_inv1
MusicBox-a3-fulldim7_inv1,MusicBox-fs3-fulldim7_inv2
MusicBox-a3-fulldim7_inv1,MusicBox-c4-fulldim7_inv0
ElectricGuitar(jazz)-fs3-fulldim7_inv0,ElectricGuitar(jazz)-c3-fulldim7_inv2
ElectricGuitar(jazz)-fs3-fulldim7_inv0,ElectricGuitar(jazz)-ds3-fulldim7_inv1
Koto-f3-fulldim7_inv2,Koto-b3-fulldim7_inv0
Koto-f3-fulldim7_inv2,Koto-d3-fulldim7_inv3
Clarinet-g3-fulldim7_inv0,Clarinet-e3-fulldim7_inv1
BlownBottle-g3-fulldim7_inv3,BlownBottle-as3-fulldim7_inv2
BlownBottle-g3-fulldim7_inv3,BlownBottle-e4-fulldim7_inv0
BlownBottle-g3-fulldim7_inv3,BlownBottle-cs4-fulldim7_inv1
Pad7(halo)-f3-fulldim7_inv3,Pad7(halo)-b3-fulldim7_inv1
Pad7(halo)-f3-fulldim7_inv3,Pad7(halo)-d4-fulldim7_inv0
Shamisen-d3-fulldim7_inv3,Shamisen-gs3-fulldim7_inv1
Shamisen-d3-fulldim7_inv3,Shamisen-f3-fulldim7_inv2
SlapBass2-gs3-fulldim7_inv2,SlapBass2-b3-fulldim7_inv1
SlapBass2-gs3-fulldim7_inv2,SlapBass2-f3-fulldim7_inv3
OverdrivenGuitar-g3-fulldim7_inv1,OverdrivenGuitar-as3-fulldim7_inv0
StringEnsemble2-f4-fulldim7_inv0,StringEnsemble2-gs3-fulldim7_inv3
StringEnsemble2-f4-fulldim7_inv0,StringEnsemble2-b3-fulldim7_inv2
StringEnsemble2-f4-fulldim7_inv0,StringEnsemble2-d4-fulldim7_inv1
Tuba-fs3-fulldim7_inv3,Tuba-c4-fulldim7_inv1
Tuba-fs3-fulldim7_inv3,Tuba-a3-fulldim7_inv2
BlownBottle-ds3-fulldim7_inv3,BlownBottle-fs3-fulldim7_inv2
BlownBottle-ds3-fulldim7_inv3,BlownBottle-c4-fulldim7_inv0
BlownBottle-ds3-fulldim7_inv3,BlownBottle-a3-fulldim7_inv1
Pad3(polysynth)-as3-fulldim7_inv0,Pad3(polysynth)-e3-fulldim7_inv2
Pad3(polysynth)-as3-fulldim7_inv0,Pad3(polysynth)-cs3-fulldim7_inv3
Pad3(polysynth)-as3-fulldim7_inv0,Pad3(polysynth)-g3-fulldim7_inv1
Ocarina-c4-fulldim7_inv1,Ocarina-ds4-fulldim7_inv0
Ocarina-c4-fulldim7_inv1,Ocarina-fs3-fulldim7_inv3
Tuba-c4-fulldim7_inv1,Tuba-a3-fulldim7_inv2
StringEnsemble2-c3-fulldim7_inv3,StringEnsemble2-ds3-fulldim7_inv2
StringEnsemble2-c3-fulldim7_inv3,StringEnsemble2-fs3-fulldim7_inv1
Vibraphone-f3-fulldim7_inv1,Vibraphone-gs3-fulldim7_inv0
Vibraphone-f3-fulldim7_inv1,Vibraphone-d3-fulldim7_inv2
Pad6(metallic)-c4-fulldim7_inv1,Pad6(metallic)-fs3-fulldim7_inv3
Pad6(metallic)-c4-fulldim7_inv1,Pad6(metallic)-ds4-fulldim7_inv0
Dulcimer-e4-fulldim7_inv0,Dulcimer-g3-fulldim7_inv3
Dulcimer-e4-fulldim7_inv0,Dulcimer-as3-fulldim7_inv2
Dulcimer-e4-fulldim7_inv0,Dulcimer-cs4-fulldim7_inv1
PanFlute-d4-fulldim7_inv1,PanFlute-f4-fulldim7_inv0
PanFlute-d4-fulldim7_inv1,PanFlute-b3-fulldim7_inv2
PanFlute-d4-fulldim7_inv1,PanFlute-gs3-fulldim7_inv3
SynthBrass1-fs3-fulldim7_inv2,SynthBrass1-a3-fulldim7_inv1
SynthBrass1-fs3-fulldim7_inv2,SynthBrass1-c4-fulldim7_inv0
SynthBrass1-fs3-fulldim7_inv2,SynthBrass1-ds3-fulldim7_inv3
ChoirAahs-cs4-fulldim7_inv0,ChoirAahs-e3-fulldim7_inv3
ChoirAahs-cs4-fulldim7_inv0,ChoirAahs-g3-fulldim7_inv2
ChurchOrgan-g3-fulldim7_inv3,ChurchOrgan-as3-fulldim7_inv2
ChurchOrgan-g3-fulldim7_inv3,ChurchOrgan-e4-fulldim7_inv0
RockOrgan-d4-fulldim7_inv1,RockOrgan-b3-fulldim7_inv2
RockOrgan-d4-fulldim7_inv1,RockOrgan-f4-fulldim7_inv0
RockOrgan-d4-fulldim7_inv1,RockOrgan-gs3-fulldim7_inv3
ElectricGuitar(muted)-as3-fulldim7_inv2,ElectricGuitar(muted)-cs4-fulldim7_inv1
ElectricGuitar(muted)-as3-fulldim7_inv2,ElectricGuitar(muted)-e4-fulldim7_inv0
Vibraphone-a3-fulldim7_inv0,Vibraphone-ds3-fulldim7_inv2
Vibraphone-a3-fulldim7_inv0,Vibraphone-fs3-fulldim7_inv1
SynthBrass2-d3-fulldim7_inv2,SynthBrass2-gs3-fulldim7_inv0
SynthBrass2-d3-fulldim7_inv2,SynthBrass2-f3-fulldim7_inv1
PanFlute-ds3-fulldim7_inv3,PanFlute-c4-fulldim7_inv0
PanFlute-ds3-fulldim7_inv3,PanFlute-fs3-fulldim7_inv2
PanFlute-ds3-fulldim7_inv3,PanFlute-a3-fulldim7_inv1
AcousticGuitar(steel)-b3-fulldim7_inv0,AcousticGuitar(steel)-gs3-fulldim7_inv1
AcousticGuitar(steel)-b3-fulldim7_inv0,AcousticGuitar(steel)-d3-fulldim7_inv3
AcousticGuitar(nylon)-fs3-fulldim7_inv0,AcousticGuitar(nylon)-c3-fulldim7_inv2
AcousticGuitar(nylon)-fs3-fulldim7_inv0,AcousticGuitar(nylon)-ds3-fulldim7_inv1
MusicBox-d3-fulldim7_inv2,MusicBox-gs3-fulldim7_inv0
SlapBass2-g3-fulldim7_inv3,SlapBass2-cs4-fulldim7_inv1
SlapBass2-g3-fulldim7_inv3,SlapBass2-as3-fulldim7_inv2
SlapBass2-g3-fulldim7_inv3,SlapBass2-e4-fulldim7_inv0
Clavinet-a3-fulldim7_inv0,Clavinet-ds3-fulldim7_inv2
Clavinet-a3-fulldim7_inv0,Clavinet-c3-fulldim7_inv3
Clavinet-a3-fulldim7_inv0,Clavinet-fs3-fulldim7_inv1
ElectricPiano1-c4-fulldim7_inv0,ElectricPiano1-fs3-fulldim7_inv2
ElectricPiano1-c4-fulldim7_inv0,ElectricPiano1-ds3-fulldim7_inv3
ElectricPiano1-c4-fulldim7_inv0,ElectricPiano1-a3-fulldim7_inv1
ElectricGuitar(jazz)-as3-fulldim7_inv1,ElectricGuitar(jazz)-cs4-fulldim7_inv0
ElectricGuitar(jazz)-as3-fulldim7_inv1,ElectricGuitar(jazz)-e3-fulldim7_inv3
ElectricGuitar(jazz)-as3-fulldim7_inv1,ElectricGuitar(jazz)-g3-fulldim7_inv2
ElectricPiano2-cs3-fulldim7_inv2,ElectricPiano2-e3-fulldim7_inv1
ElectricPiano2-cs3-fulldim7_inv2,ElectricPiano2-g3-fulldim7_inv0
Lead2(sawtooth)-c4-fulldim7_inv0,Lead2(sawtooth)-ds3-fulldim7_inv3
Lead2(sawtooth)-c4-fulldim7_inv0,Lead2(sawtooth)-a3-fulldim7_inv1
Lead2(sawtooth)-c4-fulldim7_inv0,Lead2(sawtooth)-fs3-fulldim7_inv2
Banjo-d3-fulldim7_inv2,Banjo-f3-fulldim7_inv1
Banjo-d3-fulldim7_inv2,Banjo-gs3-fulldim7_inv0
TenorSax-e3-fulldim7_inv1,TenorSax-cs3-fulldim7_inv2
SlapBass2-a3-fulldim7_inv2,SlapBass2-fs3-fulldim7_inv3
SynthStrings2-cs3-fulldim7_inv2,SynthStrings2-g3-fulldim7_inv0
SynthStrings2-cs3-fulldim7_inv2,SynthStrings2-e3-fulldim7_inv1
FretlessBass-gs3-fulldim7_inv1,FretlessBass-f3-fulldim7_inv2
FretlessBass-gs3-fulldim7_inv1,FretlessBass-b3-fulldim7_inv0
FretlessBass-gs3-fulldim7_inv1,FretlessBass-d3-fulldim7_inv3
BrightAcousticPiano-as3-fulldim7_inv1,BrightAcousticPiano-e3-fulldim7_inv3
BrightAcousticPiano-as3-fulldim7_inv1,BrightAcousticPiano-cs4-fulldim7_inv0
ChoirAahs-g3-fulldim7_inv3,ChoirAahs-as3-fulldim7_inv2
Piccolo-fs3-fulldim7_inv2,Piccolo-a3-fulldim7_inv1
Piccolo-fs3-fulldim7_inv2,Piccolo-c4-fulldim7_inv0
Pad6(metallic)-c3-fulldim7_inv2,Pad6(metallic)-fs3-fulldim7_inv0
SynthVoice-f3-fulldim7_inv3,SynthVoice-b3-fulldim7_inv1
SynthVoice-f3-fulldim7_inv3,SynthVoice-d4-fulldim7_inv0
SynthVoice-f3-fulldim7_inv3,SynthVoice-gs3-fulldim7_inv2
ElectricGuitar(muted)-b3-fulldim7_inv1,ElectricGuitar(muted)-gs3-fulldim7_inv2
ElectricGuitar(muted)-b3-fulldim7_inv1,ElectricGuitar(muted)-f3-fulldim7_inv3
Cello-a3-fulldim7_inv1,Cello-fs3-fulldim7_inv2
Cello-a3-fulldim7_inv1,Cello-c4-fulldim7_inv0
Cello-a3-fulldim7_inv1,Cello-ds3-fulldim7_inv3
Lead6(voice)-cs3-fulldim7_inv3,Lead6(voice)-g3-fulldim7_inv1
Lead6(voice)-cs3-fulldim7_inv3,Lead6(voice)-e3-fulldim7_inv2
OrchestralHarp-a3-fulldim7_inv0,OrchestralHarp-fs3-fulldim7_inv1
OrchestralHarp-a3-fulldim7_inv0,OrchestralHarp-ds3-fulldim7_inv2
OrchestralHarp-a3-fulldim7_inv0,OrchestralHarp-c3-fulldim7_inv3
Clavinet-cs4-fulldim7_inv1,Clavinet-as3-fulldim7_inv2
Clavinet-cs4-fulldim7_inv1,Clavinet-e4-fulldim7_inv0
Clavinet-cs4-fulldim7_inv1,Clavinet-g3-fulldim7_inv3
AcousticBass-e4-fulldim7_inv0,AcousticBass-cs4-fulldim7_inv1
AcousticBass-e4-fulldim7_inv0,AcousticBass-g3-fulldim7_inv3
AcousticBass-e4-fulldim7_inv0,AcousticBass-as3-fulldim7_inv2
FretlessBass-a3-fulldim7_inv0,FretlessBass-ds3-fulldim7_inv2
FretlessBass-a3-fulldim7_inv0,FretlessBass-c3-fulldim7_inv3
FretlessBass-a3-fulldim7_inv0,FretlessBass-fs3-fulldim7_inv1
Recorder-as3-fulldim7_inv1,Recorder-g3-fulldim7_inv2
Recorder-as3-fulldim7_inv1,Recorder-e3-fulldim7_inv3
Trombone-ds3-fulldim7_inv3,Trombone-a3-fulldim7_inv1
EnglishHorn-b3-fulldim7_inv2,EnglishHorn-f4-fulldim7_inv0
PanFlute-gs3-fulldim7_inv2,PanFlute-b3-fulldim7_inv1
Lead1(square)-c3-fulldim7_inv3,Lead1(square)-fs3-fulldim7_inv1
Lead1(square)-c3-fulldim7_inv3,Lead1(square)-a3-fulldim7_inv0
Lead1(square)-c3-fulldim7_inv3,Lead1(square)-ds3-fulldim7_inv2
Viola-ds4-fulldim7_inv0,Viola-a3-fulldim7_inv2
Viola-ds4-fulldim7_inv0,Viola-fs3-fulldim7_inv3
Pad6(metallic)-e3-fulldim7_inv3,Pad6(metallic)-cs4-fulldim7_inv0
Pad6(metallic)-e3-fulldim7_inv3,Pad6(metallic)-g3-fulldim7_inv2
Pad6(metallic)-e3-fulldim7_inv3,Pad6(metallic)-as3-fulldim7_inv1
Violin-g3-fulldim7_inv3,Violin-cs4-fulldim7_inv1
Violin-g3-fulldim7_inv3,Violin-as3-fulldim7_inv2
Cello-d4-fulldim7_inv1,Cello-f4-fulldim7_inv0
Cello-d4-fulldim7_inv1,Cello-b3-fulldim7_inv2
Cello-d4-fulldim7_inv1,Cello-gs3-fulldim7_inv3
Tuba-as3-fulldim7_inv2,Tuba-g3-fulldim7_inv3
Tuba-as3-fulldim7_inv2,Tuba-cs4-fulldim7_inv1
Contrabass-fs3-fulldim7_inv3,Contrabass-c4-fulldim7_inv1
Contrabass-fs3-fulldim7_inv3,Contrabass-a3-fulldim7_inv2
Contrabass-fs3-fulldim7_inv3,Contrabass-ds4-fulldim7_inv0
Pad2(warm)-ds3-fulldim7_inv1,Pad2(warm)-fs3-fulldim7_inv0
Pad2(warm)-ds3-fulldim7_inv1,Pad2(warm)-c3-fulldim7_inv2
Xylophone-e4-fulldim7_inv0,Xylophone-as3-fulldim7_inv2
BrightAcousticPiano-as3-fulldim7_inv2,BrightAcousticPiano-cs4-fulldim7_inv1
BrightAcousticPiano-as3-fulldim7_inv2,BrightAcousticPiano-e4-fulldim7_inv0
Lead6(voice)-c3-fulldim7_inv3,Lead6(voice)-ds3-fulldim7_inv2
Lead6(voice)-c3-fulldim7_inv3,Lead6(voice)-a3-fulldim7_inv0
Pad5(bowed)-fs3-fulldim7_inv0,Pad5(bowed)-ds3-fulldim7_inv1
Pad5(bowed)-fs3-fulldim7_inv0,Pad5(bowed)-c3-fulldim7_inv2
AcousticGuitar(steel)-d3-fulldim7_inv2,AcousticGuitar(steel)-gs3-fulldim7_inv0
ElectricBass(finger)-fs3-fulldim7_inv0,ElectricBass(finger)-ds3-fulldim7_inv1
Viola-b3-fulldim7_inv1,Viola-d4-fulldim7_inv0
SynthBrass1-as3-fulldim7_inv2,SynthBrass1-g3-fulldim7_inv3
SynthBrass1-as3-fulldim7_inv2,SynthBrass1-e4-fulldim7_inv0
MutedTrumpet-gs3-fulldim7_inv3,MutedTrumpet-d4-fulldim7_inv1
MutedTrumpet-gs3-fulldim7_inv3,MutedTrumpet-f4-fulldim7_inv0
ChurchOrgan-ds3-fulldim7_inv2,ChurchOrgan-fs3-fulldim7_inv1
ChurchOrgan-ds3-fulldim7_inv2,ChurchOrgan-c3-fulldim7_inv3
ChurchOrgan-ds3-fulldim7_inv2,ChurchOrgan-a3-fulldim7_inv0
Flute-cs3-fulldim7_inv2,Flute-g3-fulldim7_inv0
Lead5(charang)-e3-fulldim7_inv2,Lead5(charang)-cs3-fulldim7_inv3
Lead5(charang)-e3-fulldim7_inv2,Lead5(charang)-g3-fulldim7_inv1
Lead5(charang)-e3-fulldim7_inv2,Lead5(charang)-as3-fulldim7_inv0
MutedTrumpet-gs3-fulldim7_inv0,MutedTrumpet-d3-fulldim7_inv2
MutedTrumpet-gs3-fulldim7_inv0,MutedTrumpet-f3-fulldim7_inv1
Koto-cs4-fulldim7_inv0,Koto-e3-fulldim7_inv3
Koto-cs4-fulldim7_inv0,Koto-as3-fulldim7_inv1
Koto-cs4-fulldim7_inv0,Koto-g3-fulldim7_inv2
BrassSection-b3-fulldim7_inv0,BrassSection-d3-fulldim7_inv3
Oboe-c4-fulldim7_inv0,Oboe-a3-fulldim7_inv1
Oboe-c4-fulldim7_inv0,Oboe-ds3-fulldim7_inv3
Oboe-c4-fulldim7_inv0,Oboe-fs3-fulldim7_inv2
EnglishHorn-cs3-fulldim7_inv3,EnglishHorn-as3-fulldim7_inv0
BrightAcousticPiano-gs3-fulldim7_inv1,BrightAcousticPiano-d3-fulldim7_inv3
Oboe-ds3-fulldim7_inv2,Oboe-a3-fulldim7_inv0
Recorder-g3-fulldim7_inv0,Recorder-cs3-fulldim7_inv2
BaritoneSax-c4-fulldim7_inv0,BaritoneSax-a3-fulldim7_inv1
BaritoneSax-c4-fulldim7_inv0,BaritoneSax-ds3-fulldim7_inv3
BaritoneSax-c4-fulldim7_inv0,BaritoneSax-fs3-fulldim7_inv2
AcousticGuitar(steel)-f3-fulldim7_inv3,AcousticGuitar(steel)-b3-fulldim7_inv1
AcousticGuitar(steel)-f3-fulldim7_inv3,AcousticGuitar(steel)-d4-fulldim7_inv0
ElectricGrandPiano-e4-fulldim7_inv0,ElectricGrandPiano-cs4-fulldim7_inv1
ElectricGrandPiano-e4-fulldim7_inv0,ElectricGrandPiano-as3-fulldim7_inv2
ElectricGrandPiano-e4-fulldim7_inv0,ElectricGrandPiano-g3-fulldim7_inv3
SynthBrass1-b3-fulldim7_inv2,SynthBrass1-d4-fulldim7_inv1
StringEnsemble2-cs3-fulldim7_inv3,StringEnsemble2-e3-fulldim7_inv2
StringEnsemble2-cs3-fulldim7_inv3,StringEnsemble2-as3-fulldim7_inv0
StringEnsemble2-cs3-fulldim7_inv3,StringEnsemble2-g3-fulldim7_inv1
AcousticGrandPiano-as3-fulldim7_inv1,AcousticGrandPiano-cs4-fulldim7_inv0
Fiddle-as3-fulldim7_inv2,Fiddle-cs4-fulldim7_inv1
Fiddle-as3-fulldim7_inv2,Fiddle-g3-fulldim7_inv3
Fiddle-as3-fulldim7_inv2,Fiddle-e4-fulldim7_inv0
DrawbarOrgan-b3-fulldim7_inv0,DrawbarOrgan-d3-fulldim7_inv3
DrawbarOrgan-b3-fulldim7_inv0,DrawbarOrgan-f3-fulldim7_inv2
TremoloStrings-e3-fulldim7_inv2,TremoloStrings-g3-fulldim7_inv1
TremoloStrings-e3-fulldim7_inv2,TremoloStrings-as3-fulldim7_inv0
TremoloStrings-e3-fulldim7_inv2,TremoloStrings-cs3-fulldim7_inv3
ElectricPiano2-c4-fulldim7_inv0,ElectricPiano2-fs3-fulldim7_inv2
OverdrivenGuitar-e4-fulldim7_inv0,OverdrivenGuitar-g3-fulldim7_inv3
OverdrivenGuitar-e4-fulldim7_inv0,OverdrivenGuitar-cs4-fulldim7_inv1
Lead4(chiff)-ds3-fulldim7_inv1,Lead4(chiff)-fs3-fulldim7_inv0
Marimba-f3-fulldim7_inv1,Marimba-d3-fulldim7_inv2
Marimba-f3-fulldim7_inv1,Marimba-gs3-fulldim7_inv0
AcousticBass-as3-fulldim7_inv0,AcousticBass-g3-fulldim7_inv1
AcousticBass-as3-fulldim7_inv0,AcousticBass-e3-fulldim7_inv2
AcousticBass-as3-fulldim7_inv0,AcousticBass-cs3-fulldim7_inv3
Lead5(charang)-b3-fulldim7_inv1,Lead5(charang)-gs3-fulldim7_inv2
Lead5(charang)-b3-fulldim7_inv1,Lead5(charang)-d4-fulldim7_inv0
Lead5(charang)-b3-fulldim7_inv1,Lead5(charang)-f3-fulldim7_inv3
Pad4(choir)-g3-fulldim7_inv0,Pad4(choir)-cs3-fulldim7_inv2
Shamisen-as3-fulldim7_inv2,Shamisen-g3-fulldim7_inv3
Pad1(newage)-e3-fulldim7_inv1,Pad1(newage)-g3-fulldim7_inv0
AcousticGuitar(nylon)-a3-fulldim7_inv2,AcousticGuitar(nylon)-c4-fulldim7_inv1
AcousticGuitar(nylon)-a3-fulldim7_inv2,AcousticGuitar(nylon)-ds4-fulldim7_inv0
Pad4(choir)-fs3-fulldim7_inv0,Pad4(choir)-c3-fulldim7_inv2
Pad5(bowed)-ds3-fulldim7_inv2,Pad5(bowed)-c3-fulldim7_inv3
Pad5(bowed)-ds3-fulldim7_inv2,Pad5(bowed)-a3-fulldim7_inv0
Sitar-d4-fulldim7_inv1,Sitar-b3-fulldim7_inv2
Sitar-d4-fulldim7_inv1,Sitar-f4-fulldim7_inv0
Trumpet-cs3-fulldim7_inv2,Trumpet-e3-fulldim7_inv1
Trumpet-cs3-fulldim7_inv2,Trumpet-g3-fulldim7_inv0
Flute-e3-fulldim7_inv3,Flute-g3-fulldim7_inv2
Flute-e3-fulldim7_inv3,Flute-cs4-fulldim7_inv0
Clavinet-fs3-fulldim7_inv3,Clavinet-ds4-fulldim7_inv0
Clavinet-fs3-fulldim7_inv3,Clavinet-a3-fulldim7_inv2
Clavinet-fs3-fulldim7_inv3,Clavinet-c4-fulldim7_inv1
SynthBrass1-a3-fulldim7_inv1,SynthBrass1-c4-fulldim7_inv0
SynthBrass1-a3-fulldim7_inv1,SynthBrass1-ds3-fulldim7_inv3
ElectricBass(pick)-f4-fulldim7_inv0,ElectricBass(pick)-d4-fulldim7_inv1
ElectricBass(pick)-f4-fulldim7_inv0,ElectricBass(pick)-gs3-fulldim7_inv3
ElectricBass(pick)-f4-fulldim7_inv0,ElectricBass(pick)-b3-fulldim7_inv2
Flute-ds3-fulldim7_inv2,Flute-fs3-fulldim7_inv1
Flute-ds3-fulldim7_inv2,Flute-c3-fulldim7_inv3
Shamisen-c3-fulldim7_inv3,Shamisen-a3-fulldim7_inv0
Shamisen-c3-fulldim7_inv3,Shamisen-fs3-fulldim7_inv1
AcousticBass-g3-fulldim7_inv1,AcousticBass-e3-fulldim7_inv2
AcousticBass-g3-fulldim7_inv1,AcousticBass-cs3-fulldim7_inv3
Recorder-c4-fulldim7_inv1,Recorder-fs3-fulldim7_inv3
Recorder-c4-fulldim7_inv1,Recorder-ds4-fulldim7_inv0
SynthStrings2-cs4-fulldim7_inv0,SynthStrings2-g3-fulldim7_inv2
SynthStrings2-cs4-fulldim7_inv0,SynthStrings2-as3-fulldim7_inv1
SynthStrings2-cs4-fulldim7_inv0,SynthStrings2-e3-fulldim7_inv3
Pad3(polysynth)-e3-fulldim7_inv1,Pad3(polysynth)-g3-fulldim7_inv0
Pad3(polysynth)-e3-fulldim7_inv1,Pad3(polysynth)-cs3-fulldim7_inv2
Bassoon-f4-fulldim7_inv0,Bassoon-b3-fulldim7_inv2
Bassoon-f4-fulldim7_inv0,Bassoon-gs3-fulldim7_inv3
Pad4(choir)-d3-fulldim7_inv2,Pad4(choir)-gs3-fulldim7_inv0
Pad4(choir)-d3-fulldim7_inv2,Pad4(choir)-f3-fulldim7_inv1
DistortionGuitar-f3-fulldim7_inv1,DistortionGuitar-gs3-fulldim7_inv0
DistortionGuitar-f3-fulldim7_inv1,DistortionGuitar-d3-fulldim7_inv2
ElectricGuitar(jazz)-d3-fulldim7_inv2,ElectricGuitar(jazz)-f3-fulldim7_inv1
Vibraphone-c4-fulldim7_inv0,Vibraphone-ds3-fulldim7_inv3
Vibraphone-c4-fulldim7_inv0,Vibraphone-fs3-fulldim7_inv2
Ocarina-e3-fulldim7_inv2,Ocarina-as3-fulldim7_inv0
Ocarina-e3-fulldim7_inv2,Ocarina-cs3-fulldim7_inv3
ReedOrgan-b3-fulldim7_inv2,ReedOrgan-d4-fulldim7_inv1
StringEnsemble1-c4-fulldim7_inv0,StringEnsemble1-a3-fulldim7_inv1
StringEnsemble1-c4-fulldim7_inv0,StringEnsemble1-fs3-fulldim7_inv2
StringEnsemble1-c4-fulldim7_inv0,StringEnsemble1-ds3-fulldim7_inv3
VoiceOohs-as3-fulldim7_inv2,VoiceOohs-cs4-fulldim7_inv1
VoiceOohs-as3-fulldim7_inv2,VoiceOohs-e4-fulldim7_inv0
SynthStrings2-cs4-fulldim7_inv1,SynthStrings2-as3-fulldim7_inv2
SynthStrings2-cs4-fulldim7_inv1,SynthStrings2-e4-fulldim7_inv0
Trumpet-b3-fulldim7_inv2,Trumpet-d4-fulldim7_inv1
Trumpet-b3-fulldim7_inv2,Trumpet-f4-fulldim7_inv0
Trumpet-b3-fulldim7_inv2,Trumpet-gs3-fulldim7_inv3
RockOrgan-fs3-fulldim7_inv2,RockOrgan-ds3-fulldim7_inv3
RockOrgan-fs3-fulldim7_inv2,RockOrgan-c4-fulldim7_inv0
RockOrgan-fs3-fulldim7_inv2,RockOrgan-a3-fulldim7_inv1
PanFlute-f3-fulldim7_inv2,PanFlute-d3-fulldim7_inv3
PanFlute-f3-fulldim7_inv2,PanFlute-gs3-fulldim7_inv1
Tuba-d3-fulldim7_inv2,Tuba-gs3-fulldim7_inv0
Xylophone-a3-fulldim7_inv2,Xylophone-c4-fulldim7_inv1
Xylophone-a3-fulldim7_inv2,Xylophone-fs3-fulldim7_inv3
OverdrivenGuitar-fs3-fulldim7_inv0,OverdrivenGuitar-ds3-fulldim7_inv1
OverdrivenGuitar-fs3-fulldim7_inv0,OverdrivenGuitar-c3-fulldim7_inv2
Bagpipe-b3-fulldim7_inv0,Bagpipe-f3-fulldim7_inv2
Contrabass-f3-fulldim7_inv2,Contrabass-d3-fulldim7_inv3
Contrabass-f3-fulldim7_inv2,Contrabass-gs3-fulldim7_inv1
StringEnsemble1-gs3-fulldim7_inv0,StringEnsemble1-f3-fulldim7_inv1
StringEnsemble1-gs3-fulldim7_inv0,StringEnsemble1-d3-fulldim7_inv2
PercussiveOrgan-gs3-fulldim7_inv2,PercussiveOrgan-b3-fulldim7_inv1
PercussiveOrgan-gs3-fulldim7_inv2,PercussiveOrgan-f3-fulldim7_inv3
PercussiveOrgan-gs3-fulldim7_inv2,PercussiveOrgan-d4-fulldim7_inv0
ChoirAahs-fs3-fulldim7_inv2,ChoirAahs-a3-fulldim7_inv1
ChoirAahs-fs3-fulldim7_inv2,ChoirAahs-ds3-fulldim7_inv3
Banjo-cs4-fulldim7_inv0,Banjo-e3-fulldim7_inv3
Banjo-cs4-fulldim7_inv0,Banjo-g3-fulldim7_inv2
Banjo-cs4-fulldim7_inv0,Banjo-as3-fulldim7_inv1
Shamisen-cs3-fulldim7_inv3,Shamisen-g3-fulldim7_inv1
BaritoneSax-as3-fulldim7_inv0,BaritoneSax-g3-fulldim7_inv1
Pad5(bowed)-a3-fulldim7_inv1,Pad5(bowed)-fs3-fulldim7_inv2
Pad5(bowed)-a3-fulldim7_inv1,Pad5(bowed)-ds3-fulldim7_inv3
OverdrivenGuitar-gs3-fulldim7_inv3,OverdrivenGuitar-b3-fulldim7_inv2
SynthBrass1-f3-fulldim7_inv3,SynthBrass1-gs3-fulldim7_inv2
SynthBrass1-f3-fulldim7_inv3,SynthBrass1-b3-fulldim7_inv1
SynthBrass1-f3-fulldim7_inv3,SynthBrass1-d4-fulldim7_inv0
Harpsichord-ds4-fulldim7_inv0,Harpsichord-c4-fulldim7_inv1
Harpsichord-ds4-fulldim7_inv0,Harpsichord-fs3-fulldim7_inv3
Harpsichord-ds4-fulldim7_inv0,Harpsichord-a3-fulldim7_inv2
BrightAcousticPiano-f3-fulldim7_inv3,BrightAcousticPiano-d4-fulldim7_inv0
BrightAcousticPiano-f3-fulldim7_inv3,BrightAcousticPiano-b3-fulldim7_inv1
ElectricGrandPiano-d4-fulldim7_inv0,ElectricGrandPiano-f3-fulldim7_inv3
ElectricGrandPiano-d4-fulldim7_inv0,ElectricGrandPiano-gs3-fulldim7_inv2
ElectricGrandPiano-d4-fulldim7_inv0,ElectricGrandPiano-b3-fulldim7_inv1
ElectricGuitar(clean)-a3-fulldim7_inv0,ElectricGuitar(clean)-c3-fulldim7_inv3
ElectricGuitar(clean)-a3-fulldim7_inv0,ElectricGuitar(clean)-fs3-fulldim7_inv1
MutedTrumpet-ds4-fulldim7_inv0,MutedTrumpet-c4-fulldim7_inv1
MutedTrumpet-ds4-fulldim7_inv0,MutedTrumpet-a3-fulldim7_inv2
Recorder-f3-fulldim7_inv3,Recorder-gs3-fulldim7_inv2
Recorder-f3-fulldim7_inv3,Recorder-b3-fulldim7_inv1
Recorder-f3-fulldim7_inv3,Recorder-d4-fulldim7_inv0
VoiceOohs-as3-fulldim7_inv0,VoiceOohs-cs3-fulldim7_inv3
VoiceOohs-as3-fulldim7_inv0,VoiceOohs-e3-fulldim7_inv2
Vibraphone-as3-fulldim7_inv1,Vibraphone-e3-fulldim7_inv3
Vibraphone-as3-fulldim7_inv1,Vibraphone-cs4-fulldim7_inv0
MutedTrumpet-a3-fulldim7_inv0,MutedTrumpet-ds3-fulldim7_inv2
MutedTrumpet-a3-fulldim7_inv0,MutedTrumpet-c3-fulldim7_inv3
MutedTrumpet-a3-fulldim7_inv0,MutedTrumpet-fs3-fulldim7_inv1
SynthBrass2-b3-fulldim7_inv2,SynthBrass2-f4-fulldim7_inv0
SynthBrass2-b3-fulldim7_inv2,SynthBrass2-gs3-fulldim7_inv3
Pad7(halo)-cs4-fulldim7_inv1,Pad7(halo)-g3-fulldim7_inv3
Pad7(halo)-cs4-fulldim7_inv1,Pad7(halo)-as3-fulldim7_inv2
Pad7(halo)-cs4-fulldim7_inv1,Pad7(halo)-e4-fulldim7_inv0
ChurchOrgan-e3-fulldim7_inv2,ChurchOrgan-as3-fulldim7_inv0
Pad7(halo)-a3-fulldim7_inv2,Pad7(halo)-c4-fulldim7_inv1
Pad7(halo)-a3-fulldim7_inv2,Pad7(halo)-fs3-fulldim7_inv3
Pad8(sweep)-c3-fulldim7_inv3,Pad8(sweep)-ds3-fulldim7_inv2
Pad8(sweep)-c3-fulldim7_inv3,Pad8(sweep)-fs3-fulldim7_inv1
Pad8(sweep)-c3-fulldim7_inv3,Pad8(sweep)-a3-fulldim7_inv0
Lead2(sawtooth)-g3-fulldim7_inv1,Lead2(sawtooth)-e3-fulldim7_inv2
Lead2(sawtooth)-g3-fulldim7_inv1,Lead2(sawtooth)-cs3-fulldim7_inv3
Lead2(sawtooth)-g3-fulldim7_inv1,Lead2(sawtooth)-as3-fulldim7_inv0
Violin-c4-fulldim7_inv1,Violin-fs3-fulldim7_inv3
Violin-c4-fulldim7_inv1,Violin-ds4-fulldim7_inv0
Violin-c4-fulldim7_inv1,Violin-a3-fulldim7_inv2
SynthBrass1-g3-fulldim7_inv3,SynthBrass1-e4-fulldim7_inv0
RockOrgan-gs3-fulldim7_inv0,RockOrgan-f3-fulldim7_inv1
Marimba-d3-fulldim7_inv3,Marimba-b3-fulldim7_inv0
Marimba-d3-fulldim7_inv3,Marimba-f3-fulldim7_inv2
BrightAcousticPiano-ds4-fulldim7_inv0,BrightAcousticPiano-c4-fulldim7_inv1
BrightAcousticPiano-ds4-fulldim7_inv0,BrightAcousticPiano-fs3-fulldim7_inv3
BrightAcousticPiano-ds4-fulldim7_inv0,BrightAcousticPiano-a3-fulldim7_inv2
Xylophone-fs3-fulldim7_inv1,Xylophone-c3-fulldim7_inv3
Xylophone-fs3-fulldim7_inv1,Xylophone-a3-fulldim7_inv0
Xylophone-fs3-fulldim7_inv1,Xylophone-ds3-fulldim7_inv2
PizzicatoStrings-gs3-fulldim7_inv1,PizzicatoStrings-f3-fulldim7_inv2
PizzicatoStrings-gs3-fulldim7_inv1,PizzicatoStrings-d3-fulldim7_inv3
PizzicatoStrings-gs3-fulldim7_inv1,PizzicatoStrings-b3-fulldim7_inv0
SynthStrings2-g3-fulldim7_inv0,SynthStrings2-e3-fulldim7_inv1
Marimba-gs3-fulldim7_inv2,Marimba-d4-fulldim7_inv0
Marimba-gs3-fulldim7_inv2,Marimba-b3-fulldim7_inv1
SynthVoice-cs4-fulldim7_inv0,SynthVoice-g3-fulldim7_inv2
SynthVoice-cs4-fulldim7_inv0,SynthVoice-as3-fulldim7_inv1
SynthVoice-cs4-fulldim7_inv0,SynthVoice-e3-fulldim7_inv3
Lead2(sawtooth)-f4-fulldim7_inv0,Lead2(sawtooth)-b3-fulldim7_inv2
Lead2(sawtooth)-f4-fulldim7_inv0,Lead2(sawtooth)-d4-fulldim7_inv1
Pad4(choir)-c4-fulldim7_inv0,Pad4(choir)-a3-fulldim7_inv1
Pad4(choir)-c4-fulldim7_inv0,Pad4(choir)-fs3-fulldim7_inv2
Pad4(choir)-c4-fulldim7_inv0,Pad4(choir)-ds3-fulldim7_inv3
Ocarina-d4-fulldim7_inv1,Ocarina-b3-fulldim7_inv2
Ocarina-d4-fulldim7_inv1,Ocarina-gs3-fulldim7_inv3
AcousticBass-fs3-fulldim7_inv3,AcousticBass-c4-fulldim7_inv1
AcousticBass-fs3-fulldim7_inv3,AcousticBass-ds4-fulldim7_inv0
AcousticBass-fs3-fulldim7_inv3,AcousticBass-a3-fulldim7_inv2
Koto-fs3-fulldim7_inv0,Koto-c3-fulldim7_inv2
ReedOrgan-ds3-fulldim7_inv1,ReedOrgan-fs3-fulldim7_inv0
ReedOrgan-ds3-fulldim7_inv1,ReedOrgan-c3-fulldim7_inv2
ElectricGuitar(muted)-e3-fulldim7_inv3,ElectricGuitar(muted)-as3-fulldim7_inv1
ElectricGuitar(muted)-e3-fulldim7_inv3,ElectricGuitar(muted)-g3-fulldim7_inv2
ElectricGuitar(muted)-e3-fulldim7_inv3,ElectricGuitar(muted)-cs4-fulldim7_inv0
PizzicatoStrings-a3-fulldim7_inv1,PizzicatoStrings-ds3-fulldim7_inv3
PizzicatoStrings-a3-fulldim7_inv1,PizzicatoStrings-fs3-fulldim7_inv2
PanFlute-f3-fulldim7_inv1,PanFlute-d3-fulldim7_inv2
PanFlute-f3-fulldim7_inv1,PanFlute-gs3-fulldim7_inv0
FrenchHorn-b3-fulldim7_inv2,FrenchHorn-gs3-fulldim7_inv3
SynthStrings1-d4-fulldim7_inv1,SynthStrings1-f4-fulldim7_inv0
SynthStrings1-d4-fulldim7_inv1,SynthStrings1-b3-fulldim7_inv2
SynthStrings1-c3-fulldim7_inv2,SynthStrings1-fs3-fulldim7_inv0
SynthStrings1-c3-fulldim7_inv2,SynthStrings1-ds3-fulldim7_inv1
Lead2(sawtooth)-d4-fulldim7_inv0,Lead2(sawtooth)-gs3-fulldim7_inv2
Lead2(sawtooth)-d4-fulldim7_inv0,Lead2(sawtooth)-b3-fulldim7_inv1
Lead2(sawtooth)-d4-fulldim7_inv0,Lead2(sawtooth)-f3-fulldim7_inv3
Koto-a3-fulldim7_inv1,Koto-fs3-fulldim7_inv2
Koto-a3-fulldim7_inv1,Koto-c4-fulldim7_inv0
FretlessBass-f3-fulldim7_inv2,FretlessBass-b3-fulldim7_inv0
FretlessBass-f3-fulldim7_inv2,FretlessBass-d3-fulldim7_inv3
PercussiveOrgan-e3-fulldim7_inv2,PercussiveOrgan-g3-fulldim7_inv1
PercussiveOrgan-e3-fulldim7_inv2,PercussiveOrgan-as3-fulldim7_inv0
PercussiveOrgan-e3-fulldim7_inv2,PercussiveOrgan-cs3-fulldim7_inv3
Lead8(bass+lead)-c4-fulldim7_inv0,Lead8(bass+lead)-a3-fulldim7_inv1
Lead8(bass+lead)-c4-fulldim7_inv0,Lead8(bass+lead)-ds3-fulldim7_inv3
Lead8(bass+lead)-c4-fulldim7_inv0,Lead8(bass+lead)-fs3-fulldim7_inv2
DrawbarOrgan-e3-fulldim7_inv3,DrawbarOrgan-as3-fulldim7_inv1
Viola-a3-fulldim7_inv1,Viola-ds3-fulldim7_inv3
Viola-a3-fulldim7_inv1,Viola-c4-fulldim7_inv0
Lead6(voice)-b3-fulldim7_inv1,Lead6(voice)-gs3-fulldim7_inv2
Lead6(voice)-b3-fulldim7_inv1,Lead6(voice)-f3-fulldim7_inv3
Pad4(choir)-g3-fulldim7_inv3,Pad4(choir)-cs4-fulldim7_inv1
Pad4(choir)-g3-fulldim7_inv3,Pad4(choir)-as3-fulldim7_inv2
ElectricGrandPiano-fs3-fulldim7_inv0,ElectricGrandPiano-c3-fulldim7_inv2
ElectricGrandPiano-fs3-fulldim7_inv0,ElectricGrandPiano-ds3-fulldim7_inv1
SynthBrass2-e3-fulldim7_inv2,SynthBrass2-g3-fulldim7_inv1
Banjo-cs3-fulldim7_inv2,Banjo-e3-fulldim7_inv1
Banjo-cs3-fulldim7_inv2,Banjo-g3-fulldim7_inv0
Vibraphone-g3-fulldim7_inv3,Vibraphone-cs4-fulldim7_inv1
Vibraphone-g3-fulldim7_inv3,Vibraphone-e4-fulldim7_inv0
StringEnsemble1-e4-fulldim7_inv0,StringEnsemble1-cs4-fulldim7_inv1
StringEnsemble1-e4-fulldim7_inv0,StringEnsemble1-as3-fulldim7_inv2
Cello-fs3-fulldim7_inv1,Cello-ds3-fulldim7_inv2
Cello-fs3-fulldim7_inv1,Cello-c3-fulldim7_inv3
Cello-fs3-fulldim7_inv1,Cello-a3-fulldim7_inv0
EnglishHorn-e3-fulldim7_inv3,EnglishHorn-as3-fulldim7_inv1
EnglishHorn-e3-fulldim7_inv3,EnglishHorn-g3-fulldim7_inv2
EnglishHorn-e3-fulldim7_inv3,EnglishHorn-cs4-fulldim7_inv0
TremoloStrings-ds4-fulldim7_inv0,TremoloStrings-fs3-fulldim7_inv3
TremoloStrings-ds4-fulldim7_inv0,TremoloStrings-a3-fulldim7_inv2
Shamisen-e3-fulldim7_inv3,Shamisen-cs4-fulldim7_inv0
Shamisen-e3-fulldim7_inv3,Shamisen-g3-fulldim7_inv2
Shamisen-e3-fulldim7_inv3,Shamisen-as3-fulldim7_inv1
Pad7(halo)-gs3-fulldim7_inv0,Pad7(halo)-d3-fulldim7_inv2
MusicBox-fs3-fulldim7_inv3,MusicBox-ds4-fulldim7_inv0
MusicBox-fs3-fulldim7_inv3,MusicBox-c4-fulldim7_inv1
SopranoSax-cs4-fulldim7_inv1,SopranoSax-g3-fulldim7_inv3
Trombone-f3-fulldim7_inv3,Trombone-gs3-fulldim7_inv2
Trombone-f3-fulldim7_inv3,Trombone-d4-fulldim7_inv0
Vibraphone-f3-fulldim7_inv2,Vibraphone-d3-fulldim7_inv3
Vibraphone-f3-fulldim7_inv2,Vibraphone-gs3-fulldim7_inv1
Vibraphone-f3-fulldim7_inv2,Vibraphone-b3-fulldim7_inv0
SopranoSax-cs4-fulldim7_inv0,SopranoSax-g3-fulldim7_inv2
SopranoSax-cs4-fulldim7_inv0,SopranoSax-e3-fulldim7_inv3
Piccolo-e3-fulldim7_inv1,Piccolo-cs3-fulldim7_inv2
DrawbarOrgan-as3-fulldim7_inv2,DrawbarOrgan-g3-fulldim7_inv3
DrawbarOrgan-as3-fulldim7_inv2,DrawbarOrgan-e4-fulldim7_inv0
BaritoneSax-c3-fulldim7_inv2,BaritoneSax-ds3-fulldim7_inv1
Pad6(metallic)-b3-fulldim7_inv2,Pad6(metallic)-gs3-fulldim7_inv3
Pad6(metallic)-b3-fulldim7_inv2,Pad6(metallic)-f4-fulldim7_inv0
Pad6(metallic)-b3-fulldim7_inv2,Pad6(metallic)-d4-fulldim7_inv1
PizzicatoStrings-g3-fulldim7_inv1,PizzicatoStrings-cs3-fulldim7_inv3
PizzicatoStrings-g3-fulldim7_inv1,PizzicatoStrings-as3-fulldim7_inv0
PizzicatoStrings-g3-fulldim7_inv1,PizzicatoStrings-e3-fulldim7_inv2
AltoSax-b3-fulldim7_inv0,AltoSax-f3-fulldim7_inv2
AltoSax-b3-fulldim7_inv0,AltoSax-d3-fulldim7_inv3
AltoSax-b3-fulldim7_inv0,AltoSax-gs3-fulldim7_inv1
SynthStrings2-c4-fulldim7_inv0,SynthStrings2-fs3-fulldim7_inv2
SynthStrings2-c4-fulldim7_inv0,SynthStrings2-a3-fulldim7_inv1
SynthStrings2-c4-fulldim7_inv0,SynthStrings2-ds3-fulldim7_inv3
ElectricGuitar(muted)-as3-fulldim7_inv1,ElectricGuitar(muted)-g3-fulldim7_inv2
ElectricGuitar(muted)-as3-fulldim7_inv1,ElectricGuitar(muted)-cs4-fulldim7_inv0
Trumpet-cs3-fulldim7_inv3,Trumpet-g3-fulldim7_inv1
Trumpet-cs3-fulldim7_inv3,Trumpet-e3-fulldim7_inv2
Oboe-e3-fulldim7_inv2,Oboe-g3-fulldim7_inv1
Oboe-e3-fulldim7_inv2,Oboe-as3-fulldim7_inv0
Oboe-e3-fulldim7_inv2,Oboe-cs3-fulldim7_inv3
Trumpet-ds3-fulldim7_inv1,Trumpet-fs3-fulldim7_inv0
ElectricGuitar(muted)-a3-fulldim7_inv0,ElectricGuitar(muted)-fs3-fulldim7_inv1
ElectricGuitar(muted)-a3-fulldim7_inv0,ElectricGuitar(muted)-c3-fulldim7_inv3
ElectricGuitar(muted)-a3-fulldim7_inv0,ElectricGuitar(muted)-ds3-fulldim7_inv2
ElectricPiano2-b3-fulldim7_inv2,ElectricPiano2-d4-fulldim7_inv1
Lead2(sawtooth)-e3-fulldim7_inv2,Lead2(sawtooth)-cs3-fulldim7_inv3
Lead2(sawtooth)-e3-fulldim7_inv2,Lead2(sawtooth)-as3-fulldim7_inv0
SynthBass2-f4-fulldim7_inv0,SynthBass2-d4-fulldim7_inv1
SynthBass2-f4-fulldim7_inv0,SynthBass2-b3-fulldim7_inv2
Bassoon-b3-fulldim7_inv0,Bassoon-gs3-fulldim7_inv1
AcousticGuitar(nylon)-a3-fulldim7_inv1,AcousticGuitar(nylon)-c4-fulldim7_inv0
AcousticGuitar(nylon)-a3-fulldim7_inv1,AcousticGuitar(nylon)-fs3-fulldim7_inv2
Fiddle-gs3-fulldim7_inv3,Fiddle-d4-fulldim7_inv1
Fiddle-gs3-fulldim7_inv3,Fiddle-b3-fulldim7_inv2
Fiddle-gs3-fulldim7_inv3,Fiddle-f4-fulldim7_inv0
OverdrivenGuitar-ds3-fulldim7_inv1,OverdrivenGuitar-c3-fulldim7_inv2
Dulcimer-c4-fulldim7_inv1,Dulcimer-ds4-fulldim7_inv0
Dulcimer-c4-fulldim7_inv1,Dulcimer-a3-fulldim7_inv2
Dulcimer-c4-fulldim7_inv1,Dulcimer-fs3-fulldim7_inv3
SynthBass1-a3-fulldim7_inv2,SynthBass1-c4-fulldim7_inv1
SlapBass2-cs3-fulldim7_inv3,SlapBass2-as3-fulldim7_inv0
Oboe-cs3-fulldim7_inv2,Oboe-g3-fulldim7_inv0
Oboe-cs3-fulldim7_inv2,Oboe-e3-fulldim7_inv1
ChoirAahs-as3-fulldim7_inv0,ChoirAahs-cs3-fulldim7_inv3
ChoirAahs-as3-fulldim7_inv0,ChoirAahs-g3-fulldim7_inv1
ChoirAahs-as3-fulldim7_inv0,ChoirAahs-e3-fulldim7_inv2
AcousticGrandPiano-e3-fulldim7_inv1,AcousticGrandPiano-cs3-fulldim7_inv2
AcousticGrandPiano-e3-fulldim7_inv1,AcousticGrandPiano-g3-fulldim7_inv0
BaritoneSax-gs3-fulldim7_inv1,BaritoneSax-b3-fulldim7_inv0
BaritoneSax-gs3-fulldim7_inv1,BaritoneSax-f3-fulldim7_inv2
BaritoneSax-gs3-fulldim7_inv1,BaritoneSax-d3-fulldim7_inv3
Lead5(charang)-fs3-fulldim7_inv2,Lead5(charang)-a3-fulldim7_inv1
Lead5(charang)-fs3-fulldim7_inv2,Lead5(charang)-ds3-fulldim7_inv3
FrenchHorn-d3-fulldim7_inv3,FrenchHorn-f3-fulldim7_inv2
FrenchHorn-d3-fulldim7_inv3,FrenchHorn-b3-fulldim7_inv0
FrenchHorn-d3-fulldim7_inv3,FrenchHorn-gs3-fulldim7_inv1
ElectricGrandPiano-b3-fulldim7_inv2,ElectricGrandPiano-gs3-fulldim7_inv3
ElectricGrandPiano-b3-fulldim7_inv2,ElectricGrandPiano-d4-fulldim7_inv1
VoiceOohs-cs4-fulldim7_inv1,VoiceOohs-e4-fulldim7_inv0
Koto-e3-fulldim7_inv3,Koto-as3-fulldim7_inv1
Koto-e3-fulldim7_inv3,Koto-g3-fulldim7_inv2
PercussiveOrgan-cs4-fulldim7_inv0,PercussiveOrgan-g3-fulldim7_inv2
PercussiveOrgan-cs4-fulldim7_inv0,PercussiveOrgan-as3-fulldim7_inv1
Trombone-c3-fulldim7_inv3,Trombone-ds3-fulldim7_inv2
Trombone-c3-fulldim7_inv3,Trombone-a3-fulldim7_inv0
ElectricPiano1-gs3-fulldim7_inv0,ElectricPiano1-d3-fulldim7_inv2
ElectricPiano1-gs3-fulldim7_inv0,ElectricPiano1-f3-fulldim7_inv1
ElectricBass(pick)-d4-fulldim7_inv0,ElectricBass(pick)-gs3-fulldim7_inv2
ElectricBass(pick)-d4-fulldim7_inv0,ElectricBass(pick)-b3-fulldim7_inv1
ElectricBass(pick)-d4-fulldim7_inv0,ElectricBass(pick)-f3-fulldim7_inv3
Dulcimer-cs3-fulldim7_inv2,Dulcimer-e3-fulldim7_inv1
AcousticBass-cs3-fulldim7_inv2,AcousticBass-g3-fulldim7_inv0
AcousticBass-cs3-fulldim7_inv2,AcousticBass-e3-fulldim7_inv1
Violin-f3-fulldim7_inv1,Violin-d3-fulldim7_inv2
Violin-f3-fulldim7_inv1,Violin-gs3-fulldim7_inv0
Pad3(polysynth)-c3-fulldim7_inv3,Pad3(polysynth)-a3-fulldim7_inv0
Pad3(polysynth)-c3-fulldim7_inv3,Pad3(polysynth)-ds3-fulldim7_inv2
Recorder-g3-fulldim7_inv1,Recorder-cs3-fulldim7_inv3
Recorder-g3-fulldim7_inv1,Recorder-as3-fulldim7_inv0
BlownBottle-ds3-fulldim7_inv1,BlownBottle-c3-fulldim7_inv2
BlownBottle-ds3-fulldim7_inv1,BlownBottle-fs3-fulldim7_inv0
Lead6(voice)-f3-fulldim7_inv2,Lead6(voice)-d3-fulldim7_inv3
Lead6(voice)-f3-fulldim7_inv2,Lead6(voice)-gs3-fulldim7_inv1
Flute-g3-fulldim7_inv3,Flute-cs4-fulldim7_inv1
Flute-g3-fulldim7_inv3,Flute-e4-fulldim7_inv0
SlapBass1-c4-fulldim7_inv0,SlapBass1-a3-fulldim7_inv1
SlapBass1-c4-fulldim7_inv0,SlapBass1-fs3-fulldim7_inv2
SlapBass1-c4-fulldim7_inv0,SlapBass1-ds3-fulldim7_inv3
Clavinet-d4-fulldim7_inv0,Clavinet-gs3-fulldim7_inv2
Harpsichord-fs3-fulldim7_inv2,Harpsichord-ds3-fulldim7_inv3
Harpsichord-fs3-fulldim7_inv2,Harpsichord-a3-fulldim7_inv1
Sitar-ds3-fulldim7_inv3,Sitar-c4-fulldim7_inv0
Sitar-ds3-fulldim7_inv3,Sitar-a3-fulldim7_inv1
Fiddle-a3-fulldim7_inv0,Fiddle-c3-fulldim7_inv3
ElectricBass(pick)-gs3-fulldim7_inv2,ElectricBass(pick)-b3-fulldim7_inv1
ElectricBass(pick)-gs3-fulldim7_inv2,ElectricBass(pick)-f3-fulldim7_inv3
Clavinet-g3-fulldim7_inv2,Clavinet-e3-fulldim7_inv3
Clavinet-g3-fulldim7_inv2,Clavinet-as3-fulldim7_inv1
Clavinet-g3-fulldim7_inv2,Clavinet-cs4-fulldim7_inv0
Pad6(metallic)-g3-fulldim7_inv1,Pad6(metallic)-e3-fulldim7_inv2
Pad6(metallic)-g3-fulldim7_inv1,Pad6(metallic)-as3-fulldim7_inv0
Pad6(metallic)-g3-fulldim7_inv1,Pad6(metallic)-cs3-fulldim7_inv3
Lead1(square)-fs3-fulldim7_inv1,Lead1(square)-a3-fulldim7_inv0
Lead1(square)-fs3-fulldim7_inv1,Lead1(square)-ds3-fulldim7_inv2
StringEnsemble1-f3-fulldim7_inv1,StringEnsemble1-d3-fulldim7_inv2
SynthBass1-g3-fulldim7_inv1,SynthBass1-cs3-fulldim7_inv3
SynthBass1-g3-fulldim7_inv1,SynthBass1-e3-fulldim7_inv2
SynthBass1-g3-fulldim7_inv1,SynthBass1-as3-fulldim7_inv0
StringEnsemble2-d3-fulldim7_inv3,StringEnsemble2-f3-fulldim7_inv2
StringEnsemble2-d3-fulldim7_inv3,StringEnsemble2-b3-fulldim7_inv0
VoiceOohs-fs3-fulldim7_inv3,VoiceOohs-ds4-fulldim7_inv0
Lead1(square)-e4-fulldim7_inv0,Lead1(square)-as3-fulldim7_inv2
Lead1(square)-e4-fulldim7_inv0,Lead1(square)-cs4-fulldim7_inv1
Lead1(square)-e4-fulldim7_inv0,Lead1(square)-g3-fulldim7_inv3
Shanai-b3-fulldim7_inv2,Shanai-gs3-fulldim7_inv3
Shanai-b3-fulldim7_inv2,Shanai-d4-fulldim7_inv1
Shanai-b3-fulldim7_inv2,Shanai-f4-fulldim7_inv0
StringEnsemble1-a3-fulldim7_inv0,StringEnsemble1-c3-fulldim7_inv3
StringEnsemble1-a3-fulldim7_inv0,StringEnsemble1-ds3-fulldim7_inv2
StringEnsemble1-a3-fulldim7_inv0,StringEnsemble1-fs3-fulldim7_inv1
Vibraphone-f4-fulldim7_inv0,Vibraphone-d4-fulldim7_inv1
Vibraphone-f4-fulldim7_inv0,Vibraphone-gs3-fulldim7_inv3
Vibraphone-f4-fulldim7_inv0,Vibraphone-b3-fulldim7_inv2
Pad7(halo)-d4-fulldim7_inv1,Pad7(halo)-f4-fulldim7_inv0
Pad7(halo)-d4-fulldim7_inv1,Pad7(halo)-b3-fulldim7_inv2
Pad7(halo)-d4-fulldim7_inv1,Pad7(halo)-gs3-fulldim7_inv3
ElectricGrandPiano-d3-fulldim7_inv2,ElectricGrandPiano-gs3-fulldim7_inv0
ElectricGrandPiano-d3-fulldim7_inv2,ElectricGrandPiano-f3-fulldim7_inv1
Honky-tonkPiano-b3-fulldim7_inv2,Honky-tonkPiano-d4-fulldim7_inv1
Honky-tonkPiano-b3-fulldim7_inv2,Honky-tonkPiano-f4-fulldim7_inv0
Pad5(bowed)-f3-fulldim7_inv3,Pad5(bowed)-b3-fulldim7_inv1
Pad5(bowed)-f3-fulldim7_inv3,Pad5(bowed)-gs3-fulldim7_inv2
Shamisen-gs3-fulldim7_inv0,Shamisen-f3-fulldim7_inv1
SynthVoice-b3-fulldim7_inv1,SynthVoice-d4-fulldim7_inv0
SynthVoice-b3-fulldim7_inv1,SynthVoice-gs3-fulldim7_inv2
Contrabass-d3-fulldim7_inv3,Contrabass-gs3-fulldim7_inv1
ElectricPiano1-g3-fulldim7_inv2,ElectricPiano1-as3-fulldim7_inv1
ElectricPiano1-g3-fulldim7_inv2,ElectricPiano1-cs4-fulldim7_inv0
ElectricGrandPiano-ds3-fulldim7_inv3,ElectricGrandPiano-fs3-fulldim7_inv2
ElectricGrandPiano-ds3-fulldim7_inv3,ElectricGrandPiano-a3-fulldim7_inv1
ElectricGrandPiano-ds3-fulldim7_inv3,ElectricGrandPiano-c4-fulldim7_inv0
PizzicatoStrings-ds3-fulldim7_inv3,PizzicatoStrings-fs3-fulldim7_inv2
AcousticGuitar(nylon)-as3-fulldim7_inv2,AcousticGuitar(nylon)-e4-fulldim7_inv0
AcousticGuitar(nylon)-as3-fulldim7_inv2,AcousticGuitar(nylon)-cs4-fulldim7_inv1
SopranoSax-a3-fulldim7_inv0,SopranoSax-fs3-fulldim7_inv1
SopranoSax-a3-fulldim7_inv0,SopranoSax-ds3-fulldim7_inv2
SopranoSax-a3-fulldim7_inv0,SopranoSax-c3-fulldim7_inv3
ElectricPiano1-e3-fulldim7_inv2,ElectricPiano1-g3-fulldim7_inv1
ElectricPiano1-e3-fulldim7_inv2,ElectricPiano1-as3-fulldim7_inv0
ElectricPiano1-e3-fulldim7_inv2,ElectricPiano1-cs3-fulldim7_inv3
Pad2(warm)-fs3-fulldim7_inv1,Pad2(warm)-c3-fulldim7_inv3
Pad2(warm)-fs3-fulldim7_inv1,Pad2(warm)-ds3-fulldim7_inv2
Cello-as3-fulldim7_inv2,Cello-cs4-fulldim7_inv1
Cello-as3-fulldim7_inv2,Cello-e4-fulldim7_inv0
Cello-as3-fulldim7_inv2,Cello-g3-fulldim7_inv3
MutedTrumpet-as3-fulldim7_inv2,MutedTrumpet-g3-fulldim7_inv3
MutedTrumpet-as3-fulldim7_inv2,MutedTrumpet-e4-fulldim7_inv0
ElectricGuitar(jazz)-c3-fulldim7_inv2,ElectricGuitar(jazz)-ds3-fulldim7_inv1
Dulcimer-g3-fulldim7_inv3,Dulcimer-as3-fulldim7_inv2
Dulcimer-g3-fulldim7_inv3,Dulcimer-cs4-fulldim7_inv1
Bagpipe-g3-fulldim7_inv3,Bagpipe-cs4-fulldim7_inv1
TremoloStrings-g3-fulldim7_inv1,TremoloStrings-as3-fulldim7_inv0
TremoloStrings-g3-fulldim7_inv1,TremoloStrings-cs3-fulldim7_inv3
Fiddle-cs3-fulldim7_inv3,Fiddle-e3-fulldim7_inv2
Fiddle-cs3-fulldim7_inv3,Fiddle-g3-fulldim7_inv1
Fiddle-cs3-fulldim7_inv3,Fiddle-as3-fulldim7_inv0
Ocarina-b3-fulldim7_inv2,Ocarina-gs3-fulldim7_inv3
ElectricGuitar(jazz)-gs3-fulldim7_inv1,ElectricGuitar(jazz)-d3-fulldim7_inv3
ElectricGrandPiano-g3-fulldim7_inv0,ElectricGrandPiano-e3-fulldim7_inv1
ElectricGrandPiano-g3-fulldim7_inv0,ElectricGrandPiano-cs3-fulldim7_inv2
Pad3(polysynth)-a3-fulldim7_inv0,Pad3(polysynth)-ds3-fulldim7_inv2
Clarinet-c4-fulldim7_inv0,Clarinet-fs3-fulldim7_inv2
Clarinet-c4-fulldim7_inv0,Clarinet-ds3-fulldim7_inv3
Clarinet-c4-fulldim7_inv0,Clarinet-a3-fulldim7_inv1
Vibraphone-c4-fulldim7_inv1,Vibraphone-a3-fulldim7_inv2
Vibraphone-c4-fulldim7_inv1,Vibraphone-ds4-fulldim7_inv0
Vibraphone-c4-fulldim7_inv1,Vibraphone-fs3-fulldim7_inv3
Pad7(halo)-d3-fulldim7_inv3,Pad7(halo)-b3-fulldim7_inv0
Pad7(halo)-d3-fulldim7_inv3,Pad7(halo)-gs3-fulldim7_inv1
AcousticGrandPiano-as3-fulldim7_inv2,AcousticGrandPiano-g3-fulldim7_inv3
AcousticGrandPiano-as3-fulldim7_inv2,AcousticGrandPiano-e4-fulldim7_inv0
AcousticGrandPiano-as3-fulldim7_inv2,AcousticGrandPiano-cs4-fulldim7_inv1
ElectricBass(finger)-b3-fulldim7_inv2,ElectricBass(finger)-gs3-fulldim7_inv3
ElectricBass(finger)-b3-fulldim7_inv2,ElectricBass(finger)-f4-fulldim7_inv0
Bassoon-d3-fulldim7_inv2,Bassoon-gs3-fulldim7_inv0
Bassoon-d3-fulldim7_inv2,Bassoon-f3-fulldim7_inv1
BlownBottle-c3-fulldim7_inv2,BlownBottle-fs3-fulldim7_inv0
ChurchOrgan-ds3-fulldim7_inv3,ChurchOrgan-c4-fulldim7_inv0
FretlessBass-b3-fulldim7_inv1,FretlessBass-f3-fulldim7_inv3
FretlessBass-b3-fulldim7_inv1,FretlessBass-d4-fulldim7_inv0
FretlessBass-b3-fulldim7_inv1,FretlessBass-gs3-fulldim7_inv2
MutedTrumpet-e3-fulldim7_inv3,MutedTrumpet-cs4-fulldim7_inv0
Lead8(bass+lead)-ds3-fulldim7_inv1,Lead8(bass+lead)-fs3-fulldim7_inv0
Lead6(voice)-d3-fulldim7_inv3,Lead6(voice)-gs3-fulldim7_inv1
Vibraphone-a3-fulldim7_inv2,Vibraphone-ds4-fulldim7_inv0
Vibraphone-a3-fulldim7_inv2,Vibraphone-fs3-fulldim7_inv3
RockOrgan-g3-fulldim7_inv2,RockOrgan-as3-fulldim7_inv1
RockOrgan-g3-fulldim7_inv2,RockOrgan-cs4-fulldim7_inv0
VoiceOohs-b3-fulldim7_inv1,VoiceOohs-f3-fulldim7_inv3
Kalimba-fs3-fulldim7_inv0,Kalimba-c3-fulldim7_inv2
AcousticBass-c3-fulldim7_inv3,AcousticBass-fs3-fulldim7_inv1
AcousticBass-c3-fulldim7_inv3,AcousticBass-a3-fulldim7_inv0
Clarinet-c3-fulldim7_inv3,Clarinet-a3-fulldim7_inv0
Clarinet-c3-fulldim7_inv3,Clarinet-fs3-fulldim7_inv1
Xylophone-c4-fulldim7_inv1,Xylophone-fs3-fulldim7_inv3
FrenchHorn-a3-fulldim7_inv2,FrenchHorn-ds4-fulldim7_inv0
FrenchHorn-a3-fulldim7_inv2,FrenchHorn-c4-fulldim7_inv1
ChurchOrgan-d4-fulldim7_inv1,ChurchOrgan-f4-fulldim7_inv0
ChurchOrgan-d4-fulldim7_inv1,ChurchOrgan-gs3-fulldim7_inv3
ChurchOrgan-d4-fulldim7_inv1,ChurchOrgan-b3-fulldim7_inv2
ElectricBass(pick)-g3-fulldim7_inv3,ElectricBass(pick)-as3-fulldim7_inv2
ElectricBass(pick)-g3-fulldim7_inv3,ElectricBass(pick)-cs4-fulldim7_inv1
PizzicatoStrings-ds3-fulldim7_inv1,PizzicatoStrings-c3-fulldim7_inv2
PizzicatoStrings-ds3-fulldim7_inv1,PizzicatoStrings-fs3-fulldim7_inv0
AcousticGuitar(nylon)-g3-fulldim7_inv1,AcousticGuitar(nylon)-e3-fulldim7_inv2
Clavinet-d3-fulldim7_inv3,Clavinet-gs3-fulldim7_inv1
Clavinet-d3-fulldim7_inv3,Clavinet-b3-fulldim7_inv0
Clavinet-d3-fulldim7_inv3,Clavinet-f3-fulldim7_inv2
Cello-f3-fulldim7_inv3,Cello-d4-fulldim7_inv0
Cello-f3-fulldim7_inv3,Cello-gs3-fulldim7_inv2
Lead3(calliope)-ds3-fulldim7_inv2,Lead3(calliope)-a3-fulldim7_inv0
Lead3(calliope)-ds3-fulldim7_inv2,Lead3(calliope)-fs3-fulldim7_inv1
Lead3(calliope)-ds3-fulldim7_inv2,Lead3(calliope)-c3-fulldim7_inv3
ElectricBass(finger)-g3-fulldim7_inv1,ElectricBass(finger)-as3-fulldim7_inv0
ElectricBass(finger)-g3-fulldim7_inv1,ElectricBass(finger)-cs3-fulldim7_inv3
Bagpipe-b3-fulldim7_inv1,Bagpipe-gs3-fulldim7_inv2
Bagpipe-b3-fulldim7_inv1,Bagpipe-f3-fulldim7_inv3
Bagpipe-b3-fulldim7_inv1,Bagpipe-d4-fulldim7_inv0
Lead3(calliope)-f3-fulldim7_inv2,Lead3(calliope)-b3-fulldim7_inv0
Lead3(calliope)-f3-fulldim7_inv2,Lead3(calliope)-d3-fulldim7_inv3
SopranoSax-b3-fulldim7_inv1,SopranoSax-d4-fulldim7_inv0
FrenchHorn-cs4-fulldim7_inv0,FrenchHorn-g3-fulldim7_inv2
FrenchHorn-cs4-fulldim7_inv0,FrenchHorn-as3-fulldim7_inv1
Shamisen-d4-fulldim7_inv1,Shamisen-f4-fulldim7_inv0
Shamisen-d4-fulldim7_inv1,Shamisen-b3-fulldim7_inv2
Shamisen-d4-fulldim7_inv1,Shamisen-gs3-fulldim7_inv3
Lead5(charang)-c3-fulldim7_inv2,Lead5(charang)-fs3-fulldim7_inv0
Clarinet-d4-fulldim7_inv1,Clarinet-f4-fulldim7_inv0
Clarinet-d4-fulldim7_inv1,Clarinet-gs3-fulldim7_inv3
Contrabass-c4-fulldim7_inv1,Contrabass-a3-fulldim7_inv2
Contrabass-c4-fulldim7_inv1,Contrabass-ds4-fulldim7_inv0
Marimba-a3-fulldim7_inv2,Marimba-fs3-fulldim7_inv3
Marimba-a3-fulldim7_inv2,Marimba-c4-fulldim7_inv1
ChurchOrgan-f3-fulldim7_inv3,ChurchOrgan-d4-fulldim7_inv0
ChurchOrgan-f3-fulldim7_inv3,ChurchOrgan-b3-fulldim7_inv1
ChurchOrgan-f3-fulldim7_inv3,ChurchOrgan-gs3-fulldim7_inv2
Dulcimer-fs3-fulldim7_inv0,Dulcimer-ds3-fulldim7_inv1
MutedTrumpet-ds3-fulldim7_inv2,MutedTrumpet-c3-fulldim7_inv3
MutedTrumpet-ds3-fulldim7_inv2,MutedTrumpet-fs3-fulldim7_inv1
AltoSax-as3-fulldim7_inv2,AltoSax-g3-fulldim7_inv3
AltoSax-as3-fulldim7_inv2,AltoSax-cs4-fulldim7_inv1
AltoSax-as3-fulldim7_inv2,AltoSax-e4-fulldim7_inv0
ElectricBass(finger)-ds4-fulldim7_inv0,ElectricBass(finger)-a3-fulldim7_inv2
ElectricGuitar(clean)-c3-fulldim7_inv3,ElectricGuitar(clean)-fs3-fulldim7_inv1
Shamisen-cs4-fulldim7_inv0,Shamisen-g3-fulldim7_inv2
Shamisen-cs4-fulldim7_inv0,Shamisen-as3-fulldim7_inv1
AltoSax-c4-fulldim7_inv1,AltoSax-a3-fulldim7_inv2
AltoSax-c4-fulldim7_inv1,AltoSax-ds4-fulldim7_inv0
Xylophone-gs3-fulldim7_inv3,Xylophone-d4-fulldim7_inv1
Xylophone-gs3-fulldim7_inv3,Xylophone-b3-fulldim7_inv2
Xylophone-gs3-fulldim7_inv3,Xylophone-f4-fulldim7_inv0
BrassSection-cs3-fulldim7_inv2,BrassSection-e3-fulldim7_inv1
BrassSection-cs3-fulldim7_inv2,BrassSection-g3-fulldim7_inv0
SopranoSax-b3-fulldim7_inv0,SopranoSax-gs3-fulldim7_inv1
SopranoSax-b3-fulldim7_inv0,SopranoSax-d3-fulldim7_inv3
Lead4(chiff)-b3-fulldim7_inv2,Lead4(chiff)-gs3-fulldim7_inv3
Lead4(chiff)-b3-fulldim7_inv2,Lead4(chiff)-d4-fulldim7_inv1
Flute-b3-fulldim7_inv0,Flute-gs3-fulldim7_inv1
Flute-b3-fulldim7_inv0,Flute-d3-fulldim7_inv3
Sitar-c3-fulldim7_inv2,Sitar-ds3-fulldim7_inv1
Sitar-c3-fulldim7_inv2,Sitar-fs3-fulldim7_inv0
Pad2(warm)-cs3-fulldim7_inv3,Pad2(warm)-g3-fulldim7_inv1
Pad2(warm)-cs3-fulldim7_inv3,Pad2(warm)-e3-fulldim7_inv2
Pad2(warm)-cs3-fulldim7_inv3,Pad2(warm)-as3-fulldim7_inv0
SynthBass1-fs3-fulldim7_inv1,SynthBass1-ds3-fulldim7_inv2
SynthBass1-fs3-fulldim7_inv1,SynthBass1-a3-fulldim7_inv0
SynthBass1-fs3-fulldim7_inv1,SynthBass1-c3-fulldim7_inv3
Harpsichord-gs3-fulldim7_inv2,Harpsichord-d4-fulldim7_inv0
Harpsichord-gs3-fulldim7_inv2,Harpsichord-f3-fulldim7_inv3
Harpsichord-gs3-fulldim7_inv2,Harpsichord-b3-fulldim7_inv1
Vibraphone-g3-fulldim7_inv0,Vibraphone-e3-fulldim7_inv1
Vibraphone-g3-fulldim7_inv0,Vibraphone-cs3-fulldim7_inv2
Pad1(newage)-d3-fulldim7_inv3,Pad1(newage)-gs3-fulldim7_inv1
Sitar-c4-fulldim7_inv1,Sitar-fs3-fulldim7_inv3
FretlessBass-ds3-fulldim7_inv2,FretlessBass-c3-fulldim7_inv3
FretlessBass-ds3-fulldim7_inv2,FretlessBass-fs3-fulldim7_inv1
SynthBrass2-as3-fulldim7_inv1,SynthBrass2-cs4-fulldim7_inv0
Violin-g3-fulldim7_inv2,Violin-cs4-fulldim7_inv0
PercussiveOrgan-d3-fulldim7_inv3,PercussiveOrgan-b3-fulldim7_inv0
PercussiveOrgan-d3-fulldim7_inv3,PercussiveOrgan-f3-fulldim7_inv2
ElectricPiano1-a3-fulldim7_inv2,ElectricPiano1-ds4-fulldim7_inv0
ElectricPiano1-a3-fulldim7_inv2,ElectricPiano1-c4-fulldim7_inv1
SynthBrass2-g3-fulldim7_inv0,SynthBrass2-cs3-fulldim7_inv2
SynthBrass2-g3-fulldim7_inv0,SynthBrass2-e3-fulldim7_inv1
PizzicatoStrings-c4-fulldim7_inv1,PizzicatoStrings-fs3-fulldim7_inv3
PizzicatoStrings-c4-fulldim7_inv1,PizzicatoStrings-ds4-fulldim7_inv0
FrenchHorn-d4-fulldim7_inv0,FrenchHorn-gs3-fulldim7_inv2
FrenchHorn-d4-fulldim7_inv0,FrenchHorn-b3-fulldim7_inv1
FrenchHorn-d4-fulldim7_inv0,FrenchHorn-f3-fulldim7_inv3
Pad6(metallic)-ds3-fulldim7_inv2,Pad6(metallic)-fs3-fulldim7_inv1
Pad6(metallic)-ds3-fulldim7_inv2,Pad6(metallic)-a3-fulldim7_inv0
Pad6(metallic)-ds3-fulldim7_inv2,Pad6(metallic)-c3-fulldim7_inv3
Violin-cs3-fulldim7_inv2,Violin-e3-fulldim7_inv1
Lead4(chiff)-gs3-fulldim7_inv3,Lead4(chiff)-d4-fulldim7_inv1
Pad8(sweep)-g3-fulldim7_inv0,Pad8(sweep)-e3-fulldim7_inv1
Xylophone-c3-fulldim7_inv2,Xylophone-fs3-fulldim7_inv0
Xylophone-c3-fulldim7_inv2,Xylophone-ds3-fulldim7_inv1
PercussiveOrgan-ds3-fulldim7_inv1,PercussiveOrgan-c3-fulldim7_inv2
PercussiveOrgan-ds3-fulldim7_inv1,PercussiveOrgan-fs3-fulldim7_inv0
Pad2(warm)-b3-fulldim7_inv2,Pad2(warm)-d4-fulldim7_inv1
Pad2(warm)-b3-fulldim7_inv2,Pad2(warm)-gs3-fulldim7_inv3
PercussiveOrgan-as3-fulldim7_inv2,PercussiveOrgan-cs4-fulldim7_inv1
PercussiveOrgan-as3-fulldim7_inv2,PercussiveOrgan-g3-fulldim7_inv3
Flute-c4-fulldim7_inv0,Flute-a3-fulldim7_inv1
Flute-c4-fulldim7_inv0,Flute-fs3-fulldim7_inv2
Flute-c4-fulldim7_inv0,Flute-ds3-fulldim7_inv3
Pad1(newage)-c3-fulldim7_inv2,Pad1(newage)-ds3-fulldim7_inv1
Cello-b3-fulldim7_inv0,Cello-f3-fulldim7_inv2
Cello-b3-fulldim7_inv0,Cello-d3-fulldim7_inv3
Cello-b3-fulldim7_inv0,Cello-gs3-fulldim7_inv1
Pad2(warm)-g3-fulldim7_inv1,Pad2(warm)-e3-fulldim7_inv2
Pad2(warm)-g3-fulldim7_inv1,Pad2(warm)-as3-fulldim7_inv0
BlownBottle-gs3-fulldim7_inv1,BlownBottle-d3-fulldim7_inv3
BlownBottle-gs3-fulldim7_inv1,BlownBottle-f3-fulldim7_inv2
BrassSection-a3-fulldim7_inv0,BrassSection-fs3-fulldim7_inv1
BrassSection-a3-fulldim7_inv0,BrassSection-c3-fulldim7_inv3
Fiddle-d4-fulldim7_inv1,Fiddle-b3-fulldim7_inv2
Fiddle-d4-fulldim7_inv1,Fiddle-f4-fulldim7_inv0
EnglishHorn-gs3-fulldim7_inv2,EnglishHorn-b3-fulldim7_inv1
EnglishHorn-gs3-fulldim7_inv2,EnglishHorn-f3-fulldim7_inv3
EnglishHorn-gs3-fulldim7_inv2,EnglishHorn-d4-fulldim7_inv0
Honky-tonkPiano-c4-fulldim7_inv0,Honky-tonkPiano-fs3-fulldim7_inv2
ElectricGuitar(jazz)-g3-fulldim7_inv0,ElectricGuitar(jazz)-e3-fulldim7_inv1
ElectricGuitar(jazz)-g3-fulldim7_inv0,ElectricGuitar(jazz)-cs3-fulldim7_inv2
ElectricGrandPiano-g3-fulldim7_inv1,ElectricGrandPiano-e3-fulldim7_inv2
ElectricGrandPiano-g3-fulldim7_inv1,ElectricGrandPiano-cs3-fulldim7_inv3
ElectricGrandPiano-g3-fulldim7_inv1,ElectricGrandPiano-as3-fulldim7_inv0
AcousticGuitar(steel)-e3-fulldim7_inv3,AcousticGuitar(steel)-cs4-fulldim7_inv0
AcousticGuitar(steel)-e3-fulldim7_inv3,AcousticGuitar(steel)-as3-fulldim7_inv1
AcousticGuitar(steel)-e3-fulldim7_inv3,AcousticGuitar(steel)-g3-fulldim7_inv2
Pad2(warm)-fs3-fulldim7_inv0,Pad2(warm)-c3-fulldim7_inv2
Viola-d4-fulldim7_inv1,Viola-b3-fulldim7_inv2
Viola-d4-fulldim7_inv1,Viola-gs3-fulldim7_inv3
Viola-d4-fulldim7_inv1,Viola-f4-fulldim7_inv0
Koto-a3-fulldim7_inv0,Koto-c3-fulldim7_inv3
Koto-a3-fulldim7_inv0,Koto-fs3-fulldim7_inv1
Flute-d4-fulldim7_inv0,Flute-gs3-fulldim7_inv2
Flute-d4-fulldim7_inv0,Flute-b3-fulldim7_inv1
Flute-d4-fulldim7_inv0,Flute-f3-fulldim7_inv3
Pad4(choir)-gs3-fulldim7_inv1,Pad4(choir)-d3-fulldim7_inv3
Pad2(warm)-b3-fulldim7_inv1,Pad2(warm)-f3-fulldim7_inv3
Pad2(warm)-b3-fulldim7_inv1,Pad2(warm)-d4-fulldim7_inv0
Pad2(warm)-b3-fulldim7_inv1,Pad2(warm)-gs3-fulldim7_inv2
Pad3(polysynth)-b3-fulldim7_inv2,Pad3(polysynth)-f4-fulldim7_inv0
Pad3(polysynth)-b3-fulldim7_inv2,Pad3(polysynth)-d4-fulldim7_inv1
SlapBass2-g3-fulldim7_inv0,SlapBass2-cs3-fulldim7_inv2
Clavinet-e3-fulldim7_inv2,Clavinet-g3-fulldim7_inv1
Kalimba-d4-fulldim7_inv0,Kalimba-gs3-fulldim7_inv2
Kalimba-d4-fulldim7_inv0,Kalimba-f3-fulldim7_inv3
Kalimba-d4-fulldim7_inv0,Kalimba-b3-fulldim7_inv1
Recorder-fs3-fulldim7_inv1,Recorder-ds3-fulldim7_inv2
Recorder-fs3-fulldim7_inv1,Recorder-a3-fulldim7_inv0
Recorder-fs3-fulldim7_inv1,Recorder-c3-fulldim7_inv3
Piccolo-gs3-fulldim7_inv0,Piccolo-f3-fulldim7_inv1
Piccolo-gs3-fulldim7_inv0,Piccolo-d3-fulldim7_inv2
Bagpipe-as3-fulldim7_inv0,Bagpipe-cs3-fulldim7_inv3
TremoloStrings-gs3-fulldim7_inv0,TremoloStrings-f3-fulldim7_inv1
Koto-b3-fulldim7_inv2,Koto-gs3-fulldim7_inv3
Koto-b3-fulldim7_inv2,Koto-f4-fulldim7_inv0
ElectricBass(finger)-gs3-fulldim7_inv3,ElectricBass(finger)-f4-fulldim7_inv0
Clavinet-ds3-fulldim7_inv2,Clavinet-c3-fulldim7_inv3
Clavinet-ds3-fulldim7_inv2,Clavinet-fs3-fulldim7_inv1
Lead4(chiff)-ds3-fulldim7_inv2,Lead4(chiff)-fs3-fulldim7_inv1
Lead4(chiff)-ds3-fulldim7_inv2,Lead4(chiff)-a3-fulldim7_inv0
ReedOrgan-ds3-fulldim7_inv2,ReedOrgan-fs3-fulldim7_inv1
ReedOrgan-ds3-fulldim7_inv2,ReedOrgan-a3-fulldim7_inv0
ReedOrgan-ds3-fulldim7_inv2,ReedOrgan-c3-fulldim7_inv3
Vibraphone-ds3-fulldim7_inv3,Vibraphone-fs3-fulldim7_inv2
ChurchOrgan-fs3-fulldim7_inv1,ChurchOrgan-c3-fulldim7_inv3
ChurchOrgan-fs3-fulldim7_inv1,ChurchOrgan-a3-fulldim7_inv0
Sitar-c4-fulldim7_inv0,Sitar-a3-fulldim7_inv1
SynthStrings1-a3-fulldim7_inv0,SynthStrings1-fs3-fulldim7_inv1
SynthStrings1-a3-fulldim7_inv0,SynthStrings1-ds3-fulldim7_inv2
SynthStrings1-a3-fulldim7_inv0,SynthStrings1-c3-fulldim7_inv3
Pad7(halo)-g3-fulldim7_inv3,Pad7(halo)-as3-fulldim7_inv2
Pad7(halo)-g3-fulldim7_inv3,Pad7(halo)-e4-fulldim7_inv0
Pad5(bowed)-c3-fulldim7_inv3,Pad5(bowed)-a3-fulldim7_inv0
SlapBass2-a3-fulldim7_inv1,SlapBass2-fs3-fulldim7_inv2
SlapBass2-a3-fulldim7_inv1,SlapBass2-ds3-fulldim7_inv3
Ocarina-f3-fulldim7_inv3,Ocarina-d4-fulldim7_inv0
Ocarina-f3-fulldim7_inv3,Ocarina-gs3-fulldim7_inv2
Oboe-g3-fulldim7_inv1,Oboe-as3-fulldim7_inv0
Oboe-g3-fulldim7_inv1,Oboe-cs3-fulldim7_inv3
Pad5(bowed)-ds3-fulldim7_inv1,Pad5(bowed)-c3-fulldim7_inv2
SynthBass1-f4-fulldim7_inv0,SynthBass1-b3-fulldim7_inv2
Contrabass-f3-fulldim7_inv1,Contrabass-gs3-fulldim7_inv0
Contrabass-f3-fulldim7_inv1,Contrabass-d3-fulldim7_inv2
Pad1(newage)-e4-fulldim7_inv0,Pad1(newage)-cs4-fulldim7_inv1
Pad1(newage)-e4-fulldim7_inv0,Pad1(newage)-g3-fulldim7_inv3
Lead2(sawtooth)-gs3-fulldim7_inv2,Lead2(sawtooth)-b3-fulldim7_inv1
Lead2(sawtooth)-gs3-fulldim7_inv2,Lead2(sawtooth)-f3-fulldim7_inv3
SynthBrass2-fs3-fulldim7_inv1,SynthBrass2-c3-fulldim7_inv3
SynthBrass2-fs3-fulldim7_inv1,SynthBrass2-ds3-fulldim7_inv2
SynthBrass2-fs3-fulldim7_inv1,SynthBrass2-a3-fulldim7_inv0
OrchestralHarp-g3-fulldim7_inv3,OrchestralHarp-e4-fulldim7_inv0
OrchestralHarp-g3-fulldim7_inv3,OrchestralHarp-as3-fulldim7_inv2
OrchestralHarp-g3-fulldim7_inv3,OrchestralHarp-cs4-fulldim7_inv1
FrenchHorn-f3-fulldim7_inv1,FrenchHorn-gs3-fulldim7_inv0
Lead3(calliope)-as3-fulldim7_inv1,Lead3(calliope)-cs4-fulldim7_inv0
Lead3(calliope)-as3-fulldim7_inv1,Lead3(calliope)-g3-fulldim7_inv2
Lead3(calliope)-as3-fulldim7_inv1,Lead3(calliope)-e3-fulldim7_inv3
Clavinet-gs3-fulldim7_inv1,Clavinet-b3-fulldim7_inv0
Clavinet-gs3-fulldim7_inv1,Clavinet-f3-fulldim7_inv2
Kalimba-g3-fulldim7_inv0,Kalimba-cs3-fulldim7_inv2
Kalimba-g3-fulldim7_inv0,Kalimba-e3-fulldim7_inv1
Piccolo-ds3-fulldim7_inv1,Piccolo-fs3-fulldim7_inv0
Piccolo-ds3-fulldim7_inv1,Piccolo-c3-fulldim7_inv2
DistortionGuitar-as3-fulldim7_inv0,DistortionGuitar-e3-fulldim7_inv2
DistortionGuitar-as3-fulldim7_inv0,DistortionGuitar-cs3-fulldim7_inv3
DistortionGuitar-as3-fulldim7_inv0,DistortionGuitar-g3-fulldim7_inv1
Tuba-b3-fulldim7_inv1,Tuba-f3-fulldim7_inv3
Tuba-b3-fulldim7_inv1,Tuba-d4-fulldim7_inv0
Tuba-b3-fulldim7_inv1,Tuba-gs3-fulldim7_inv2
Lead2(sawtooth)-d3-fulldim7_inv3,Lead2(sawtooth)-f3-fulldim7_inv2
Pad6(metallic)-g3-fulldim7_inv0,Pad6(metallic)-e3-fulldim7_inv1
BrassSection-f3-fulldim7_inv1,BrassSection-gs3-fulldim7_inv0
PercussiveOrgan-d3-fulldim7_inv2,PercussiveOrgan-f3-fulldim7_inv1
PercussiveOrgan-d3-fulldim7_inv2,PercussiveOrgan-gs3-fulldim7_inv0
Pad8(sweep)-f4-fulldim7_inv0,Pad8(sweep)-d4-fulldim7_inv1
Pad8(sweep)-f4-fulldim7_inv0,Pad8(sweep)-b3-fulldim7_inv2
MutedTrumpet-d4-fulldim7_inv1,MutedTrumpet-f4-fulldim7_inv0
BlownBottle-f4-fulldim7_inv0,BlownBottle-d4-fulldim7_inv1
BlownBottle-f4-fulldim7_inv0,BlownBottle-gs3-fulldim7_inv3
BlownBottle-f4-fulldim7_inv0,BlownBottle-b3-fulldim7_inv2
BaritoneSax-cs3-fulldim7_inv2,BaritoneSax-e3-fulldim7_inv1
Sitar-gs3-fulldim7_inv1,Sitar-b3-fulldim7_inv0
Sitar-gs3-fulldim7_inv1,Sitar-d3-fulldim7_inv3
Pad5(bowed)-d3-fulldim7_inv2,Pad5(bowed)-f3-fulldim7_inv1
FretlessBass-cs3-fulldim7_inv3,FretlessBass-e3-fulldim7_inv2
FretlessBass-cs4-fulldim7_inv1,FretlessBass-as3-fulldim7_inv2
FretlessBass-cs4-fulldim7_inv1,FretlessBass-e4-fulldim7_inv0
FretlessBass-cs4-fulldim7_inv1,FretlessBass-g3-fulldim7_inv3
Sitar-g3-fulldim7_inv3,Sitar-as3-fulldim7_inv2
Lead3(calliope)-f3-fulldim7_inv1,Lead3(calliope)-d3-fulldim7_inv2
Lead3(calliope)-f3-fulldim7_inv1,Lead3(calliope)-gs3-fulldim7_inv0
DistortionGuitar-b3-fulldim7_inv0,DistortionGuitar-d3-fulldim7_inv3
DistortionGuitar-b3-fulldim7_inv0,DistortionGuitar-gs3-fulldim7_inv1
Violin-d3-fulldim7_inv3,Violin-b3-fulldim7_inv0
Violin-d3-fulldim7_inv3,Violin-gs3-fulldim7_inv1
Violin-d3-fulldim7_inv3,Violin-f3-fulldim7_inv2
Pad5(bowed)-e4-fulldim7_inv0,Pad5(bowed)-g3-fulldim7_inv3
PanFlute-as3-fulldim7_inv2,PanFlute-g3-fulldim7_inv3
PanFlute-as3-fulldim7_inv2,PanFlute-cs4-fulldim7_inv1
PanFlute-as3-fulldim7_inv2,PanFlute-e4-fulldim7_inv0
AcousticGuitar(nylon)-f4-fulldim7_inv0,AcousticGuitar(nylon)-gs3-fulldim7_inv3
AcousticGuitar(nylon)-f4-fulldim7_inv0,AcousticGuitar(nylon)-d4-fulldim7_inv1
SynthBrass2-c3-fulldim7_inv3,SynthBrass2-ds3-fulldim7_inv2
SynthBrass2-c3-fulldim7_inv3,SynthBrass2-a3-fulldim7_inv0
SopranoSax-gs3-fulldim7_inv0,SopranoSax-f3-fulldim7_inv1
SopranoSax-gs3-fulldim7_inv0,SopranoSax-d3-fulldim7_inv2
ElectricPiano2-ds4-fulldim7_inv0,ElectricPiano2-fs3-fulldim7_inv3
ElectricPiano2-ds4-fulldim7_inv0,ElectricPiano2-a3-fulldim7_inv2
ElectricPiano2-ds4-fulldim7_inv0,ElectricPiano2-c4-fulldim7_inv1
Pad3(polysynth)-f4-fulldim7_inv0,Pad3(polysynth)-d4-fulldim7_inv1
Banjo-e3-fulldim7_inv3,Banjo-g3-fulldim7_inv2
Banjo-e3-fulldim7_inv3,Banjo-as3-fulldim7_inv1
StringEnsemble1-b3-fulldim7_inv0,StringEnsemble1-d3-fulldim7_inv3
StringEnsemble1-b3-fulldim7_inv0,StringEnsemble1-gs3-fulldim7_inv1
Pad6(metallic)-b3-fulldim7_inv1,Pad6(metallic)-f3-fulldim7_inv3
EnglishHorn-c4-fulldim7_inv0,EnglishHorn-a3-fulldim7_inv1
EnglishHorn-c4-fulldim7_inv0,EnglishHorn-ds3-fulldim7_inv3
EnglishHorn-c4-fulldim7_inv0,EnglishHorn-fs3-fulldim7_inv2
TenorSax-as3-fulldim7_inv1,TenorSax-e3-fulldim7_inv3
TenorSax-as3-fulldim7_inv1,TenorSax-cs4-fulldim7_inv0
Vibraphone-gs3-fulldim7_inv0,Vibraphone-d3-fulldim7_inv2
ElectricPiano1-ds3-fulldim7_inv1,ElectricPiano1-fs3-fulldim7_inv0
StringEnsemble1-g3-fulldim7_inv0,StringEnsemble1-cs3-fulldim7_inv2
Viola-c3-fulldim7_inv3,Viola-ds3-fulldim7_inv2
Viola-c3-fulldim7_inv3,Viola-fs3-fulldim7_inv1
StringEnsemble2-gs3-fulldim7_inv2,StringEnsemble2-b3-fulldim7_inv1
StringEnsemble2-gs3-fulldim7_inv2,StringEnsemble2-d4-fulldim7_inv0
StringEnsemble2-gs3-fulldim7_inv2,StringEnsemble2-f3-fulldim7_inv3
FretlessBass-a3-fulldim7_inv2,FretlessBass-ds4-fulldim7_inv0
FretlessBass-a3-fulldim7_inv2,FretlessBass-c4-fulldim7_inv1
Dulcimer-e3-fulldim7_inv3,Dulcimer-cs4-fulldim7_inv0
Dulcimer-e3-fulldim7_inv3,Dulcimer-as3-fulldim7_inv1
DrawbarOrgan-fs3-fulldim7_inv1,DrawbarOrgan-ds3-fulldim7_inv2
DrawbarOrgan-fs3-fulldim7_inv1,DrawbarOrgan-a3-fulldim7_inv0
RockOrgan-gs3-fulldim7_inv1,RockOrgan-f3-fulldim7_inv2
RockOrgan-gs3-fulldim7_inv1,RockOrgan-d3-fulldim7_inv3
ReedOrgan-cs3-fulldim7_inv3,ReedOrgan-as3-fulldim7_inv0
Oboe-cs4-fulldim7_inv0,Oboe-g3-fulldim7_inv2
Oboe-cs4-fulldim7_inv0,Oboe-e3-fulldim7_inv3
Fiddle-g3-fulldim7_inv2,Fiddle-cs4-fulldim7_inv0
Fiddle-g3-fulldim7_inv2,Fiddle-e3-fulldim7_inv3
Clavinet-e3-fulldim7_inv3,Clavinet-as3-fulldim7_inv1
Clavinet-e3-fulldim7_inv3,Clavinet-cs4-fulldim7_inv0
Trumpet-f3-fulldim7_inv1,Trumpet-d3-fulldim7_inv2
Trumpet-f3-fulldim7_inv1,Trumpet-gs3-fulldim7_inv0
AcousticGuitar(steel)-c3-fulldim7_inv2,AcousticGuitar(steel)-fs3-fulldim7_inv0
AcousticGuitar(steel)-c3-fulldim7_inv2,AcousticGuitar(steel)-ds3-fulldim7_inv1
Pad5(bowed)-a3-fulldim7_inv2,Pad5(bowed)-fs3-fulldim7_inv3
FretlessBass-b3-fulldim7_inv0,FretlessBass-d3-fulldim7_inv3
AcousticGuitar(nylon)-e4-fulldim7_inv0,AcousticGuitar(nylon)-cs4-fulldim7_inv1
Bassoon-ds4-fulldim7_inv0,Bassoon-c4-fulldim7_inv1
Lead4(chiff)-g3-fulldim7_inv3,Lead4(chiff)-cs4-fulldim7_inv1
Lead4(chiff)-g3-fulldim7_inv3,Lead4(chiff)-as3-fulldim7_inv2
Lead4(chiff)-g3-fulldim7_inv3,Lead4(chiff)-e4-fulldim7_inv0
ReedOrgan-gs3-fulldim7_inv1,ReedOrgan-f3-fulldim7_inv2
ReedOrgan-gs3-fulldim7_inv1,ReedOrgan-b3-fulldim7_inv0
SlapBass1-a3-fulldim7_inv1,SlapBass1-fs3-fulldim7_inv2
SlapBass1-a3-fulldim7_inv1,SlapBass1-ds3-fulldim7_inv3
Clarinet-as3-fulldim7_inv1,Clarinet-g3-fulldim7_inv2
AltoSax-g3-fulldim7_inv0,AltoSax-e3-fulldim7_inv1
SynthBrass1-f3-fulldim7_inv2,SynthBrass1-gs3-fulldim7_inv1
SynthBrass1-f3-fulldim7_inv2,SynthBrass1-b3-fulldim7_inv0
SynthBrass1-f3-fulldim7_inv2,SynthBrass1-d3-fulldim7_inv3
Lead5(charang)-fs3-fulldim7_inv1,Lead5(charang)-a3-fulldim7_inv0
Lead5(charang)-fs3-fulldim7_inv1,Lead5(charang)-c3-fulldim7_inv3
Viola-e4-fulldim7_inv0,Viola-cs4-fulldim7_inv1
Viola-e4-fulldim7_inv0,Viola-g3-fulldim7_inv3
Vibraphone-cs4-fulldim7_inv1,Vibraphone-e4-fulldim7_inv0
SynthVoice-b3-fulldim7_inv0,SynthVoice-d3-fulldim7_inv3
SynthVoice-b3-fulldim7_inv0,SynthVoice-f3-fulldim7_inv2
SynthVoice-b3-fulldim7_inv0,SynthVoice-gs3-fulldim7_inv1
ReedOrgan-f3-fulldim7_inv2,ReedOrgan-b3-fulldim7_inv0
SopranoSax-g3-fulldim7_inv1,SopranoSax-e3-fulldim7_inv2
SopranoSax-g3-fulldim7_inv1,SopranoSax-as3-fulldim7_inv0
SopranoSax-g3-fulldim7_inv1,SopranoSax-cs3-fulldim7_inv3
Tuba-cs4-fulldim7_inv0,Tuba-e3-fulldim7_inv3
Tuba-cs4-fulldim7_inv0,Tuba-g3-fulldim7_inv2
Tuba-cs4-fulldim7_inv0,Tuba-as3-fulldim7_inv1
Marimba-fs3-fulldim7_inv3,Marimba-c4-fulldim7_inv1
EnglishHorn-cs4-fulldim7_inv1,EnglishHorn-g3-fulldim7_inv3
EnglishHorn-cs4-fulldim7_inv1,EnglishHorn-e4-fulldim7_inv0
ElectricGuitar(jazz)-a3-fulldim7_inv2,ElectricGuitar(jazz)-ds4-fulldim7_inv0
ElectricGuitar(jazz)-a3-fulldim7_inv2,ElectricGuitar(jazz)-c4-fulldim7_inv1
ElectricGuitar(jazz)-a3-fulldim7_inv2,ElectricGuitar(jazz)-fs3-fulldim7_inv3
DrawbarOrgan-g3-fulldim7_inv1,DrawbarOrgan-e3-fulldim7_inv2
SynthBass2-b3-fulldim7_inv0,SynthBass2-d3-fulldim7_inv3
SynthBass2-b3-fulldim7_inv0,SynthBass2-gs3-fulldim7_inv1
SynthBass2-b3-fulldim7_inv0,SynthBass2-f3-fulldim7_inv2
Vibraphone-cs3-fulldim7_inv3,Vibraphone-e3-fulldim7_inv2
Vibraphone-cs3-fulldim7_inv3,Vibraphone-g3-fulldim7_inv1
Vibraphone-d3-fulldim7_inv3,Vibraphone-gs3-fulldim7_inv1
Vibraphone-d3-fulldim7_inv3,Vibraphone-b3-fulldim7_inv0
SynthBass1-d3-fulldim7_inv2,SynthBass1-gs3-fulldim7_inv0
MutedTrumpet-ds3-fulldim7_inv3,MutedTrumpet-a3-fulldim7_inv1
MutedTrumpet-ds3-fulldim7_inv3,MutedTrumpet-fs3-fulldim7_inv2
MutedTrumpet-ds3-fulldim7_inv3,MutedTrumpet-c4-fulldim7_inv0
Recorder-g3-fulldim7_inv3,Recorder-cs4-fulldim7_inv1
Recorder-g3-fulldim7_inv3,Recorder-e4-fulldim7_inv0
PizzicatoStrings-cs3-fulldim7_inv3,PizzicatoStrings-as3-fulldim7_inv0
PizzicatoStrings-cs3-fulldim7_inv3,PizzicatoStrings-e3-fulldim7_inv2
Cello-ds3-fulldim7_inv2,Cello-c3-fulldim7_inv3
Cello-ds3-fulldim7_inv2,Cello-a3-fulldim7_inv0
Pad4(choir)-f4-fulldim7_inv0,Pad4(choir)-d4-fulldim7_inv1
Violin-fs3-fulldim7_inv3,Violin-ds4-fulldim7_inv0
Violin-fs3-fulldim7_inv3,Violin-a3-fulldim7_inv2
StringEnsemble2-fs3-fulldim7_inv2,StringEnsemble2-ds3-fulldim7_inv3
StringEnsemble2-fs3-fulldim7_inv2,StringEnsemble2-a3-fulldim7_inv1
StringEnsemble2-fs3-fulldim7_inv2,StringEnsemble2-c4-fulldim7_inv0
BlownBottle-g3-fulldim7_inv1,BlownBottle-e3-fulldim7_inv2
BlownBottle-g3-fulldim7_inv1,BlownBottle-cs3-fulldim7_inv3
SynthBrass1-c3-fulldim7_inv3,SynthBrass1-a3-fulldim7_inv0
SynthBrass1-c3-fulldim7_inv3,SynthBrass1-fs3-fulldim7_inv1
SynthBrass1-c3-fulldim7_inv3,SynthBrass1-ds3-fulldim7_inv2
RockOrgan-ds3-fulldim7_inv3,RockOrgan-c4-fulldim7_inv0
RockOrgan-ds3-fulldim7_inv3,RockOrgan-a3-fulldim7_inv1
Harpsichord-as3-fulldim7_inv2,Harpsichord-cs4-fulldim7_inv1
Harpsichord-as3-fulldim7_inv2,Harpsichord-e4-fulldim7_inv0
Harpsichord-as3-fulldim7_inv2,Harpsichord-g3-fulldim7_inv3
Fiddle-b3-fulldim7_inv2,Fiddle-f4-fulldim7_inv0
ElectricGuitar(jazz)-g3-fulldim7_inv1,ElectricGuitar(jazz)-e3-fulldim7_inv2
ElectricGuitar(jazz)-g3-fulldim7_inv1,ElectricGuitar(jazz)-as3-fulldim7_inv0
ElectricPiano1-g3-fulldim7_inv1,ElectricPiano1-as3-fulldim7_inv0
ElectricPiano1-g3-fulldim7_inv1,ElectricPiano1-cs3-fulldim7_inv3
SynthStrings1-g3-fulldim7_inv1,SynthStrings1-as3-fulldim7_inv0
SynthStrings1-g3-fulldim7_inv1,SynthStrings1-e3-fulldim7_inv2
SynthStrings1-g3-fulldim7_inv1,SynthStrings1-cs3-fulldim7_inv3
Recorder-cs3-fulldim7_inv3,Recorder-as3-fulldim7_inv0
ElectricPiano2-gs3-fulldim7_inv0,ElectricPiano2-f3-fulldim7_inv1
ElectricPiano2-gs3-fulldim7_inv0,ElectricPiano2-d3-fulldim7_inv2
Koto-c3-fulldim7_inv3,Koto-fs3-fulldim7_inv1
Piccolo-a3-fulldim7_inv2,Piccolo-ds4-fulldim7_inv0
Piccolo-a3-fulldim7_inv2,Piccolo-c4-fulldim7_inv1
SynthStrings1-f3-fulldim7_inv2,SynthStrings1-d3-fulldim7_inv3
MusicBox-d4-fulldim7_inv0,MusicBox-f3-fulldim7_inv3
Contrabass-gs3-fulldim7_inv3,Contrabass-d4-fulldim7_inv1
Xylophone-gs3-fulldim7_inv2,Xylophone-b3-fulldim7_inv1
Xylophone-gs3-fulldim7_inv2,Xylophone-d4-fulldim7_inv0
AltoSax-ds3-fulldim7_inv2,AltoSax-a3-fulldim7_inv0
AltoSax-ds3-fulldim7_inv2,AltoSax-fs3-fulldim7_inv1
DrawbarOrgan-f4-fulldim7_inv0,DrawbarOrgan-b3-fulldim7_inv2
DrawbarOrgan-f4-fulldim7_inv0,DrawbarOrgan-gs3-fulldim7_inv3
DrawbarOrgan-f4-fulldim7_inv0,DrawbarOrgan-d4-fulldim7_inv1
ElectricGrandPiano-b3-fulldim7_inv0,ElectricGrandPiano-gs3-fulldim7_inv1
ElectricGrandPiano-b3-fulldim7_inv0,ElectricGrandPiano-d3-fulldim7_inv3
AcousticGrandPiano-f3-fulldim7_inv3,AcousticGrandPiano-b3-fulldim7_inv1
AcousticGrandPiano-f3-fulldim7_inv3,AcousticGrandPiano-d4-fulldim7_inv0
AcousticGrandPiano-f3-fulldim7_inv3,AcousticGrandPiano-gs3-fulldim7_inv2
AcousticGuitar(steel)-g3-fulldim7_inv1,AcousticGuitar(steel)-as3-fulldim7_inv0
AcousticGuitar(steel)-g3-fulldim7_inv1,AcousticGuitar(steel)-e3-fulldim7_inv2
AcousticGuitar(steel)-g3-fulldim7_inv1,AcousticGuitar(steel)-cs3-fulldim7_inv3
Lead8(bass+lead)-b3-fulldim7_inv0,Lead8(bass+lead)-gs3-fulldim7_inv1
Lead8(bass+lead)-b3-fulldim7_inv0,Lead8(bass+lead)-f3-fulldim7_inv2
Lead8(bass+lead)-b3-fulldim7_inv0,Lead8(bass+lead)-d3-fulldim7_inv3
Oboe-d4-fulldim7_inv1,Oboe-gs3-fulldim7_inv3
Oboe-d4-fulldim7_inv1,Oboe-f4-fulldim7_inv0
Xylophone-cs3-fulldim7_inv3,Xylophone-g3-fulldim7_inv1
Xylophone-cs3-fulldim7_inv3,Xylophone-as3-fulldim7_inv0
Xylophone-cs3-fulldim7_inv3,Xylophone-e3-fulldim7_inv2
Piccolo-f3-fulldim7_inv1,Piccolo-d3-fulldim7_inv2
MutedTrumpet-f3-fulldim7_inv3,MutedTrumpet-d4-fulldim7_inv0
MutedTrumpet-f3-fulldim7_inv3,MutedTrumpet-b3-fulldim7_inv1
RockOrgan-ds3-fulldim7_inv2,RockOrgan-c3-fulldim7_inv3
RockOrgan-ds3-fulldim7_inv2,RockOrgan-a3-fulldim7_inv0
RockOrgan-ds3-fulldim7_inv2,RockOrgan-fs3-fulldim7_inv1
Lead3(calliope)-b3-fulldim7_inv0,Lead3(calliope)-d3-fulldim7_inv3
Oboe-a3-fulldim7_inv1,Oboe-ds3-fulldim7_inv3
Oboe-a3-fulldim7_inv1,Oboe-fs3-fulldim7_inv2
Clarinet-fs3-fulldim7_inv2,Clarinet-ds3-fulldim7_inv3
Clarinet-fs3-fulldim7_inv2,Clarinet-a3-fulldim7_inv1
AcousticGrandPiano-d3-fulldim7_inv3,AcousticGrandPiano-gs3-fulldim7_inv1
AcousticGrandPiano-d3-fulldim7_inv3,AcousticGrandPiano-f3-fulldim7_inv2
Tuba-d4-fulldim7_inv1,Tuba-gs3-fulldim7_inv3
Tuba-d4-fulldim7_inv1,Tuba-f4-fulldim7_inv0
Lead3(calliope)-cs4-fulldim7_inv0,Lead3(calliope)-g3-fulldim7_inv2
Lead3(calliope)-cs4-fulldim7_inv0,Lead3(calliope)-e3-fulldim7_inv3
Trumpet-d3-fulldim7_inv3,Trumpet-gs3-fulldim7_inv1
ChoirAahs-gs3-fulldim7_inv1,ChoirAahs-d3-fulldim7_inv3
ChoirAahs-gs3-fulldim7_inv1,ChoirAahs-f3-fulldim7_inv2
Banjo-f4-fulldim7_inv0,Banjo-gs3-fulldim7_inv3
Banjo-f4-fulldim7_inv0,Banjo-b3-fulldim7_inv2
OrchestralHarp-fs3-fulldim7_inv3,OrchestralHarp-a3-fulldim7_inv2
OrchestralHarp-fs3-fulldim7_inv3,OrchestralHarp-c4-fulldim7_inv1
PizzicatoStrings-b3-fulldim7_inv2,PizzicatoStrings-f4-fulldim7_inv0
PizzicatoStrings-b3-fulldim7_inv2,PizzicatoStrings-d4-fulldim7_inv1
PizzicatoStrings-b3-fulldim7_inv2,PizzicatoStrings-gs3-fulldim7_inv3
Bassoon-g3-fulldim7_inv2,Bassoon-as3-fulldim7_inv1
Bassoon-g3-fulldim7_inv2,Bassoon-e3-fulldim7_inv3
StringEnsemble1-cs3-fulldim7_inv3,StringEnsemble1-g3-fulldim7_inv1
StringEnsemble1-cs3-fulldim7_inv3,StringEnsemble1-e3-fulldim7_inv2
SopranoSax-e3-fulldim7_inv2,SopranoSax-as3-fulldim7_inv0
SopranoSax-e3-fulldim7_inv2,SopranoSax-cs3-fulldim7_inv3
ElectricGuitar(clean)-cs3-fulldim7_inv2,ElectricGuitar(clean)-g3-fulldim7_inv0
ElectricGuitar(clean)-cs3-fulldim7_inv2,ElectricGuitar(clean)-e3-fulldim7_inv1
EnglishHorn-c3-fulldim7_inv2,EnglishHorn-ds3-fulldim7_inv1
ElectricPiano1-ds4-fulldim7_inv0,ElectricPiano1-c4-fulldim7_inv1
Pad4(choir)-a3-fulldim7_inv2,Pad4(choir)-ds4-fulldim7_inv0
Pad4(choir)-a3-fulldim7_inv2,Pad4(choir)-fs3-fulldim7_inv3
Pad4(choir)-a3-fulldim7_inv2,Pad4(choir)-c4-fulldim7_inv1
Lead6(voice)-f4-fulldim7_inv0,Lead6(voice)-gs3-fulldim7_inv3
Lead6(voice)-f4-fulldim7_inv0,Lead6(voice)-b3-fulldim7_inv2
TremoloStrings-as3-fulldim7_inv2,TremoloStrings-e4-fulldim7_inv0
SynthVoice-d4-fulldim7_inv0,SynthVoice-gs3-fulldim7_inv2
PanFlute-d3-fulldim7_inv2,PanFlute-gs3-fulldim7_inv0
Tuba-e3-fulldim7_inv3,Tuba-g3-fulldim7_inv2
Tuba-e3-fulldim7_inv3,Tuba-as3-fulldim7_inv1
AcousticBass-g3-fulldim7_inv2,AcousticBass-e3-fulldim7_inv3
Kalimba-b3-fulldim7_inv2,Kalimba-d4-fulldim7_inv1
SynthBass2-a3-fulldim7_inv2,SynthBass2-c4-fulldim7_inv1
SynthBass2-a3-fulldim7_inv2,SynthBass2-ds4-fulldim7_inv0
SynthBass2-a3-fulldim7_inv2,SynthBass2-fs3-fulldim7_inv3
BlownBottle-d4-fulldim7_inv1,BlownBottle-gs3-fulldim7_inv3
BlownBottle-d4-fulldim7_inv1,BlownBottle-b3-fulldim7_inv2
DistortionGuitar-d4-fulldim7_inv0,DistortionGuitar-b3-fulldim7_inv1
DistortionGuitar-d4-fulldim7_inv0,DistortionGuitar-gs3-fulldim7_inv2
DistortionGuitar-d4-fulldim7_inv0,DistortionGuitar-f3-fulldim7_inv3
ElectricGrandPiano-cs4-fulldim7_inv1,ElectricGrandPiano-as3-fulldim7_inv2
ElectricGrandPiano-cs4-fulldim7_inv1,ElectricGrandPiano-g3-fulldim7_inv3
Kalimba-ds4-fulldim7_inv0,Kalimba-fs3-fulldim7_inv3
Kalimba-ds4-fulldim7_inv0,Kalimba-c4-fulldim7_inv1
BrassSection-a3-fulldim7_inv2,BrassSection-fs3-fulldim7_inv3
BrassSection-a3-fulldim7_inv2,BrassSection-c4-fulldim7_inv1
Lead4(chiff)-d3-fulldim7_inv3,Lead4(chiff)-gs3-fulldim7_inv1
Lead4(chiff)-d3-fulldim7_inv3,Lead4(chiff)-f3-fulldim7_inv2
EnglishHorn-a3-fulldim7_inv2,EnglishHorn-c4-fulldim7_inv1
EnglishHorn-a3-fulldim7_inv2,EnglishHorn-ds4-fulldim7_inv0
AcousticBass-cs4-fulldim7_inv1,AcousticBass-g3-fulldim7_inv3
AcousticBass-cs4-fulldim7_inv1,AcousticBass-as3-fulldim7_inv2
ReedOrgan-fs3-fulldim7_inv1,ReedOrgan-a3-fulldim7_inv0
ReedOrgan-fs3-fulldim7_inv1,ReedOrgan-c3-fulldim7_inv3
ElectricPiano2-fs3-fulldim7_inv0,ElectricPiano2-c3-fulldim7_inv2
ElectricPiano2-fs3-fulldim7_inv0,ElectricPiano2-ds3-fulldim7_inv1
ElectricBass(pick)-fs3-fulldim7_inv3,ElectricBass(pick)-a3-fulldim7_inv2
ElectricBass(pick)-fs3-fulldim7_inv3,ElectricBass(pick)-ds4-fulldim7_inv0
Banjo-fs3-fulldim7_inv3,Banjo-c4-fulldim7_inv1
Banjo-fs3-fulldim7_inv3,Banjo-ds4-fulldim7_inv0
Banjo-fs3-fulldim7_inv3,Banjo-a3-fulldim7_inv2
Piccolo-cs3-fulldim7_inv3,Piccolo-e3-fulldim7_inv2
Piccolo-cs3-fulldim7_inv3,Piccolo-g3-fulldim7_inv1
Sitar-e3-fulldim7_inv1,Sitar-cs3-fulldim7_inv2
Sitar-e3-fulldim7_inv1,Sitar-g3-fulldim7_inv0
Pad3(polysynth)-c3-fulldim7_inv2,Pad3(polysynth)-fs3-fulldim7_inv0
SopranoSax-fs3-fulldim7_inv1,SopranoSax-ds3-fulldim7_inv2
SopranoSax-fs3-fulldim7_inv1,SopranoSax-c3-fulldim7_inv3
Oboe-as3-fulldim7_inv0,Oboe-cs3-fulldim7_inv3
MusicBox-d4-fulldim7_inv1,MusicBox-b3-fulldim7_inv2
ChurchOrgan-g3-fulldim7_inv0,ChurchOrgan-cs3-fulldim7_inv2
TenorSax-gs3-fulldim7_inv3,TenorSax-f4-fulldim7_inv0
VoiceOohs-fs3-fulldim7_inv2,VoiceOohs-ds3-fulldim7_inv3
ChoirAahs-cs3-fulldim7_inv3,ChoirAahs-g3-fulldim7_inv1
ChoirAahs-cs3-fulldim7_inv3,ChoirAahs-e3-fulldim7_inv2
BaritoneSax-gs3-fulldim7_inv3,BaritoneSax-d4-fulldim7_inv1
BaritoneSax-gs3-fulldim7_inv3,BaritoneSax-f4-fulldim7_inv0
BaritoneSax-gs3-fulldim7_inv3,BaritoneSax-b3-fulldim7_inv2
Trumpet-a3-fulldim7_inv2,Trumpet-ds4-fulldim7_inv0
Trumpet-a3-fulldim7_inv2,Trumpet-fs3-fulldim7_inv3
Lead2(sawtooth)-ds3-fulldim7_inv3,Lead2(sawtooth)-a3-fulldim7_inv1
Lead2(sawtooth)-ds3-fulldim7_inv3,Lead2(sawtooth)-fs3-fulldim7_inv2
Lead1(square)-f3-fulldim7_inv3,Lead1(square)-gs3-fulldim7_inv2
Lead1(square)-f3-fulldim7_inv3,Lead1(square)-d4-fulldim7_inv0
AcousticGrandPiano-cs3-fulldim7_inv3,AcousticGrandPiano-g3-fulldim7_inv1
AcousticGrandPiano-cs3-fulldim7_inv3,AcousticGrandPiano-as3-fulldim7_inv0
ElectricBass(finger)-e3-fulldim7_inv3,ElectricBass(finger)-cs4-fulldim7_inv0
ElectricBass(finger)-e3-fulldim7_inv3,ElectricBass(finger)-g3-fulldim7_inv2
ElectricBass(finger)-e3-fulldim7_inv3,ElectricBass(finger)-as3-fulldim7_inv1
ChurchOrgan-as3-fulldim7_inv2,ChurchOrgan-e4-fulldim7_inv0
RockOrgan-f3-fulldim7_inv2,RockOrgan-d3-fulldim7_inv3
Lead1(square)-c3-fulldim7_inv2,Lead1(square)-ds3-fulldim7_inv1
DistortionGuitar-ds3-fulldim7_inv2,DistortionGuitar-c3-fulldim7_inv3
DistortionGuitar-ds3-fulldim7_inv2,DistortionGuitar-fs3-fulldim7_inv1
SopranoSax-ds3-fulldim7_inv2,SopranoSax-c3-fulldim7_inv3
Pad6(metallic)-ds3-fulldim7_inv3,Pad6(metallic)-a3-fulldim7_inv1
Pad6(metallic)-ds3-fulldim7_inv3,Pad6(metallic)-c4-fulldim7_inv0
Lead6(voice)-ds3-fulldim7_inv2,Lead6(voice)-a3-fulldim7_inv0
ElectricPiano1-gs3-fulldim7_inv1,ElectricPiano1-d3-fulldim7_inv3
ElectricPiano1-gs3-fulldim7_inv1,ElectricPiano1-f3-fulldim7_inv2
SopranoSax-fs3-fulldim7_inv0,SopranoSax-ds3-fulldim7_inv1
Pad6(metallic)-fs3-fulldim7_inv1,Pad6(metallic)-a3-fulldim7_inv0
Pad6(metallic)-fs3-fulldim7_inv1,Pad6(metallic)-c3-fulldim7_inv3
Piccolo-ds4-fulldim7_inv0,Piccolo-c4-fulldim7_inv1
Honky-tonkPiano-d4-fulldim7_inv1,Honky-tonkPiano-f4-fulldim7_inv0
ElectricGuitar(muted)-f3-fulldim7_inv2,ElectricGuitar(muted)-gs3-fulldim7_inv1
ElectricGuitar(muted)-f3-fulldim7_inv2,ElectricGuitar(muted)-b3-fulldim7_inv0
Lead8(bass+lead)-cs4-fulldim7_inv0,Lead8(bass+lead)-g3-fulldim7_inv2
Violin-f4-fulldim7_inv0,Violin-d4-fulldim7_inv1
Violin-f4-fulldim7_inv0,Violin-b3-fulldim7_inv2
Violin-f4-fulldim7_inv0,Violin-gs3-fulldim7_inv3
EnglishHorn-ds3-fulldim7_inv2,EnglishHorn-fs3-fulldim7_inv1
EnglishHorn-ds3-fulldim7_inv2,EnglishHorn-c3-fulldim7_inv3
RockOrgan-c3-fulldim7_inv3,RockOrgan-a3-fulldim7_inv0
RockOrgan-c3-fulldim7_inv3,RockOrgan-fs3-fulldim7_inv1
ElectricGrandPiano-f3-fulldim7_inv3,ElectricGrandPiano-gs3-fulldim7_inv2
ElectricGrandPiano-f3-fulldim7_inv3,ElectricGrandPiano-b3-fulldim7_inv1
Pad6(metallic)-fs3-fulldim7_inv3,Pad6(metallic)-ds4-fulldim7_inv0
ElectricPiano1-fs3-fulldim7_inv2,ElectricPiano1-ds3-fulldim7_inv3
ElectricPiano1-fs3-fulldim7_inv2,ElectricPiano1-a3-fulldim7_inv1
Shamisen-cs3-fulldim7_inv2,Shamisen-g3-fulldim7_inv0
EnglishHorn-as3-fulldim7_inv1,EnglishHorn-g3-fulldim7_inv2
EnglishHorn-as3-fulldim7_inv1,EnglishHorn-cs4-fulldim7_inv0
Shanai-b3-fulldim7_inv0,Shanai-f3-fulldim7_inv2
TenorSax-as3-fulldim7_inv0,TenorSax-cs3-fulldim7_inv3
AcousticGrandPiano-cs3-fulldim7_inv2,AcousticGrandPiano-g3-fulldim7_inv0
Flute-f4-fulldim7_inv0,Flute-d4-fulldim7_inv1
Flute-f4-fulldim7_inv0,Flute-b3-fulldim7_inv2
Flute-f4-fulldim7_inv0,Flute-gs3-fulldim7_inv3
Oboe-fs3-fulldim7_inv3,Oboe-c4-fulldim7_inv1
OrchestralHarp-fs3-fulldim7_inv2,OrchestralHarp-ds3-fulldim7_inv3
Pad6(metallic)-e3-fulldim7_inv2,Pad6(metallic)-as3-fulldim7_inv0
Pad6(metallic)-e3-fulldim7_inv2,Pad6(metallic)-cs3-fulldim7_inv3
FretlessBass-b3-fulldim7_inv2,FretlessBass-gs3-fulldim7_inv3
DrawbarOrgan-e3-fulldim7_inv1,DrawbarOrgan-g3-fulldim7_inv0
DrawbarOrgan-e3-fulldim7_inv1,DrawbarOrgan-cs3-fulldim7_inv2
Kalimba-g3-fulldim7_inv2,Kalimba-e3-fulldim7_inv3
DrawbarOrgan-g3-fulldim7_inv0,DrawbarOrgan-cs3-fulldim7_inv2
ElectricBass(finger)-cs4-fulldim7_inv1,ElectricBass(finger)-e4-fulldim7_inv0
ElectricBass(finger)-cs4-fulldim7_inv1,ElectricBass(finger)-g3-fulldim7_inv3
ElectricBass(finger)-cs4-fulldim7_inv1,ElectricBass(finger)-as3-fulldim7_inv2
StringEnsemble2-ds3-fulldim7_inv2,StringEnsemble2-fs3-fulldim7_inv1
ChurchOrgan-f4-fulldim7_inv0,ChurchOrgan-gs3-fulldim7_inv3
ChurchOrgan-f4-fulldim7_inv0,ChurchOrgan-b3-fulldim7_inv2
SynthBrass2-d4-fulldim7_inv0,SynthBrass2-b3-fulldim7_inv1
SynthBrass2-d4-fulldim7_inv0,SynthBrass2-f3-fulldim7_inv3
AcousticGrandPiano-g3-fulldim7_inv3,AcousticGrandPiano-e4-fulldim7_inv0
AcousticGrandPiano-g3-fulldim7_inv3,AcousticGrandPiano-cs4-fulldim7_inv1
Lead6(voice)-e4-fulldim7_inv0,Lead6(voice)-cs4-fulldim7_inv1
Lead6(voice)-e4-fulldim7_inv0,Lead6(voice)-as3-fulldim7_inv2
Lead6(voice)-e4-fulldim7_inv0,Lead6(voice)-g3-fulldim7_inv3
Cello-f4-fulldim7_inv0,Cello-b3-fulldim7_inv2
Cello-f4-fulldim7_inv0,Cello-gs3-fulldim7_inv3
Koto-as3-fulldim7_inv1,Koto-g3-fulldim7_inv2
Pad2(warm)-fs3-fulldim7_inv2,Pad2(warm)-ds3-fulldim7_inv3
Pad2(warm)-fs3-fulldim7_inv2,Pad2(warm)-c4-fulldim7_inv0
Vibraphone-d4-fulldim7_inv0,Vibraphone-b3-fulldim7_inv1
Vibraphone-d4-fulldim7_inv0,Vibraphone-gs3-fulldim7_inv2
Vibraphone-d4-fulldim7_inv0,Vibraphone-f3-fulldim7_inv3
Recorder-fs3-fulldim7_inv3,Recorder-ds4-fulldim7_inv0
PizzicatoStrings-f3-fulldim7_inv2,PizzicatoStrings-d3-fulldim7_inv3
PizzicatoStrings-f3-fulldim7_inv2,PizzicatoStrings-b3-fulldim7_inv0
Pad5(bowed)-fs3-fulldim7_inv2,Pad5(bowed)-ds3-fulldim7_inv3
BlownBottle-fs3-fulldim7_inv2,BlownBottle-c4-fulldim7_inv0
BlownBottle-fs3-fulldim7_inv2,BlownBottle-a3-fulldim7_inv1
SynthBrass2-ds3-fulldim7_inv3,SynthBrass2-c4-fulldim7_inv0
SynthBrass2-ds3-fulldim7_inv3,SynthBrass2-fs3-fulldim7_inv2
SynthBrass2-ds3-fulldim7_inv3,SynthBrass2-a3-fulldim7_inv1
SynthBass2-e3-fulldim7_inv3,SynthBass2-cs4-fulldim7_inv0
SynthBass2-e3-fulldim7_inv3,SynthBass2-g3-fulldim7_inv2
SynthBass2-e3-fulldim7_inv3,SynthBass2-as3-fulldim7_inv1
Pad1(newage)-cs4-fulldim7_inv0,Pad1(newage)-e3-fulldim7_inv3
Pad1(newage)-cs4-fulldim7_inv0,Pad1(newage)-g3-fulldim7_inv2
Viola-b3-fulldim7_inv2,Viola-gs3-fulldim7_inv3
Viola-b3-fulldim7_inv2,Viola-f4-fulldim7_inv0
MusicBox-e3-fulldim7_inv1,MusicBox-g3-fulldim7_inv0
Pad6(metallic)-as3-fulldim7_inv0,Pad6(metallic)-cs3-fulldim7_inv3
ChoirAahs-a3-fulldim7_inv1,ChoirAahs-ds3-fulldim7_inv3
ElectricGuitar(jazz)-cs4-fulldim7_inv1,ElectricGuitar(jazz)-g3-fulldim7_inv3
ElectricGuitar(jazz)-cs4-fulldim7_inv1,ElectricGuitar(jazz)-as3-fulldim7_inv2
Lead8(bass+lead)-gs3-fulldim7_inv1,Lead8(bass+lead)-f3-fulldim7_inv2
Lead8(bass+lead)-gs3-fulldim7_inv1,Lead8(bass+lead)-d3-fulldim7_inv3
ElectricBass(pick)-b3-fulldim7_inv1,ElectricBass(pick)-f3-fulldim7_inv3
PercussiveOrgan-b3-fulldim7_inv1,PercussiveOrgan-f3-fulldim7_inv3
PercussiveOrgan-b3-fulldim7_inv1,PercussiveOrgan-d4-fulldim7_inv0
ElectricGuitar(muted)-g3-fulldim7_inv2,ElectricGuitar(muted)-cs4-fulldim7_inv0
FrenchHorn-a3-fulldim7_inv1,FrenchHorn-c4-fulldim7_inv0
FrenchHorn-a3-fulldim7_inv1,FrenchHorn-ds3-fulldim7_inv3
FrenchHorn-a3-fulldim7_inv1,FrenchHorn-fs3-fulldim7_inv2
Pad5(bowed)-cs3-fulldim7_inv2,Pad5(bowed)-e3-fulldim7_inv1
TremoloStrings-fs3-fulldim7_inv2,TremoloStrings-a3-fulldim7_inv1
SynthStrings1-as3-fulldim7_inv0,SynthStrings1-e3-fulldim7_inv2
SynthStrings1-as3-fulldim7_inv0,SynthStrings1-cs3-fulldim7_inv3
Shanai-b3-fulldim7_inv1,Shanai-f3-fulldim7_inv3
MutedTrumpet-g3-fulldim7_inv1,MutedTrumpet-as3-fulldim7_inv0
MutedTrumpet-g3-fulldim7_inv1,MutedTrumpet-e3-fulldim7_inv2
ElectricPiano2-fs3-fulldim7_inv3,ElectricPiano2-a3-fulldim7_inv2
ElectricPiano2-fs3-fulldim7_inv3,ElectricPiano2-c4-fulldim7_inv1
AcousticBass-ds3-fulldim7_inv3,AcousticBass-c4-fulldim7_inv0
AcousticBass-ds3-fulldim7_inv3,AcousticBass-fs3-fulldim7_inv2
AcousticBass-ds3-fulldim7_inv3,AcousticBass-a3-fulldim7_inv1
ElectricPiano1-gs3-fulldim7_inv2,ElectricPiano1-b3-fulldim7_inv1
ElectricPiano1-gs3-fulldim7_inv2,ElectricPiano1-d4-fulldim7_inv0
ElectricPiano1-gs3-fulldim7_inv2,ElectricPiano1-f3-fulldim7_inv3
Lead4(chiff)-b3-fulldim7_inv1,Lead4(chiff)-gs3-fulldim7_inv2
Lead4(chiff)-b3-fulldim7_inv1,Lead4(chiff)-d4-fulldim7_inv0
SynthBass2-d3-fulldim7_inv3,SynthBass2-gs3-fulldim7_inv1
SynthBass2-d3-fulldim7_inv3,SynthBass2-f3-fulldim7_inv2
Bassoon-fs3-fulldim7_inv0,Bassoon-ds3-fulldim7_inv1
Bassoon-fs3-fulldim7_inv0,Bassoon-c3-fulldim7_inv2
ChoirAahs-b3-fulldim7_inv1,ChoirAahs-d4-fulldim7_inv0
ChoirAahs-g3-fulldim7_inv1,ChoirAahs-e3-fulldim7_inv2
VoiceOohs-b3-fulldim7_inv0,VoiceOohs-d3-fulldim7_inv3
VoiceOohs-b3-fulldim7_inv0,VoiceOohs-gs3-fulldim7_inv1
Pad8(sweep)-d4-fulldim7_inv0,Pad8(sweep)-f3-fulldim7_inv3
Pad8(sweep)-d4-fulldim7_inv0,Pad8(sweep)-b3-fulldim7_inv1
AcousticGrandPiano-ds3-fulldim7_inv1,AcousticGrandPiano-fs3-fulldim7_inv0
AcousticGrandPiano-ds3-fulldim7_inv1,AcousticGrandPiano-c3-fulldim7_inv2
StringEnsemble2-as3-fulldim7_inv1,StringEnsemble2-e3-fulldim7_inv3
Bassoon-b3-fulldim7_inv1,Bassoon-f3-fulldim7_inv3
Bassoon-b3-fulldim7_inv1,Bassoon-d4-fulldim7_inv0
TenorSax-c3-fulldim7_inv2,TenorSax-ds3-fulldim7_inv1
Kalimba-cs3-fulldim7_inv3,Kalimba-as3-fulldim7_inv0
Kalimba-cs3-fulldim7_inv3,Kalimba-g3-fulldim7_inv1
AcousticGuitar(nylon)-ds3-fulldim7_inv2,AcousticGuitar(nylon)-fs3-fulldim7_inv1
Ocarina-cs4-fulldim7_inv0,Ocarina-as3-fulldim7_inv1
Ocarina-cs4-fulldim7_inv0,Ocarina-g3-fulldim7_inv2
Ocarina-cs4-fulldim7_inv0,Ocarina-e3-fulldim7_inv3
Lead1(square)-c4-fulldim7_inv0,Lead1(square)-ds3-fulldim7_inv3
Lead1(square)-c4-fulldim7_inv0,Lead1(square)-a3-fulldim7_inv1
Lead1(square)-c4-fulldim7_inv0,Lead1(square)-fs3-fulldim7_inv2
ReedOrgan-fs3-fulldim7_inv0,ReedOrgan-c3-fulldim7_inv2
SynthBass1-ds3-fulldim7_inv2,SynthBass1-a3-fulldim7_inv0
SynthBass1-ds3-fulldim7_inv2,SynthBass1-c3-fulldim7_inv3
Contrabass-g3-fulldim7_inv3,Contrabass-e4-fulldim7_inv0
ElectricPiano1-d3-fulldim7_inv3,ElectricPiano1-f3-fulldim7_inv2
FretlessBass-c4-fulldim7_inv0,FretlessBass-fs3-fulldim7_inv2
FretlessBass-c4-fulldim7_inv0,FretlessBass-a3-fulldim7_inv1
FretlessBass-c4-fulldim7_inv0,FretlessBass-ds3-fulldim7_inv3
Clavinet-ds4-fulldim7_inv0,Clavinet-a3-fulldim7_inv2
Clavinet-ds4-fulldim7_inv0,Clavinet-c4-fulldim7_inv1
ElectricPiano2-e3-fulldim7_inv3,ElectricPiano2-g3-fulldim7_inv2
MutedTrumpet-as3-fulldim7_inv0,MutedTrumpet-e3-fulldim7_inv2
ReedOrgan-b3-fulldim7_inv1,ReedOrgan-d4-fulldim7_inv0
ReedOrgan-b3-fulldim7_inv1,ReedOrgan-f3-fulldim7_inv3
ElectricGrandPiano-e3-fulldim7_inv2,ElectricGrandPiano-cs3-fulldim7_inv3
ElectricGrandPiano-e3-fulldim7_inv2,ElectricGrandPiano-as3-fulldim7_inv0
Harpsichord-b3-fulldim7_inv2,Harpsichord-gs3-fulldim7_inv3
Harpsichord-b3-fulldim7_inv2,Harpsichord-f4-fulldim7_inv0
Harpsichord-b3-fulldim7_inv2,Harpsichord-d4-fulldim7_inv1
MutedTrumpet-d4-fulldim7_inv0,MutedTrumpet-b3-fulldim7_inv1
Flute-g3-fulldim7_inv1,Flute-cs3-fulldim7_inv3
Flute-g3-fulldim7_inv1,Flute-e3-fulldim7_inv2
Pad8(sweep)-ds3-fulldim7_inv2,Pad8(sweep)-fs3-fulldim7_inv1
Pad8(sweep)-ds3-fulldim7_inv2,Pad8(sweep)-a3-fulldim7_inv0
DrawbarOrgan-b3-fulldim7_inv2,DrawbarOrgan-gs3-fulldim7_inv3
DrawbarOrgan-b3-fulldim7_inv2,DrawbarOrgan-d4-fulldim7_inv1
Cello-b3-fulldim7_inv2,Cello-gs3-fulldim7_inv3
Banjo-as3-fulldim7_inv0,Banjo-e3-fulldim7_inv2
Banjo-as3-fulldim7_inv0,Banjo-g3-fulldim7_inv1
Banjo-as3-fulldim7_inv0,Banjo-cs3-fulldim7_inv3
Lead6(voice)-ds3-fulldim7_inv1,Lead6(voice)-fs3-fulldim7_inv0
Lead6(voice)-ds3-fulldim7_inv1,Lead6(voice)-c3-fulldim7_inv2
Lead4(chiff)-fs3-fulldim7_inv2,Lead4(chiff)-c4-fulldim7_inv0
Lead4(chiff)-fs3-fulldim7_inv2,Lead4(chiff)-ds3-fulldim7_inv3
Lead4(chiff)-fs3-fulldim7_inv2,Lead4(chiff)-a3-fulldim7_inv1
Lead1(square)-a3-fulldim7_inv0,Lead1(square)-ds3-fulldim7_inv2
ElectricGuitar(muted)-b3-fulldim7_inv2,ElectricGuitar(muted)-d4-fulldim7_inv1
ElectricGuitar(muted)-b3-fulldim7_inv2,ElectricGuitar(muted)-f4-fulldim7_inv0
ElectricGuitar(muted)-b3-fulldim7_inv2,ElectricGuitar(muted)-gs3-fulldim7_inv3
Piccolo-fs3-fulldim7_inv0,Piccolo-c3-fulldim7_inv2
Pad7(halo)-g3-fulldim7_inv2,Pad7(halo)-as3-fulldim7_inv1
Pad7(halo)-g3-fulldim7_inv2,Pad7(halo)-e3-fulldim7_inv3
Violin-d4-fulldim7_inv1,Violin-b3-fulldim7_inv2
Violin-d4-fulldim7_inv1,Violin-gs3-fulldim7_inv3
PizzicatoStrings-f4-fulldim7_inv0,PizzicatoStrings-d4-fulldim7_inv1
PizzicatoStrings-f4-fulldim7_inv0,PizzicatoStrings-gs3-fulldim7_inv3
BrightAcousticPiano-d4-fulldim7_inv0,BrightAcousticPiano-b3-fulldim7_inv1
Marimba-a3-fulldim7_inv0,Marimba-ds3-fulldim7_inv2
SlapBass1-e4-fulldim7_inv0,SlapBass1-cs4-fulldim7_inv1
SlapBass1-e4-fulldim7_inv0,SlapBass1-as3-fulldim7_inv2
Harpsichord-gs3-fulldim7_inv0,Harpsichord-d3-fulldim7_inv2
Harpsichord-gs3-fulldim7_inv0,Harpsichord-f3-fulldim7_inv1
Lead1(square)-e3-fulldim7_inv2,Lead1(square)-as3-fulldim7_inv0
Lead1(square)-e3-fulldim7_inv2,Lead1(square)-cs3-fulldim7_inv3
Lead1(square)-e3-fulldim7_inv2,Lead1(square)-g3-fulldim7_inv1
FrenchHorn-as3-fulldim7_inv0,FrenchHorn-cs3-fulldim7_inv3
FrenchHorn-as3-fulldim7_inv0,FrenchHorn-g3-fulldim7_inv1
FrenchHorn-as3-fulldim7_inv0,FrenchHorn-e3-fulldim7_inv2
Piccolo-a3-fulldim7_inv0,Piccolo-ds3-fulldim7_inv2
Piccolo-a3-fulldim7_inv0,Piccolo-c3-fulldim7_inv3
SlapBass2-g3-fulldim7_inv2,SlapBass2-cs4-fulldim7_inv0
SlapBass2-g3-fulldim7_inv2,SlapBass2-e3-fulldim7_inv3
ElectricGuitar(jazz)-d4-fulldim7_inv0,ElectricGuitar(jazz)-f3-fulldim7_inv3
PercussiveOrgan-c3-fulldim7_inv2,PercussiveOrgan-fs3-fulldim7_inv0
Pad6(metallic)-a3-fulldim7_inv0,Pad6(metallic)-c3-fulldim7_inv3
RockOrgan-as3-fulldim7_inv1,RockOrgan-cs4-fulldim7_inv0
OverdrivenGuitar-cs4-fulldim7_inv0,OverdrivenGuitar-g3-fulldim7_inv2
SynthBrass2-ds3-fulldim7_inv1,SynthBrass2-fs3-fulldim7_inv0
SynthBrass2-ds3-fulldim7_inv1,SynthBrass2-c3-fulldim7_inv2
Clavinet-ds3-fulldim7_inv3,Clavinet-a3-fulldim7_inv1
Clavinet-ds3-fulldim7_inv3,Clavinet-fs3-fulldim7_inv2
Koto-a3-fulldim7_inv2,Koto-c4-fulldim7_inv1
Koto-a3-fulldim7_inv2,Koto-fs3-fulldim7_inv3
Pad1(newage)-cs4-fulldim7_inv1,Pad1(newage)-g3-fulldim7_inv3
BaritoneSax-b3-fulldim7_inv0,BaritoneSax-f3-fulldim7_inv2
BaritoneSax-b3-fulldim7_inv0,BaritoneSax-d3-fulldim7_inv3
Trumpet-d4-fulldim7_inv1,Trumpet-f4-fulldim7_inv0
Trumpet-d4-fulldim7_inv1,Trumpet-gs3-fulldim7_inv3
Cello-d3-fulldim7_inv2,Cello-gs3-fulldim7_inv0
DrawbarOrgan-ds4-fulldim7_inv0,DrawbarOrgan-fs3-fulldim7_inv3
DrawbarOrgan-ds4-fulldim7_inv0,DrawbarOrgan-a3-fulldim7_inv2
DrawbarOrgan-ds4-fulldim7_inv0,DrawbarOrgan-c4-fulldim7_inv1
PizzicatoStrings-cs4-fulldim7_inv1,PizzicatoStrings-g3-fulldim7_inv3
ElectricGrandPiano-fs3-fulldim7_inv2,ElectricGrandPiano-a3-fulldim7_inv1
ElectricGrandPiano-fs3-fulldim7_inv2,ElectricGrandPiano-c4-fulldim7_inv0
Pad8(sweep)-a3-fulldim7_inv1,Pad8(sweep)-ds3-fulldim7_inv3
Pad8(sweep)-a3-fulldim7_inv1,Pad8(sweep)-fs3-fulldim7_inv2
Pad7(halo)-f4-fulldim7_inv0,Pad7(halo)-b3-fulldim7_inv2
Pad7(halo)-f4-fulldim7_inv0,Pad7(halo)-gs3-fulldim7_inv3
MusicBox-cs3-fulldim7_inv3,MusicBox-g3-fulldim7_inv1
MusicBox-cs3-fulldim7_inv3,MusicBox-as3-fulldim7_inv0
PanFlute-g3-fulldim7_inv3,PanFlute-cs4-fulldim7_inv1
PanFlute-g3-fulldim7_inv3,PanFlute-e4-fulldim7_inv0
EnglishHorn-b3-fulldim7_inv1,EnglishHorn-f3-fulldim7_inv3
EnglishHorn-b3-fulldim7_inv1,EnglishHorn-d4-fulldim7_inv0
Contrabass-e3-fulldim7_inv1,Contrabass-cs3-fulldim7_inv2
Contrabass-e3-fulldim7_inv1,Contrabass-g3-fulldim7_inv0
ElectricBass(pick)-c3-fulldim7_inv2,ElectricBass(pick)-ds3-fulldim7_inv1
Flute-cs4-fulldim7_inv1,Flute-e4-fulldim7_inv0
ChurchOrgan-b3-fulldim7_inv0,ChurchOrgan-f3-fulldim7_inv2
ChurchOrgan-b3-fulldim7_inv0,ChurchOrgan-d3-fulldim7_inv3
ChurchOrgan-b3-fulldim7_inv0,ChurchOrgan-gs3-fulldim7_inv1
Vibraphone-e3-fulldim7_inv2,Vibraphone-g3-fulldim7_inv1
Bagpipe-c3-fulldim7_inv2,Bagpipe-ds3-fulldim7_inv1
Bagpipe-c3-fulldim7_inv2,Bagpipe-fs3-fulldim7_inv0
Xylophone-g3-fulldim7_inv1,Xylophone-as3-fulldim7_inv0
Xylophone-g3-fulldim7_inv1,Xylophone-e3-fulldim7_inv2
Recorder-ds3-fulldim7_inv2,Recorder-a3-fulldim7_inv0
Recorder-ds3-fulldim7_inv2,Recorder-c3-fulldim7_inv3
Pad6(metallic)-gs3-fulldim7_inv1,Pad6(metallic)-f3-fulldim7_inv2
Pad6(metallic)-gs3-fulldim7_inv1,Pad6(metallic)-b3-fulldim7_inv0
Pad6(metallic)-gs3-fulldim7_inv1,Pad6(metallic)-d3-fulldim7_inv3
AltoSax-d4-fulldim7_inv1,AltoSax-f4-fulldim7_inv0
AltoSax-d4-fulldim7_inv1,AltoSax-b3-fulldim7_inv2
SynthBrass2-c4-fulldim7_inv1,SynthBrass2-a3-fulldim7_inv2
AcousticGuitar(steel)-g3-fulldim7_inv0,AcousticGuitar(steel)-cs3-fulldim7_inv2
AcousticGuitar(steel)-g3-fulldim7_inv0,AcousticGuitar(steel)-e3-fulldim7_inv1
ElectricPiano1-f4-fulldim7_inv0,ElectricPiano1-b3-fulldim7_inv2
Bassoon-g3-fulldim7_inv0,Bassoon-cs3-fulldim7_inv2
MusicBox-g3-fulldim7_inv1,MusicBox-as3-fulldim7_inv0
SynthStrings2-d3-fulldim7_inv3,SynthStrings2-b3-fulldim7_inv0
SynthStrings2-d3-fulldim7_inv3,SynthStrings2-f3-fulldim7_inv2
OrchestralHarp-cs3-fulldim7_inv3,OrchestralHarp-e3-fulldim7_inv2
OrchestralHarp-cs3-fulldim7_inv3,OrchestralHarp-g3-fulldim7_inv1
SynthBass1-a3-fulldim7_inv0,SynthBass1-c3-fulldim7_inv3
Trumpet-as3-fulldim7_inv2,Trumpet-g3-fulldim7_inv3
PizzicatoStrings-ds3-fulldim7_inv2,PizzicatoStrings-fs3-fulldim7_inv1
Lead2(sawtooth)-f3-fulldim7_inv1,Lead2(sawtooth)-gs3-fulldim7_inv0
Lead2(sawtooth)-f3-fulldim7_inv1,Lead2(sawtooth)-d3-fulldim7_inv2
Vibraphone-ds3-fulldim7_inv2,Vibraphone-fs3-fulldim7_inv1
OverdrivenGuitar-g3-fulldim7_inv0,OverdrivenGuitar-e3-fulldim7_inv1
OverdrivenGuitar-g3-fulldim7_inv0,OverdrivenGuitar-cs3-fulldim7_inv2
Clarinet-b3-fulldim7_inv0,Clarinet-f3-fulldim7_inv2
Clarinet-b3-fulldim7_inv0,Clarinet-d3-fulldim7_inv3
AcousticGuitar(steel)-b3-fulldim7_inv1,AcousticGuitar(steel)-d4-fulldim7_inv0
EnglishHorn-d3-fulldim7_inv2,EnglishHorn-gs3-fulldim7_inv0
Viola-g3-fulldim7_inv2,Viola-e3-fulldim7_inv3
Trombone-g3-fulldim7_inv0,Trombone-e3-fulldim7_inv1
Pad7(halo)-b3-fulldim7_inv0,Pad7(halo)-gs3-fulldim7_inv1
Kalimba-as3-fulldim7_inv0,Kalimba-g3-fulldim7_inv1
ElectricGrandPiano-a3-fulldim7_inv2,ElectricGrandPiano-fs3-fulldim7_inv3
ElectricGrandPiano-a3-fulldim7_inv2,ElectricGrandPiano-c4-fulldim7_inv1
Cello-as3-fulldim7_inv0,Cello-g3-fulldim7_inv1
Cello-as3-fulldim7_inv0,Cello-e3-fulldim7_inv2
BrightAcousticPiano-cs3-fulldim7_inv3,BrightAcousticPiano-as3-fulldim7_inv0
BrightAcousticPiano-cs3-fulldim7_inv3,BrightAcousticPiano-e3-fulldim7_inv2
MusicBox-fs3-fulldim7_inv2,MusicBox-c4-fulldim7_inv0
Bassoon-as3-fulldim7_inv0,Bassoon-cs3-fulldim7_inv3
Bassoon-as3-fulldim7_inv0,Bassoon-e3-fulldim7_inv2
Xylophone-fs3-fulldim7_inv0,Xylophone-ds3-fulldim7_inv1
SynthBrass1-f3-fulldim7_inv1,SynthBrass1-gs3-fulldim7_inv0
Viola-a3-fulldim7_inv2,Viola-fs3-fulldim7_inv3
SynthBass1-cs3-fulldim7_inv3,SynthBass1-e3-fulldim7_inv2
SynthBass1-cs3-fulldim7_inv3,SynthBass1-as3-fulldim7_inv0
PanFlute-cs4-fulldim7_inv0,PanFlute-as3-fulldim7_inv1
PanFlute-cs4-fulldim7_inv0,PanFlute-e3-fulldim7_inv3
Dulcimer-a3-fulldim7_inv0,Dulcimer-ds3-fulldim7_inv2
Dulcimer-a3-fulldim7_inv0,Dulcimer-fs3-fulldim7_inv1
Dulcimer-a3-fulldim7_inv0,Dulcimer-c3-fulldim7_inv3
BrightAcousticPiano-b3-fulldim7_inv2,BrightAcousticPiano-gs3-fulldim7_inv3
BrightAcousticPiano-b3-fulldim7_inv2,BrightAcousticPiano-f4-fulldim7_inv0
BrightAcousticPiano-b3-fulldim7_inv2,BrightAcousticPiano-d4-fulldim7_inv1
Lead1(square)-b3-fulldim7_inv2,Lead1(square)-d4-fulldim7_inv1
Lead1(square)-b3-fulldim7_inv2,Lead1(square)-f4-fulldim7_inv0
AcousticBass-c4-fulldim7_inv1,AcousticBass-ds4-fulldim7_inv0
AcousticBass-c4-fulldim7_inv1,AcousticBass-a3-fulldim7_inv2
Recorder-gs3-fulldim7_inv0,Recorder-d3-fulldim7_inv2
ElectricGrandPiano-e3-fulldim7_inv1,ElectricGrandPiano-cs3-fulldim7_inv2
EnglishHorn-e3-fulldim7_inv1,EnglishHorn-cs3-fulldim7_inv2
EnglishHorn-e3-fulldim7_inv1,EnglishHorn-g3-fulldim7_inv0
BlownBottle-gs3-fulldim7_inv2,BlownBottle-b3-fulldim7_inv1
BlownBottle-gs3-fulldim7_inv2,BlownBottle-f3-fulldim7_inv3
BlownBottle-gs3-fulldim7_inv2,BlownBottle-d4-fulldim7_inv0
SynthStrings2-b3-fulldim7_inv0,SynthStrings2-f3-fulldim7_inv2
Lead3(calliope)-gs3-fulldim7_inv2,Lead3(calliope)-b3-fulldim7_inv1
Lead3(calliope)-gs3-fulldim7_inv2,Lead3(calliope)-d4-fulldim7_inv0
DrawbarOrgan-fs3-fulldim7_inv3,DrawbarOrgan-a3-fulldim7_inv2
DrawbarOrgan-fs3-fulldim7_inv3,DrawbarOrgan-c4-fulldim7_inv1
Fiddle-e3-fulldim7_inv2,Fiddle-g3-fulldim7_inv1
Fiddle-e3-fulldim7_inv2,Fiddle-as3-fulldim7_inv0
Lead6(voice)-cs4-fulldim7_inv0,Lead6(voice)-e3-fulldim7_inv3
Lead6(voice)-cs4-fulldim7_inv0,Lead6(voice)-g3-fulldim7_inv2
Oboe-gs3-fulldim7_inv0,Oboe-f3-fulldim7_inv1
Oboe-gs3-fulldim7_inv0,Oboe-d3-fulldim7_inv2
Ocarina-g3-fulldim7_inv0,Ocarina-e3-fulldim7_inv1
Pad7(halo)-cs3-fulldim7_inv2,Pad7(halo)-e3-fulldim7_inv1
Pad7(halo)-cs3-fulldim7_inv2,Pad7(halo)-g3-fulldim7_inv0
ElectricGuitar(jazz)-g3-fulldim7_inv3,ElectricGuitar(jazz)-as3-fulldim7_inv2
Sitar-a3-fulldim7_inv0,Sitar-ds3-fulldim7_inv2
SynthStrings1-as3-fulldim7_inv1,SynthStrings1-cs4-fulldim7_inv0
SynthStrings1-as3-fulldim7_inv1,SynthStrings1-g3-fulldim7_inv2
SynthStrings1-as3-fulldim7_inv1,SynthStrings1-e3-fulldim7_inv3
AcousticGuitar(nylon)-gs3-fulldim7_inv1,AcousticGuitar(nylon)-d3-fulldim7_inv3
AcousticGuitar(nylon)-gs3-fulldim7_inv1,AcousticGuitar(nylon)-f3-fulldim7_inv2
Pad6(metallic)-g3-fulldim7_inv3,Pad6(metallic)-cs4-fulldim7_inv1
Pad6(metallic)-g3-fulldim7_inv3,Pad6(metallic)-as3-fulldim7_inv2
Pad6(metallic)-g3-fulldim7_inv3,Pad6(metallic)-e4-fulldim7_inv0
Pad7(halo)-c4-fulldim7_inv0,Pad7(halo)-a3-fulldim7_inv1
AcousticGrandPiano-e4-fulldim7_inv0,AcousticGrandPiano-cs4-fulldim7_inv1
Harpsichord-g3-fulldim7_inv1,Harpsichord-as3-fulldim7_inv0
Harpsichord-g3-fulldim7_inv1,Harpsichord-cs3-fulldim7_inv3
Harpsichord-g3-fulldim7_inv1,Harpsichord-e3-fulldim7_inv2
AltoSax-g3-fulldim7_inv3,AltoSax-cs4-fulldim7_inv1
AltoSax-g3-fulldim7_inv3,AltoSax-e4-fulldim7_inv0
Trumpet-ds4-fulldim7_inv0,Trumpet-fs3-fulldim7_inv3
Tuba-e3-fulldim7_inv2,Tuba-cs3-fulldim7_inv3
Tuba-e3-fulldim7_inv2,Tuba-g3-fulldim7_inv1
Tuba-e3-fulldim7_inv2,Tuba-as3-fulldim7_inv0
Recorder-a3-fulldim7_inv0,Recorder-c3-fulldim7_inv3
Lead2(sawtooth)-a3-fulldim7_inv2,Lead2(sawtooth)-c4-fulldim7_inv1
Lead2(sawtooth)-a3-fulldim7_inv2,Lead2(sawtooth)-ds4-fulldim7_inv0
TremoloStrings-ds3-fulldim7_inv1,TremoloStrings-c3-fulldim7_inv2
TremoloStrings-ds3-fulldim7_inv1,TremoloStrings-fs3-fulldim7_inv0
Clavinet-a3-fulldim7_inv2,Clavinet-c4-fulldim7_inv1
SlapBass1-a3-fulldim7_inv2,SlapBass1-fs3-fulldim7_inv3
SlapBass1-a3-fulldim7_inv2,SlapBass1-ds4-fulldim7_inv0
ElectricBass(pick)-ds3-fulldim7_inv3,ElectricBass(pick)-a3-fulldim7_inv1
Lead5(charang)-c4-fulldim7_inv1,Lead5(charang)-ds4-fulldim7_inv0
Lead5(charang)-c4-fulldim7_inv1,Lead5(charang)-a3-fulldim7_inv2
ChoirAahs-e3-fulldim7_inv3,ChoirAahs-g3-fulldim7_inv2
Pad3(polysynth)-f3-fulldim7_inv3,Pad3(polysynth)-b3-fulldim7_inv1
Pad3(polysynth)-f3-fulldim7_inv3,Pad3(polysynth)-d4-fulldim7_inv0
Pad3(polysynth)-f3-fulldim7_inv3,Pad3(polysynth)-gs3-fulldim7_inv2
SynthBass2-gs3-fulldim7_inv2,SynthBass2-d4-fulldim7_inv0
SynthBass2-gs3-fulldim7_inv2,SynthBass2-f3-fulldim7_inv3
Honky-tonkPiano-e3-fulldim7_inv3,Honky-tonkPiano-cs4-fulldim7_inv0
Honky-tonkPiano-e3-fulldim7_inv3,Honky-tonkPiano-as3-fulldim7_inv1
SynthStrings1-f3-fulldim7_inv1,SynthStrings1-gs3-fulldim7_inv0
Lead3(calliope)-b3-fulldim7_inv1,Lead3(calliope)-d4-fulldim7_inv0
BaritoneSax-a3-fulldim7_inv1,BaritoneSax-ds3-fulldim7_inv3
BaritoneSax-a3-fulldim7_inv1,BaritoneSax-fs3-fulldim7_inv2
SynthBass2-f3-fulldim7_inv1,SynthBass2-gs3-fulldim7_inv0
SynthBass2-f3-fulldim7_inv1,SynthBass2-d3-fulldim7_inv2
SynthBass2-d4-fulldim7_inv1,SynthBass2-b3-fulldim7_inv2
Oboe-g3-fulldim7_inv0,Oboe-e3-fulldim7_inv1
SynthStrings1-e3-fulldim7_inv2,SynthStrings1-cs3-fulldim7_inv3
ElectricGuitar(muted)-d4-fulldim7_inv1,ElectricGuitar(muted)-f4-fulldim7_inv0
ElectricGuitar(muted)-d4-fulldim7_inv1,ElectricGuitar(muted)-gs3-fulldim7_inv3
PercussiveOrgan-g3-fulldim7_inv2,PercussiveOrgan-as3-fulldim7_inv1
AcousticBass-ds4-fulldim7_inv0,AcousticBass-a3-fulldim7_inv2
ElectricGuitar(jazz)-b3-fulldim7_inv2,ElectricGuitar(jazz)-f4-fulldim7_inv0
ElectricGuitar(jazz)-b3-fulldim7_inv2,ElectricGuitar(jazz)-d4-fulldim7_inv1
Lead1(square)-f3-fulldim7_inv1,Lead1(square)-gs3-fulldim7_inv0
OverdrivenGuitar-c4-fulldim7_inv1,OverdrivenGuitar-a3-fulldim7_inv2
OverdrivenGuitar-c4-fulldim7_inv1,OverdrivenGuitar-fs3-fulldim7_inv3
AcousticGrandPiano-gs3-fulldim7_inv3,AcousticGrandPiano-b3-fulldim7_inv2
Shamisen-a3-fulldim7_inv1,Shamisen-fs3-fulldim7_inv2
Shamisen-a3-fulldim7_inv1,Shamisen-ds3-fulldim7_inv3
Pad3(polysynth)-c4-fulldim7_inv0,Pad3(polysynth)-ds3-fulldim7_inv3
Pad3(polysynth)-c4-fulldim7_inv0,Pad3(polysynth)-a3-fulldim7_inv1
Shamisen-c3-fulldim7_inv2,Shamisen-fs3-fulldim7_inv0
Shamisen-c3-fulldim7_inv2,Shamisen-ds3-fulldim7_inv1
Piccolo-d4-fulldim7_inv1,Piccolo-gs3-fulldim7_inv3
Piccolo-d4-fulldim7_inv1,Piccolo-b3-fulldim7_inv2
Piccolo-d4-fulldim7_inv1,Piccolo-f4-fulldim7_inv0
Fiddle-cs4-fulldim7_inv1,Fiddle-g3-fulldim7_inv3
Fiddle-cs4-fulldim7_inv1,Fiddle-e4-fulldim7_inv0
SynthBrass1-c3-fulldim7_inv2,SynthBrass1-fs3-fulldim7_inv0
Lead5(charang)-a3-fulldim7_inv0,Lead5(charang)-c3-fulldim7_inv3
SynthBass2-cs4-fulldim7_inv0,SynthBass2-g3-fulldim7_inv2
SynthBass2-cs4-fulldim7_inv0,SynthBass2-as3-fulldim7_inv1
Shamisen-gs3-fulldim7_inv1,Shamisen-f3-fulldim7_inv2
Lead5(charang)-a3-fulldim7_inv1,Lead5(charang)-ds3-fulldim7_inv3
Bassoon-c3-fulldim7_inv3,Bassoon-a3-fulldim7_inv0
Harpsichord-gs3-fulldim7_inv1,Harpsichord-d3-fulldim7_inv3
Pad2(warm)-a3-fulldim7_inv2,Pad2(warm)-fs3-fulldim7_inv3
Lead4(chiff)-cs4-fulldim7_inv1,Lead4(chiff)-as3-fulldim7_inv2
Lead4(chiff)-cs4-fulldim7_inv1,Lead4(chiff)-e4-fulldim7_inv0
AcousticGrandPiano-gs3-fulldim7_inv1,AcousticGrandPiano-f3-fulldim7_inv2
Honky-tonkPiano-cs4-fulldim7_inv0,Honky-tonkPiano-as3-fulldim7_inv1
ChurchOrgan-c4-fulldim7_inv1,ChurchOrgan-fs3-fulldim7_inv3
ChurchOrgan-c4-fulldim7_inv1,ChurchOrgan-ds4-fulldim7_inv0
SlapBass2-f3-fulldim7_inv1,SlapBass2-d3-fulldim7_inv2
EnglishHorn-f3-fulldim7_inv3,EnglishHorn-d4-fulldim7_inv0
SopranoSax-ds4-fulldim7_inv0,SopranoSax-a3-fulldim7_inv2
SopranoSax-ds4-fulldim7_inv0,SopranoSax-fs3-fulldim7_inv3
SopranoSax-ds4-fulldim7_inv0,SopranoSax-c4-fulldim7_inv1
BaritoneSax-as3-fulldim7_inv2,BaritoneSax-g3-fulldim7_inv3
BaritoneSax-as3-fulldim7_inv2,BaritoneSax-cs4-fulldim7_inv1
BaritoneSax-as3-fulldim7_inv2,BaritoneSax-e4-fulldim7_inv0
ElectricGuitar(muted)-g3-fulldim7_inv1,ElectricGuitar(muted)-cs3-fulldim7_inv3
ElectricGuitar(muted)-g3-fulldim7_inv1,ElectricGuitar(muted)-e3-fulldim7_inv2
ElectricGuitar(muted)-g3-fulldim7_inv1,ElectricGuitar(muted)-as3-fulldim7_inv0
TremoloStrings-f4-fulldim7_inv0,TremoloStrings-gs3-fulldim7_inv3
TremoloStrings-f4-fulldim7_inv0,TremoloStrings-b3-fulldim7_inv2
Pad8(sweep)-fs3-fulldim7_inv3,Pad8(sweep)-a3-fulldim7_inv2
Shamisen-f4-fulldim7_inv0,Shamisen-b3-fulldim7_inv2
Shamisen-f4-fulldim7_inv0,Shamisen-gs3-fulldim7_inv3
Pad1(newage)-gs3-fulldim7_inv2,Pad1(newage)-b3-fulldim7_inv1
Pad1(newage)-gs3-fulldim7_inv2,Pad1(newage)-d4-fulldim7_inv0
Harpsichord-ds3-fulldim7_inv1,Harpsichord-c3-fulldim7_inv2
Viola-f3-fulldim7_inv2,Viola-b3-fulldim7_inv0
Viola-f3-fulldim7_inv2,Viola-gs3-fulldim7_inv1
BlownBottle-g3-fulldim7_inv0,BlownBottle-cs3-fulldim7_inv2
BlownBottle-g3-fulldim7_inv0,BlownBottle-e3-fulldim7_inv1
Pad5(bowed)-d3-fulldim7_inv3,Pad5(bowed)-f3-fulldim7_inv2
Pad5(bowed)-d3-fulldim7_inv3,Pad5(bowed)-gs3-fulldim7_inv1
Pad5(bowed)-d3-fulldim7_inv3,Pad5(bowed)-b3-fulldim7_inv0
Flute-gs3-fulldim7_inv1,Flute-d3-fulldim7_inv3
Marimba-as3-fulldim7_inv0,Marimba-e3-fulldim7_inv2
Marimba-as3-fulldim7_inv0,Marimba-cs3-fulldim7_inv3
SynthBrass1-gs3-fulldim7_inv2,SynthBrass1-b3-fulldim7_inv1
SynthBrass1-gs3-fulldim7_inv2,SynthBrass1-d4-fulldim7_inv0
OverdrivenGuitar-a3-fulldim7_inv2,OverdrivenGuitar-fs3-fulldim7_inv3
Marimba-as3-fulldim7_inv1,Marimba-e3-fulldim7_inv3
Marimba-as3-fulldim7_inv1,Marimba-g3-fulldim7_inv2
Marimba-as3-fulldim7_inv1,Marimba-cs4-fulldim7_inv0
ElectricGuitar(muted)-gs3-fulldim7_inv2,ElectricGuitar(muted)-f3-fulldim7_inv3
ElectricGrandPiano-gs3-fulldim7_inv1,ElectricGrandPiano-d3-fulldim7_inv3
SlapBass2-cs4-fulldim7_inv1,SlapBass2-as3-fulldim7_inv2
SlapBass2-cs4-fulldim7_inv1,SlapBass2-e4-fulldim7_inv0
Harpsichord-g3-fulldim7_inv0,Harpsichord-e3-fulldim7_inv1
Harpsichord-g3-fulldim7_inv0,Harpsichord-cs3-fulldim7_inv2
EnglishHorn-cs3-fulldim7_inv2,EnglishHorn-g3-fulldim7_inv0
FrenchHorn-c4-fulldim7_inv0,FrenchHorn-ds3-fulldim7_inv3
FrenchHorn-c4-fulldim7_inv0,FrenchHorn-fs3-fulldim7_inv2
PizzicatoStrings-d3-fulldim7_inv3,PizzicatoStrings-b3-fulldim7_inv0
FrenchHorn-f3-fulldim7_inv2,FrenchHorn-b3-fulldim7_inv0
FrenchHorn-f3-fulldim7_inv2,FrenchHorn-gs3-fulldim7_inv1
Clavinet-as3-fulldim7_inv2,Clavinet-e4-fulldim7_inv0
Clavinet-as3-fulldim7_inv2,Clavinet-g3-fulldim7_inv3
Lead5(charang)-b3-fulldim7_inv2,Lead5(charang)-f4-fulldim7_inv0
Lead5(charang)-b3-fulldim7_inv2,Lead5(charang)-gs3-fulldim7_inv3
StringEnsemble1-cs4-fulldim7_inv1,StringEnsemble1-as3-fulldim7_inv2
FretlessBass-c3-fulldim7_inv3,FretlessBass-fs3-fulldim7_inv1
Kalimba-fs3-fulldim7_inv2,Kalimba-ds3-fulldim7_inv3
Kalimba-fs3-fulldim7_inv2,Kalimba-a3-fulldim7_inv1
Kalimba-fs3-fulldim7_inv2,Kalimba-c4-fulldim7_inv0
Lead6(voice)-cs4-fulldim7_inv1,Lead6(voice)-as3-fulldim7_inv2
Lead6(voice)-cs4-fulldim7_inv1,Lead6(voice)-g3-fulldim7_inv3
SynthBrass1-cs3-fulldim7_inv3,SynthBrass1-g3-fulldim7_inv1
SynthBrass1-cs3-fulldim7_inv3,SynthBrass1-e3-fulldim7_inv2
BrightAcousticPiano-as3-fulldim7_inv0,BrightAcousticPiano-e3-fulldim7_inv2
ElectricGuitar(muted)-cs3-fulldim7_inv3,ElectricGuitar(muted)-e3-fulldim7_inv2
ElectricGuitar(muted)-cs3-fulldim7_inv3,ElectricGuitar(muted)-as3-fulldim7_inv0
Tuba-ds3-fulldim7_inv2,Tuba-a3-fulldim7_inv0
Tuba-ds3-fulldim7_inv2,Tuba-c3-fulldim7_inv3
Tuba-ds3-fulldim7_inv2,Tuba-fs3-fulldim7_inv1
Clavinet-c3-fulldim7_inv3,Clavinet-fs3-fulldim7_inv1
OverdrivenGuitar-d4-fulldim7_inv0,OverdrivenGuitar-b3-fulldim7_inv1
OverdrivenGuitar-d4-fulldim7_inv0,OverdrivenGuitar-f3-fulldim7_inv3
OverdrivenGuitar-d4-fulldim7_inv0,OverdrivenGuitar-gs3-fulldim7_inv2
SynthBrass2-b3-fulldim7_inv1,SynthBrass2-f3-fulldim7_inv3
Koto-cs4-fulldim7_inv1,Koto-g3-fulldim7_inv3
Koto-cs4-fulldim7_inv1,Koto-e4-fulldim7_inv0
Koto-cs4-fulldim7_inv1,Koto-as3-fulldim7_inv2
Lead1(square)-as3-fulldim7_inv2,Lead1(square)-cs4-fulldim7_inv1
Lead1(square)-as3-fulldim7_inv2,Lead1(square)-g3-fulldim7_inv3
Vibraphone-gs3-fulldim7_inv1,Vibraphone-b3-fulldim7_inv0
DrawbarOrgan-g3-fulldim7_inv3,DrawbarOrgan-e4-fulldim7_inv0
PizzicatoStrings-c3-fulldim7_inv2,PizzicatoStrings-fs3-fulldim7_inv0
Dulcimer-fs3-fulldim7_inv2,Dulcimer-c4-fulldim7_inv0
Dulcimer-fs3-fulldim7_inv2,Dulcimer-a3-fulldim7_inv1
Dulcimer-fs3-fulldim7_inv2,Dulcimer-ds3-fulldim7_inv3
StringEnsemble1-d4-fulldim7_inv0,StringEnsemble1-b3-fulldim7_inv1
StringEnsemble1-d4-fulldim7_inv0,StringEnsemble1-f3-fulldim7_inv3
Bassoon-fs3-fulldim7_inv2,Bassoon-ds3-fulldim7_inv3
SlapBass1-fs3-fulldim7_inv0,SlapBass1-ds3-fulldim7_inv1
Trumpet-cs4-fulldim7_inv0,Trumpet-as3-fulldim7_inv1
Trumpet-cs4-fulldim7_inv0,Trumpet-e3-fulldim7_inv3
VoiceOohs-ds3-fulldim7_inv2,VoiceOohs-fs3-fulldim7_inv1
VoiceOohs-ds3-fulldim7_inv2,VoiceOohs-a3-fulldim7_inv0
VoiceOohs-ds3-fulldim7_inv2,VoiceOohs-c3-fulldim7_inv3
Cello-f3-fulldim7_inv2,Cello-d3-fulldim7_inv3
Cello-f3-fulldim7_inv2,Cello-gs3-fulldim7_inv1
DrawbarOrgan-ds3-fulldim7_inv1,DrawbarOrgan-fs3-fulldim7_inv0
DrawbarOrgan-ds3-fulldim7_inv1,DrawbarOrgan-c3-fulldim7_inv2
SlapBass1-gs3-fulldim7_inv1,SlapBass1-f3-fulldim7_inv2
SlapBass1-gs3-fulldim7_inv1,SlapBass1-d3-fulldim7_inv3
Contrabass-d4-fulldim7_inv0,Contrabass-b3-fulldim7_inv1
Contrabass-d4-fulldim7_inv0,Contrabass-gs3-fulldim7_inv2
Honky-tonkPiano-e3-fulldim7_inv1,Honky-tonkPiano-cs3-fulldim7_inv2
ElectricGuitar(clean)-a3-fulldim7_inv2,ElectricGuitar(clean)-fs3-fulldim7_inv3
ElectricGuitar(clean)-a3-fulldim7_inv2,ElectricGuitar(clean)-ds4-fulldim7_inv0
ElectricGuitar(clean)-a3-fulldim7_inv2,ElectricGuitar(clean)-c4-fulldim7_inv1
Trumpet-f4-fulldim7_inv0,Trumpet-gs3-fulldim7_inv3
MutedTrumpet-f3-fulldim7_inv2,MutedTrumpet-b3-fulldim7_inv0
MutedTrumpet-f3-fulldim7_inv2,MutedTrumpet-gs3-fulldim7_inv1
Violin-cs4-fulldim7_inv1,Violin-as3-fulldim7_inv2
Pad3(polysynth)-g3-fulldim7_inv0,Pad3(polysynth)-cs3-fulldim7_inv2
Ocarina-ds4-fulldim7_inv0,Ocarina-fs3-fulldim7_inv3
Trombone-as3-fulldim7_inv0,Trombone-g3-fulldim7_inv1
Trombone-as3-fulldim7_inv0,Trombone-e3-fulldim7_inv2
Trombone-as3-fulldim7_inv0,Trombone-cs3-fulldim7_inv3
StringEnsemble2-ds3-fulldim7_inv1,StringEnsemble2-c3-fulldim7_inv2
SynthBrass2-c4-fulldim7_inv0,SynthBrass2-fs3-fulldim7_inv2
SynthBrass2-c4-fulldim7_inv0,SynthBrass2-a3-fulldim7_inv1
VoiceOohs-cs4-fulldim7_inv0,VoiceOohs-as3-fulldim7_inv1
VoiceOohs-cs4-fulldim7_inv0,VoiceOohs-e3-fulldim7_inv3
VoiceOohs-cs4-fulldim7_inv0,VoiceOohs-g3-fulldim7_inv2
StringEnsemble1-e3-fulldim7_inv3,StringEnsemble1-as3-fulldim7_inv1
StringEnsemble1-e3-fulldim7_inv3,StringEnsemble1-cs4-fulldim7_inv0
StringEnsemble1-e3-fulldim7_inv3,StringEnsemble1-g3-fulldim7_inv2
Shanai-fs3-fulldim7_inv1,Shanai-a3-fulldim7_inv0
Shanai-fs3-fulldim7_inv1,Shanai-ds3-fulldim7_inv2
Shanai-fs3-fulldim7_inv1,Shanai-c3-fulldim7_inv3
Kalimba-g3-fulldim7_inv3,Kalimba-as3-fulldim7_inv2
ElectricPiano1-as3-fulldim7_inv1,ElectricPiano1-cs4-fulldim7_inv0
DistortionGuitar-e3-fulldim7_inv2,DistortionGuitar-cs3-fulldim7_inv3
DistortionGuitar-e3-fulldim7_inv2,DistortionGuitar-g3-fulldim7_inv1
OverdrivenGuitar-e3-fulldim7_inv1,OverdrivenGuitar-cs3-fulldim7_inv2
Flute-gs3-fulldim7_inv2,Flute-b3-fulldim7_inv1
Flute-gs3-fulldim7_inv2,Flute-f3-fulldim7_inv3
Clavinet-ds3-fulldim7_inv1,Clavinet-c3-fulldim7_inv2
TenorSax-f3-fulldim7_inv2,TenorSax-d3-fulldim7_inv3
ElectricGrandPiano-as3-fulldim7_inv1,ElectricGrandPiano-g3-fulldim7_inv2
ElectricGrandPiano-as3-fulldim7_inv1,ElectricGrandPiano-cs4-fulldim7_inv0
ElectricGrandPiano-as3-fulldim7_inv1,ElectricGrandPiano-e3-fulldim7_inv3
Xylophone-c3-fulldim7_inv3,Xylophone-a3-fulldim7_inv0
Xylophone-c3-fulldim7_inv3,Xylophone-ds3-fulldim7_inv2
Banjo-c4-fulldim7_inv1,Banjo-ds4-fulldim7_inv0
Banjo-c4-fulldim7_inv1,Banjo-a3-fulldim7_inv2
SynthBrass1-e3-fulldim7_inv1,SynthBrass1-cs3-fulldim7_inv2
SynthBrass1-e3-fulldim7_inv1,SynthBrass1-g3-fulldim7_inv0
Flute-cs3-fulldim7_inv3,Flute-e3-fulldim7_inv2
BlownBottle-b3-fulldim7_inv1,BlownBottle-f3-fulldim7_inv3
BlownBottle-b3-fulldim7_inv1,BlownBottle-d4-fulldim7_inv0
ElectricPiano1-b3-fulldim7_inv1,ElectricPiano1-d4-fulldim7_inv0
ElectricPiano1-b3-fulldim7_inv1,ElectricPiano1-f3-fulldim7_inv3
ElectricBass(finger)-f3-fulldim7_inv2,ElectricBass(finger)-gs3-fulldim7_inv1
StringEnsemble2-gs3-fulldim7_inv3,StringEnsemble2-b3-fulldim7_inv2
StringEnsemble2-gs3-fulldim7_inv3,StringEnsemble2-d4-fulldim7_inv1
Trumpet-d3-fulldim7_inv2,Trumpet-gs3-fulldim7_inv0
Harpsichord-as3-fulldim7_inv0,Harpsichord-cs3-fulldim7_inv3
Harpsichord-as3-fulldim7_inv0,Harpsichord-e3-fulldim7_inv2
StringEnsemble2-ds3-fulldim7_inv3,StringEnsemble2-a3-fulldim7_inv1
StringEnsemble2-ds3-fulldim7_inv3,StringEnsemble2-c4-fulldim7_inv0
ElectricGrandPiano-g3-fulldim7_inv2,ElectricGrandPiano-cs4-fulldim7_inv0
ElectricGrandPiano-g3-fulldim7_inv2,ElectricGrandPiano-e3-fulldim7_inv3
Lead1(square)-as3-fulldim7_inv0,Lead1(square)-cs3-fulldim7_inv3
Lead1(square)-as3-fulldim7_inv0,Lead1(square)-g3-fulldim7_inv1
ElectricGuitar(muted)-fs3-fulldim7_inv0,ElectricGuitar(muted)-c3-fulldim7_inv2
Piccolo-g3-fulldim7_inv2,Piccolo-as3-fulldim7_inv1
Piccolo-g3-fulldim7_inv2,Piccolo-e3-fulldim7_inv3
Piccolo-g3-fulldim7_inv2,Piccolo-cs4-fulldim7_inv0
OverdrivenGuitar-c4-fulldim7_inv0,OverdrivenGuitar-fs3-fulldim7_inv2
OverdrivenGuitar-c4-fulldim7_inv0,OverdrivenGuitar-a3-fulldim7_inv1
OverdrivenGuitar-c4-fulldim7_inv0,OverdrivenGuitar-ds3-fulldim7_inv3
StringEnsemble2-f3-fulldim7_inv2,StringEnsemble2-b3-fulldim7_inv0
SynthBrass2-gs3-fulldim7_inv1,SynthBrass2-f3-fulldim7_inv2
SynthBrass2-gs3-fulldim7_inv1,SynthBrass2-d3-fulldim7_inv3
Pad2(warm)-e3-fulldim7_inv2,Pad2(warm)-as3-fulldim7_inv0
Ocarina-as3-fulldim7_inv1,Ocarina-g3-fulldim7_inv2
Ocarina-as3-fulldim7_inv1,Ocarina-e3-fulldim7_inv3
Bassoon-cs3-fulldim7_inv3,Bassoon-e3-fulldim7_inv2
SynthStrings2-g3-fulldim7_inv2,SynthStrings2-as3-fulldim7_inv1
SynthStrings2-g3-fulldim7_inv2,SynthStrings2-e3-fulldim7_inv3
Ocarina-d3-fulldim7_inv2,Ocarina-gs3-fulldim7_inv0
ElectricGuitar(jazz)-ds4-fulldim7_inv0,ElectricGuitar(jazz)-c4-fulldim7_inv1
ElectricGuitar(jazz)-ds4-fulldim7_inv0,ElectricGuitar(jazz)-fs3-fulldim7_inv3
Recorder-gs3-fulldim7_inv1,Recorder-f3-fulldim7_inv2
Recorder-gs3-fulldim7_inv1,Recorder-d3-fulldim7_inv3
Banjo-e3-fulldim7_inv2,Banjo-g3-fulldim7_inv1
Banjo-e3-fulldim7_inv2,Banjo-cs3-fulldim7_inv3
ElectricGuitar(clean)-d4-fulldim7_inv1,ElectricGuitar(clean)-f4-fulldim7_inv0
ElectricGuitar(clean)-d4-fulldim7_inv1,ElectricGuitar(clean)-gs3-fulldim7_inv3
Lead3(calliope)-d3-fulldim7_inv2,Lead3(calliope)-gs3-fulldim7_inv0
Dulcimer-cs3-fulldim7_inv3,Dulcimer-as3-fulldim7_inv0
Dulcimer-cs3-fulldim7_inv3,Dulcimer-e3-fulldim7_inv2
Dulcimer-cs3-fulldim7_inv3,Dulcimer-g3-fulldim7_inv1
Clavinet-gs3-fulldim7_inv3,Clavinet-f4-fulldim7_inv0
Clavinet-gs3-fulldim7_inv3,Clavinet-b3-fulldim7_inv2
PercussiveOrgan-g3-fulldim7_inv0,PercussiveOrgan-cs3-fulldim7_inv2
PercussiveOrgan-g3-fulldim7_inv0,PercussiveOrgan-e3-fulldim7_inv1
SynthBrass2-f4-fulldim7_inv0,SynthBrass2-gs3-fulldim7_inv3
Xylophone-as3-fulldim7_inv0,Xylophone-e3-fulldim7_inv2
SlapBass2-as3-fulldim7_inv2,SlapBass2-e4-fulldim7_inv0
FretlessBass-gs3-fulldim7_inv0,FretlessBass-d3-fulldim7_inv2
FretlessBass-gs3-fulldim7_inv0,FretlessBass-f3-fulldim7_inv1
Kalimba-ds3-fulldim7_inv3,Kalimba-a3-fulldim7_inv1
Kalimba-ds3-fulldim7_inv3,Kalimba-c4-fulldim7_inv0
TremoloStrings-fs3-fulldim7_inv3,TremoloStrings-a3-fulldim7_inv2
Lead2(sawtooth)-as3-fulldim7_inv2,Lead2(sawtooth)-cs4-fulldim7_inv1
Xylophone-g3-fulldim7_inv2,Xylophone-e3-fulldim7_inv3
Xylophone-g3-fulldim7_inv2,Xylophone-cs4-fulldim7_inv0
Xylophone-g3-fulldim7_inv2,Xylophone-as3-fulldim7_inv1
BaritoneSax-g3-fulldim7_inv3,BaritoneSax-cs4-fulldim7_inv1
BaritoneSax-g3-fulldim7_inv3,BaritoneSax-e4-fulldim7_inv0
BlownBottle-ds3-fulldim7_inv2,BlownBottle-a3-fulldim7_inv0
BlownBottle-ds3-fulldim7_inv2,BlownBottle-c3-fulldim7_inv3
BlownBottle-ds3-fulldim7_inv2,BlownBottle-fs3-fulldim7_inv1
Clarinet-gs3-fulldim7_inv0,Clarinet-d3-fulldim7_inv2
Clarinet-gs3-fulldim7_inv0,Clarinet-f3-fulldim7_inv1
Pad4(choir)-e3-fulldim7_inv2,Pad4(choir)-cs3-fulldim7_inv3
Pad4(choir)-e3-fulldim7_inv2,Pad4(choir)-g3-fulldim7_inv1
Pad4(choir)-e3-fulldim7_inv2,Pad4(choir)-as3-fulldim7_inv0
SlapBass2-gs3-fulldim7_inv1,SlapBass2-f3-fulldim7_inv2
ElectricPiano1-e4-fulldim7_inv0,ElectricPiano1-as3-fulldim7_inv2
ElectricPiano1-e4-fulldim7_inv0,ElectricPiano1-g3-fulldim7_inv3
ElectricPiano1-e4-fulldim7_inv0,ElectricPiano1-cs4-fulldim7_inv1
SynthBrass1-b3-fulldim7_inv1,SynthBrass1-d4-fulldim7_inv0
SynthVoice-fs3-fulldim7_inv0,SynthVoice-ds3-fulldim7_inv1
SynthVoice-fs3-fulldim7_inv0,SynthVoice-c3-fulldim7_inv2
OrchestralHarp-b3-fulldim7_inv0,OrchestralHarp-f3-fulldim7_inv2
OrchestralHarp-b3-fulldim7_inv0,OrchestralHarp-d3-fulldim7_inv3
OrchestralHarp-b3-fulldim7_inv0,OrchestralHarp-gs3-fulldim7_inv1
AcousticGuitar(nylon)-gs3-fulldim7_inv3,AcousticGuitar(nylon)-d4-fulldim7_inv1
ElectricBass(finger)-as3-fulldim7_inv0,ElectricBass(finger)-cs3-fulldim7_inv3
Xylophone-e3-fulldim7_inv3,Xylophone-cs4-fulldim7_inv0
Xylophone-e3-fulldim7_inv3,Xylophone-as3-fulldim7_inv1
PizzicatoStrings-b3-fulldim7_inv1,PizzicatoStrings-f3-fulldim7_inv3
PizzicatoStrings-b3-fulldim7_inv1,PizzicatoStrings-gs3-fulldim7_inv2
PizzicatoStrings-b3-fulldim7_inv1,PizzicatoStrings-d4-fulldim7_inv0
Trumpet-g3-fulldim7_inv1,Trumpet-e3-fulldim7_inv2
SynthStrings2-d4-fulldim7_inv1,SynthStrings2-f4-fulldim7_inv0
ElectricGuitar(muted)-ds4-fulldim7_inv0,ElectricGuitar(muted)-a3-fulldim7_inv2
BrassSection-d4-fulldim7_inv0,BrassSection-b3-fulldim7_inv1
BrassSection-d4-fulldim7_inv0,BrassSection-f3-fulldim7_inv3
Harpsichord-c4-fulldim7_inv1,Harpsichord-fs3-fulldim7_inv3
Harpsichord-c4-fulldim7_inv1,Harpsichord-a3-fulldim7_inv2
AcousticGrandPiano-g3-fulldim7_inv1,AcousticGrandPiano-as3-fulldim7_inv0
OrchestralHarp-a3-fulldim7_inv2,OrchestralHarp-c4-fulldim7_inv1
Pad8(sweep)-fs3-fulldim7_inv1,Pad8(sweep)-a3-fulldim7_inv0
AcousticGrandPiano-a3-fulldim7_inv0,AcousticGrandPiano-fs3-fulldim7_inv1
AcousticGuitar(steel)-as3-fulldim7_inv0,AcousticGuitar(steel)-e3-fulldim7_inv2
AcousticGuitar(steel)-as3-fulldim7_inv0,AcousticGuitar(steel)-cs3-fulldim7_inv3
Contrabass-a3-fulldim7_inv2,Contrabass-ds4-fulldim7_inv0
Cello-c3-fulldim7_inv3,Cello-a3-fulldim7_inv0
Lead6(voice)-g3-fulldim7_inv1,Lead6(voice)-e3-fulldim7_inv2
FrenchHorn-a3-fulldim7_inv0,FrenchHorn-c3-fulldim7_inv3
Lead6(voice)-gs3-fulldim7_inv2,Lead6(voice)-f3-fulldim7_inv3
RockOrgan-g3-fulldim7_inv1,RockOrgan-cs3-fulldim7_inv3
RockOrgan-g3-fulldim7_inv1,RockOrgan-e3-fulldim7_inv2
Violin-b3-fulldim7_inv2,Violin-gs3-fulldim7_inv3
SynthStrings1-cs3-fulldim7_inv2,SynthStrings1-e3-fulldim7_inv1
Lead2(sawtooth)-b3-fulldim7_inv2,Lead2(sawtooth)-d4-fulldim7_inv1
Banjo-fs3-fulldim7_inv2,Banjo-ds3-fulldim7_inv3
Banjo-fs3-fulldim7_inv2,Banjo-c4-fulldim7_inv0
OverdrivenGuitar-fs3-fulldim7_inv2,OverdrivenGuitar-a3-fulldim7_inv1
OverdrivenGuitar-fs3-fulldim7_inv2,OverdrivenGuitar-ds3-fulldim7_inv3
Lead1(square)-g3-fulldim7_inv0,Lead1(square)-cs3-fulldim7_inv2
Lead1(square)-g3-fulldim7_inv0,Lead1(square)-e3-fulldim7_inv1
PizzicatoStrings-as3-fulldim7_inv0,PizzicatoStrings-e3-fulldim7_inv2
ElectricBass(pick)-as3-fulldim7_inv1,ElectricBass(pick)-cs4-fulldim7_inv0
ElectricBass(pick)-as3-fulldim7_inv1,ElectricBass(pick)-g3-fulldim7_inv2
Oboe-f3-fulldim7_inv2,Oboe-gs3-fulldim7_inv1
Oboe-f3-fulldim7_inv2,Oboe-b3-fulldim7_inv0
Pad3(polysynth)-b3-fulldim7_inv1,Pad3(polysynth)-d4-fulldim7_inv0
Pad3(polysynth)-b3-fulldim7_inv1,Pad3(polysynth)-gs3-fulldim7_inv2
Vibraphone-e3-fulldim7_inv1,Vibraphone-cs3-fulldim7_inv2
StringEnsemble2-cs4-fulldim7_inv1,StringEnsemble2-g3-fulldim7_inv3
StringEnsemble2-cs4-fulldim7_inv1,StringEnsemble2-e4-fulldim7_inv0
Cello-fs3-fulldim7_inv2,Cello-c4-fulldim7_inv0
Cello-fs3-fulldim7_inv2,Cello-ds3-fulldim7_inv3
ElectricGuitar(muted)-fs3-fulldim7_inv1,ElectricGuitar(muted)-c3-fulldim7_inv3
ElectricGuitar(muted)-fs3-fulldim7_inv1,ElectricGuitar(muted)-ds3-fulldim7_inv2
ElectricBass(finger)-e4-fulldim7_inv0,ElectricBass(finger)-g3-fulldim7_inv3
ElectricBass(finger)-e4-fulldim7_inv0,ElectricBass(finger)-as3-fulldim7_inv2
Shamisen-g3-fulldim7_inv2,Shamisen-as3-fulldim7_inv1
Trombone-g3-fulldim7_inv1,Trombone-e3-fulldim7_inv2
Trombone-g3-fulldim7_inv1,Trombone-cs3-fulldim7_inv3
BrassSection-as3-fulldim7_inv1,BrassSection-g3-fulldim7_inv2
BrassSection-as3-fulldim7_inv1,BrassSection-cs4-fulldim7_inv0
Pad8(sweep)-d3-fulldim7_inv2,Pad8(sweep)-gs3-fulldim7_inv0
Pad8(sweep)-d3-fulldim7_inv2,Pad8(sweep)-f3-fulldim7_inv1
MutedTrumpet-g3-fulldim7_inv3,MutedTrumpet-e4-fulldim7_inv0
Pad5(bowed)-e3-fulldim7_inv3,Pad5(bowed)-cs4-fulldim7_inv0
ElectricGrandPiano-c3-fulldim7_inv3,ElectricGrandPiano-ds3-fulldim7_inv2
ElectricGrandPiano-c3-fulldim7_inv3,ElectricGrandPiano-fs3-fulldim7_inv1
FrenchHorn-e4-fulldim7_inv0,FrenchHorn-g3-fulldim7_inv3
StringEnsemble2-b3-fulldim7_inv1,StringEnsemble2-d4-fulldim7_inv0
StringEnsemble2-b3-fulldim7_inv1,StringEnsemble2-f3-fulldim7_inv3
ElectricPiano2-c3-fulldim7_inv2,ElectricPiano2-ds3-fulldim7_inv1
RockOrgan-cs3-fulldim7_inv2,RockOrgan-e3-fulldim7_inv1
RockOrgan-cs3-fulldim7_inv2,RockOrgan-g3-fulldim7_inv0
Koto-fs3-fulldim7_inv2,Koto-c4-fulldim7_inv0
Marimba-e3-fulldim7_inv3,Marimba-g3-fulldim7_inv2
Marimba-e3-fulldim7_inv3,Marimba-cs4-fulldim7_inv0
Bagpipe-ds3-fulldim7_inv1,Bagpipe-fs3-fulldim7_inv0
SlapBass1-g3-fulldim7_inv2,SlapBass1-as3-fulldim7_inv1
SlapBass1-g3-fulldim7_inv2,SlapBass1-e3-fulldim7_inv3
SopranoSax-f3-fulldim7_inv1,SopranoSax-d3-fulldim7_inv2
Clarinet-cs3-fulldim7_inv3,Clarinet-as3-fulldim7_inv0
Clarinet-cs3-fulldim7_inv3,Clarinet-e3-fulldim7_inv2
BaritoneSax-cs4-fulldim7_inv0,BaritoneSax-g3-fulldim7_inv2
BaritoneSax-cs4-fulldim7_inv0,BaritoneSax-e3-fulldim7_inv3
AltoSax-cs4-fulldim7_inv0,AltoSax-g3-fulldim7_inv2
Honky-tonkPiano-f3-fulldim7_inv1,Honky-tonkPiano-gs3-fulldim7_inv0
Shanai-c3-fulldim7_inv2,Shanai-ds3-fulldim7_inv1
Shanai-c3-fulldim7_inv2,Shanai-fs3-fulldim7_inv0
FrenchHorn-b3-fulldim7_inv0,FrenchHorn-gs3-fulldim7_inv1
Contrabass-ds3-fulldim7_inv1,Contrabass-c3-fulldim7_inv2
BrassSection-g3-fulldim7_inv2,BrassSection-cs4-fulldim7_inv0
BrightAcousticPiano-e3-fulldim7_inv3,BrightAcousticPiano-cs4-fulldim7_inv0
Pad2(warm)-c3-fulldim7_inv3,Pad2(warm)-ds3-fulldim7_inv2
FretlessBass-c3-fulldim7_inv2,FretlessBass-fs3-fulldim7_inv0
FretlessBass-c3-fulldim7_inv2,FretlessBass-ds3-fulldim7_inv1
Lead8(bass+lead)-f3-fulldim7_inv2,Lead8(bass+lead)-d3-fulldim7_inv3
Ocarina-a3-fulldim7_inv1,Ocarina-ds3-fulldim7_inv3
Ocarina-a3-fulldim7_inv1,Ocarina-c4-fulldim7_inv0
Ocarina-a3-fulldim7_inv1,Ocarina-fs3-fulldim7_inv2
ElectricPiano2-c3-fulldim7_inv3,ElectricPiano2-fs3-fulldim7_inv1
SynthVoice-ds3-fulldim7_inv1,SynthVoice-c3-fulldim7_inv2
Pad8(sweep)-as3-fulldim7_inv1,Pad8(sweep)-e3-fulldim7_inv3
Pad8(sweep)-as3-fulldim7_inv1,Pad8(sweep)-g3-fulldim7_inv2
PercussiveOrgan-f3-fulldim7_inv1,PercussiveOrgan-gs3-fulldim7_inv0
Fiddle-f3-fulldim7_inv2,Fiddle-gs3-fulldim7_inv1
Fiddle-f3-fulldim7_inv2,Fiddle-d3-fulldim7_inv3
Trombone-ds3-fulldim7_inv2,Trombone-a3-fulldim7_inv0
Pad8(sweep)-as3-fulldim7_inv2,Pad8(sweep)-e4-fulldim7_inv0
Pad8(sweep)-as3-fulldim7_inv2,Pad8(sweep)-g3-fulldim7_inv3
Dulcimer-f3-fulldim7_inv2,Dulcimer-b3-fulldim7_inv0
Dulcimer-f3-fulldim7_inv2,Dulcimer-gs3-fulldim7_inv1
Dulcimer-f3-fulldim7_inv2,Dulcimer-d3-fulldim7_inv3
Dulcimer-c4-fulldim7_inv0,Dulcimer-a3-fulldim7_inv1
Dulcimer-c4-fulldim7_inv0,Dulcimer-ds3-fulldim7_inv3
Recorder-g3-fulldim7_inv2,Recorder-e3-fulldim7_inv3
SynthBass2-gs3-fulldim7_inv0,SynthBass2-d3-fulldim7_inv2
SynthBass1-cs4-fulldim7_inv0,SynthBass1-g3-fulldim7_inv2
SynthBass1-cs4-fulldim7_inv0,SynthBass1-e3-fulldim7_inv3
Lead8(bass+lead)-a3-fulldim7_inv0,Lead8(bass+lead)-fs3-fulldim7_inv1
Lead3(calliope)-b3-fulldim7_inv2,Lead3(calliope)-gs3-fulldim7_inv3
SynthStrings1-fs3-fulldim7_inv0,SynthStrings1-ds3-fulldim7_inv1
EnglishHorn-c4-fulldim7_inv1,EnglishHorn-ds4-fulldim7_inv0
Shanai-g3-fulldim7_inv2,Shanai-cs4-fulldim7_inv0
Shanai-g3-fulldim7_inv2,Shanai-e3-fulldim7_inv3
Banjo-b3-fulldim7_inv0,Banjo-d3-fulldim7_inv3
Banjo-b3-fulldim7_inv0,Banjo-gs3-fulldim7_inv1
Pad1(newage)-fs3-fulldim7_inv1,Pad1(newage)-c3-fulldim7_inv3
Pad1(newage)-fs3-fulldim7_inv1,Pad1(newage)-ds3-fulldim7_inv2
AcousticBass-d4-fulldim7_inv0,AcousticBass-gs3-fulldim7_inv2
OverdrivenGuitar-c3-fulldim7_inv3,OverdrivenGuitar-fs3-fulldim7_inv1
OverdrivenGuitar-c3-fulldim7_inv3,OverdrivenGuitar-ds3-fulldim7_inv2
SynthBass1-e3-fulldim7_inv1,SynthBass1-cs3-fulldim7_inv2
SynthBass1-e3-fulldim7_inv1,SynthBass1-g3-fulldim7_inv0
Sitar-as3-fulldim7_inv1,Sitar-cs4-fulldim7_inv0
Sitar-as3-fulldim7_inv1,Sitar-g3-fulldim7_inv2
OrchestralHarp-b3-fulldim7_inv1,OrchestralHarp-gs3-fulldim7_inv2
Banjo-d4-fulldim7_inv0,Banjo-b3-fulldim7_inv1
Banjo-d4-fulldim7_inv0,Banjo-gs3-fulldim7_inv2
Piccolo-a3-fulldim7_inv1,Piccolo-c4-fulldim7_inv0
Marimba-b3-fulldim7_inv0,Marimba-f3-fulldim7_inv2
TenorSax-a3-fulldim7_inv2,TenorSax-c4-fulldim7_inv1
ElectricBass(pick)-d4-fulldim7_inv1,ElectricBass(pick)-gs3-fulldim7_inv3
ElectricBass(pick)-d4-fulldim7_inv1,ElectricBass(pick)-b3-fulldim7_inv2
FrenchHorn-cs3-fulldim7_inv3,FrenchHorn-g3-fulldim7_inv1
FrenchHorn-cs3-fulldim7_inv3,FrenchHorn-e3-fulldim7_inv2
Kalimba-cs3-fulldim7_inv2,Kalimba-e3-fulldim7_inv1
StringEnsemble2-a3-fulldim7_inv1,StringEnsemble2-c4-fulldim7_inv0
Pad4(choir)-cs4-fulldim7_inv1,Pad4(choir)-as3-fulldim7_inv2
Lead5(charang)-gs3-fulldim7_inv2,Lead5(charang)-d4-fulldim7_inv0
Lead5(charang)-gs3-fulldim7_inv2,Lead5(charang)-f3-fulldim7_inv3
ElectricGrandPiano-gs3-fulldim7_inv3,ElectricGrandPiano-d4-fulldim7_inv1
SynthVoice-gs3-fulldim7_inv0,SynthVoice-f3-fulldim7_inv1
SynthVoice-gs3-fulldim7_inv0,SynthVoice-d3-fulldim7_inv2
AltoSax-f4-fulldim7_inv0,AltoSax-b3-fulldim7_inv2
Lead2(sawtooth)-cs4-fulldim7_inv0,Lead2(sawtooth)-g3-fulldim7_inv2
Sitar-e3-fulldim7_inv2,Sitar-as3-fulldim7_inv0
Sitar-e3-fulldim7_inv2,Sitar-g3-fulldim7_inv1
Lead5(charang)-b3-fulldim7_inv0,Lead5(charang)-gs3-fulldim7_inv1
Lead5(charang)-b3-fulldim7_inv0,Lead5(charang)-f3-fulldim7_inv2
Lead5(charang)-b3-fulldim7_inv0,Lead5(charang)-d3-fulldim7_inv3
Clarinet-as3-fulldim7_inv0,Clarinet-e3-fulldim7_inv2
PanFlute-f4-fulldim7_inv0,PanFlute-b3-fulldim7_inv2
PanFlute-f4-fulldim7_inv0,PanFlute-gs3-fulldim7_inv3
Lead3(calliope)-g3-fulldim7_inv2,Lead3(calliope)-e3-fulldim7_inv3
Shamisen-b3-fulldim7_inv1,Shamisen-d4-fulldim7_inv0
SynthBass1-e3-fulldim7_inv2,SynthBass1-as3-fulldim7_inv0
BrassSection-fs3-fulldim7_inv1,BrassSection-c3-fulldim7_inv3
EnglishHorn-b3-fulldim7_inv0,EnglishHorn-gs3-fulldim7_inv1
EnglishHorn-b3-fulldim7_inv0,EnglishHorn-d3-fulldim7_inv3
EnglishHorn-b3-fulldim7_inv0,EnglishHorn-f3-fulldim7_inv2
Pad3(polysynth)-b3-fulldim7_inv0,Pad3(polysynth)-f3-fulldim7_inv2
Pad3(polysynth)-b3-fulldim7_inv0,Pad3(polysynth)-d3-fulldim7_inv3
Pad3(polysynth)-b3-fulldim7_inv0,Pad3(polysynth)-gs3-fulldim7_inv1
Fiddle-e3-fulldim7_inv1,Fiddle-cs3-fulldim7_inv2
Fiddle-e3-fulldim7_inv1,Fiddle-g3-fulldim7_inv0
ReedOrgan-as3-fulldim7_inv1,ReedOrgan-cs4-fulldim7_inv0
DrawbarOrgan-fs3-fulldim7_inv0,DrawbarOrgan-c3-fulldim7_inv2
Clarinet-f4-fulldim7_inv0,Clarinet-gs3-fulldim7_inv3
ElectricPiano2-f3-fulldim7_inv2,ElectricPiano2-d3-fulldim7_inv3
ElectricPiano2-f3-fulldim7_inv2,ElectricPiano2-b3-fulldim7_inv0
PercussiveOrgan-b3-fulldim7_inv0,PercussiveOrgan-f3-fulldim7_inv2
Pad3(polysynth)-f3-fulldim7_inv1,Pad3(polysynth)-gs3-fulldim7_inv0
Pad3(polysynth)-f3-fulldim7_inv1,Pad3(polysynth)-d3-fulldim7_inv2
SynthBrass2-cs4-fulldim7_inv1,SynthBrass2-as3-fulldim7_inv2
SynthBrass2-cs4-fulldim7_inv1,SynthBrass2-g3-fulldim7_inv3
PizzicatoStrings-cs4-fulldim7_inv0,PizzicatoStrings-g3-fulldim7_inv2
PizzicatoStrings-cs4-fulldim7_inv0,PizzicatoStrings-e3-fulldim7_inv3
Lead4(chiff)-fs3-fulldim7_inv3,Lead4(chiff)-ds4-fulldim7_inv0
Lead4(chiff)-fs3-fulldim7_inv3,Lead4(chiff)-c4-fulldim7_inv1
ElectricGrandPiano-ds3-fulldim7_inv2,ElectricGrandPiano-fs3-fulldim7_inv1
PanFlute-as3-fulldim7_inv1,PanFlute-e3-fulldim7_inv3
SynthBrass1-cs3-fulldim7_inv2,SynthBrass1-g3-fulldim7_inv0
SopranoSax-gs3-fulldim7_inv1,SopranoSax-d3-fulldim7_inv3
Lead3(calliope)-ds3-fulldim7_inv3,Lead3(calliope)-a3-fulldim7_inv1
Lead3(calliope)-ds3-fulldim7_inv3,Lead3(calliope)-fs3-fulldim7_inv2
ChurchOrgan-c3-fulldim7_inv3,ChurchOrgan-a3-fulldim7_inv0
Pad6(metallic)-gs3-fulldim7_inv3,Pad6(metallic)-f4-fulldim7_inv0
Pad6(metallic)-gs3-fulldim7_inv3,Pad6(metallic)-d4-fulldim7_inv1
Flute-ds4-fulldim7_inv0,Flute-c4-fulldim7_inv1
Contrabass-ds3-fulldim7_inv2,Contrabass-a3-fulldim7_inv0
SynthStrings1-c4-fulldim7_inv0,SynthStrings1-ds3-fulldim7_inv3
SopranoSax-as3-fulldim7_inv0,SopranoSax-cs3-fulldim7_inv3
AcousticGrandPiano-a3-fulldim7_inv2,AcousticGrandPiano-c4-fulldim7_inv1
BaritoneSax-a3-fulldim7_inv2,BaritoneSax-c4-fulldim7_inv1
BaritoneSax-a3-fulldim7_inv2,BaritoneSax-fs3-fulldim7_inv3
BaritoneSax-a3-fulldim7_inv2,BaritoneSax-ds4-fulldim7_inv0
Clarinet-ds4-fulldim7_inv0,Clarinet-fs3-fulldim7_inv3
Clarinet-ds4-fulldim7_inv0,Clarinet-a3-fulldim7_inv2
Harpsichord-fs3-fulldim7_inv1,Harpsichord-c3-fulldim7_inv3
Xylophone-d4-fulldim7_inv1,Xylophone-b3-fulldim7_inv2
Xylophone-d4-fulldim7_inv1,Xylophone-f4-fulldim7_inv0
RockOrgan-a3-fulldim7_inv0,RockOrgan-fs3-fulldim7_inv1
Pad3(polysynth)-f3-fulldim7_inv2,Pad3(polysynth)-d3-fulldim7_inv3
Pad3(polysynth)-f3-fulldim7_inv2,Pad3(polysynth)-gs3-fulldim7_inv1
Bagpipe-c4-fulldim7_inv0,Bagpipe-a3-fulldim7_inv1
Bagpipe-c4-fulldim7_inv0,Bagpipe-ds3-fulldim7_inv3
BlownBottle-d3-fulldim7_inv2,BlownBottle-f3-fulldim7_inv1
BlownBottle-d3-fulldim7_inv2,BlownBottle-gs3-fulldim7_inv0
TremoloStrings-f3-fulldim7_inv3,TremoloStrings-b3-fulldim7_inv1
Kalimba-fs3-fulldim7_inv3,Kalimba-c4-fulldim7_inv1
Lead8(bass+lead)-a3-fulldim7_inv1,Lead8(bass+lead)-ds3-fulldim7_inv3
Lead8(bass+lead)-a3-fulldim7_inv1,Lead8(bass+lead)-fs3-fulldim7_inv2
Piccolo-as3-fulldim7_inv1,Piccolo-e3-fulldim7_inv3
Piccolo-as3-fulldim7_inv1,Piccolo-cs4-fulldim7_inv0
Pad7(halo)-e3-fulldim7_inv1,Pad7(halo)-g3-fulldim7_inv0
OverdrivenGuitar-b3-fulldim7_inv1,OverdrivenGuitar-f3-fulldim7_inv3
OverdrivenGuitar-b3-fulldim7_inv1,OverdrivenGuitar-gs3-fulldim7_inv2
Lead4(chiff)-cs3-fulldim7_inv2,Lead4(chiff)-e3-fulldim7_inv1
Xylophone-f3-fulldim7_inv2,Xylophone-gs3-fulldim7_inv1
RockOrgan-d4-fulldim7_inv0,RockOrgan-b3-fulldim7_inv1
RockOrgan-c4-fulldim7_inv0,RockOrgan-a3-fulldim7_inv1
Pad3(polysynth)-e3-fulldim7_inv2,Pad3(polysynth)-cs3-fulldim7_inv3
Pad3(polysynth)-e3-fulldim7_inv2,Pad3(polysynth)-g3-fulldim7_inv1
TenorSax-gs3-fulldim7_inv2,TenorSax-b3-fulldim7_inv1
TenorSax-gs3-fulldim7_inv2,TenorSax-d4-fulldim7_inv0
TenorSax-gs3-fulldim7_inv2,TenorSax-f3-fulldim7_inv3
Pad1(newage)-c3-fulldim7_inv3,Pad1(newage)-ds3-fulldim7_inv2
Koto-g3-fulldim7_inv0,Koto-cs3-fulldim7_inv2
Koto-g3-fulldim7_inv0,Koto-e3-fulldim7_inv1
Violin-d3-fulldim7_inv2,Violin-gs3-fulldim7_inv0
ReedOrgan-ds3-fulldim7_inv3,ReedOrgan-fs3-fulldim7_inv2
PercussiveOrgan-cs4-fulldim7_inv1,PercussiveOrgan-g3-fulldim7_inv3
Banjo-ds4-fulldim7_inv0,Banjo-a3-fulldim7_inv2
SynthBass2-cs3-fulldim7_inv2,SynthBass2-g3-fulldim7_inv0
Shanai-ds3-fulldim7_inv1,Shanai-fs3-fulldim7_inv0
Flute-b3-fulldim7_inv1,Flute-f3-fulldim7_inv3
BaritoneSax-fs3-fulldim7_inv1,BaritoneSax-c3-fulldim7_inv3
BaritoneSax-fs3-fulldim7_inv1,BaritoneSax-ds3-fulldim7_inv2
VoiceOohs-cs3-fulldim7_inv3,VoiceOohs-e3-fulldim7_inv2
Clavinet-a3-fulldim7_inv1,Clavinet-fs3-fulldim7_inv2
Recorder-d4-fulldim7_inv1,Recorder-b3-fulldim7_inv2
Recorder-d4-fulldim7_inv1,Recorder-gs3-fulldim7_inv3
Clavinet-as3-fulldim7_inv1,Clavinet-cs4-fulldim7_inv0
Lead2(sawtooth)-gs3-fulldim7_inv0,Lead2(sawtooth)-d3-fulldim7_inv2
SynthBass2-a3-fulldim7_inv0,SynthBass2-c3-fulldim7_inv3
SynthBass2-a3-fulldim7_inv0,SynthBass2-ds3-fulldim7_inv2
Pad8(sweep)-f3-fulldim7_inv3,Pad8(sweep)-b3-fulldim7_inv1
ChurchOrgan-fs3-fulldim7_inv3,ChurchOrgan-ds4-fulldim7_inv0
Lead4(chiff)-ds4-fulldim7_inv0,Lead4(chiff)-c4-fulldim7_inv1
ElectricGuitar(muted)-c3-fulldim7_inv3,ElectricGuitar(muted)-ds3-fulldim7_inv2
Bassoon-b3-fulldim7_inv2,Bassoon-gs3-fulldim7_inv3
SynthStrings1-f4-fulldim7_inv0,SynthStrings1-b3-fulldim7_inv2
Pad3(polysynth)-gs3-fulldim7_inv0,Pad3(polysynth)-d3-fulldim7_inv2
SynthStrings1-fs3-fulldim7_inv1,SynthStrings1-ds3-fulldim7_inv2
SynthStrings1-fs3-fulldim7_inv1,SynthStrings1-c3-fulldim7_inv3
DrawbarOrgan-ds3-fulldim7_inv2,DrawbarOrgan-a3-fulldim7_inv0
Oboe-gs3-fulldim7_inv3,Oboe-f4-fulldim7_inv0
MutedTrumpet-a3-fulldim7_inv1,MutedTrumpet-fs3-fulldim7_inv2
MutedTrumpet-a3-fulldim7_inv1,MutedTrumpet-c4-fulldim7_inv0
Tuba-a3-fulldim7_inv1,Tuba-ds3-fulldim7_inv3
Tuba-a3-fulldim7_inv1,Tuba-c4-fulldim7_inv0
Shamisen-fs3-fulldim7_inv0,Shamisen-ds3-fulldim7_inv1
Pad8(sweep)-e3-fulldim7_inv3,Pad8(sweep)-g3-fulldim7_inv2
SynthVoice-fs3-fulldim7_inv2,SynthVoice-a3-fulldim7_inv1
Tuba-g3-fulldim7_inv3,Tuba-cs4-fulldim7_inv1
Piccolo-ds3-fulldim7_inv2,Piccolo-c3-fulldim7_inv3
Harpsichord-cs4-fulldim7_inv0,Harpsichord-as3-fulldim7_inv1
Lead6(voice)-gs3-fulldim7_inv3,Lead6(voice)-b3-fulldim7_inv2
Kalimba-b3-fulldim7_inv0,Kalimba-gs3-fulldim7_inv1
Kalimba-b3-fulldim7_inv0,Kalimba-d3-fulldim7_inv3
ElectricGrandPiano-gs3-fulldim7_inv2,ElectricGrandPiano-b3-fulldim7_inv1
Viola-gs3-fulldim7_inv3,Viola-f4-fulldim7_inv0
ElectricPiano2-a3-fulldim7_inv2,ElectricPiano2-c4-fulldim7_inv1
OrchestralHarp-e4-fulldim7_inv0,OrchestralHarp-as3-fulldim7_inv2
OrchestralHarp-e4-fulldim7_inv0,OrchestralHarp-cs4-fulldim7_inv1
Kalimba-fs3-fulldim7_inv1,Kalimba-ds3-fulldim7_inv2
Kalimba-fs3-fulldim7_inv1,Kalimba-c3-fulldim7_inv3
Pad4(choir)-gs3-fulldim7_inv0,Pad4(choir)-f3-fulldim7_inv1
Lead8(bass+lead)-e4-fulldim7_inv0,Lead8(bass+lead)-g3-fulldim7_inv3
Lead8(bass+lead)-e4-fulldim7_inv0,Lead8(bass+lead)-as3-fulldim7_inv2
ElectricGrandPiano-a3-fulldim7_inv1,ElectricGrandPiano-c4-fulldim7_inv0
Ocarina-ds3-fulldim7_inv3,Ocarina-c4-fulldim7_inv0
Ocarina-ds3-fulldim7_inv3,Ocarina-fs3-fulldim7_inv2
ElectricPiano1-as3-fulldim7_inv2,ElectricPiano1-g3-fulldim7_inv3
ElectricPiano1-as3-fulldim7_inv2,ElectricPiano1-cs4-fulldim7_inv1
Violin-b3-fulldim7_inv0,Violin-gs3-fulldim7_inv1
Violin-b3-fulldim7_inv0,Violin-f3-fulldim7_inv2
AcousticGrandPiano-fs3-fulldim7_inv0,AcousticGrandPiano-c3-fulldim7_inv2
FretlessBass-d3-fulldim7_inv2,FretlessBass-f3-fulldim7_inv1
Lead1(square)-cs3-fulldim7_inv3,Lead1(square)-g3-fulldim7_inv1
Tuba-cs3-fulldim7_inv2,Tuba-g3-fulldim7_inv0
Dulcimer-ds3-fulldim7_inv2,Dulcimer-fs3-fulldim7_inv1
Dulcimer-ds3-fulldim7_inv2,Dulcimer-c3-fulldim7_inv3
DrawbarOrgan-a3-fulldim7_inv2,DrawbarOrgan-c4-fulldim7_inv1
ElectricPiano2-e3-fulldim7_inv1,ElectricPiano2-g3-fulldim7_inv0
PizzicatoStrings-f3-fulldim7_inv3,PizzicatoStrings-gs3-fulldim7_inv2
PizzicatoStrings-f3-fulldim7_inv3,PizzicatoStrings-d4-fulldim7_inv0
Harpsichord-fs3-fulldim7_inv3,Harpsichord-a3-fulldim7_inv2
Lead1(square)-d4-fulldim7_inv1,Lead1(square)-f4-fulldim7_inv0
Trumpet-e3-fulldim7_inv1,Trumpet-g3-fulldim7_inv0
Oboe-cs4-fulldim7_inv1,Oboe-g3-fulldim7_inv3
Oboe-cs4-fulldim7_inv1,Oboe-as3-fulldim7_inv2
Flute-d4-fulldim7_inv1,Flute-b3-fulldim7_inv2
Flute-d4-fulldim7_inv1,Flute-gs3-fulldim7_inv3
Ocarina-ds3-fulldim7_inv1,Ocarina-c3-fulldim7_inv2
Clarinet-a3-fulldim7_inv0,Clarinet-fs3-fulldim7_inv1
Lead6(voice)-gs3-fulldim7_inv0,Lead6(voice)-d3-fulldim7_inv2
Lead6(voice)-gs3-fulldim7_inv0,Lead6(voice)-f3-fulldim7_inv1
BlownBottle-as3-fulldim7_inv2,BlownBottle-e4-fulldim7_inv0
BlownBottle-as3-fulldim7_inv2,BlownBottle-cs4-fulldim7_inv1
FretlessBass-fs3-fulldim7_inv2,FretlessBass-a3-fulldim7_inv1
FretlessBass-fs3-fulldim7_inv2,FretlessBass-ds3-fulldim7_inv3
SynthBass1-b3-fulldim7_inv1,SynthBass1-d4-fulldim7_inv0
SynthBass1-b3-fulldim7_inv1,SynthBass1-f3-fulldim7_inv3
BaritoneSax-d4-fulldim7_inv1,BaritoneSax-f4-fulldim7_inv0
BaritoneSax-d4-fulldim7_inv1,BaritoneSax-b3-fulldim7_inv2
Lead3(calliope)-ds3-fulldim7_inv1,Lead3(calliope)-fs3-fulldim7_inv0
Sitar-b3-fulldim7_inv0,Sitar-d3-fulldim7_inv3
FrenchHorn-gs3-fulldim7_inv2,FrenchHorn-b3-fulldim7_inv1
FrenchHorn-gs3-fulldim7_inv2,FrenchHorn-f3-fulldim7_inv3
Pad1(newage)-gs3-fulldim7_inv0,Pad1(newage)-d3-fulldim7_inv2
Pad1(newage)-gs3-fulldim7_inv0,Pad1(newage)-f3-fulldim7_inv1
Pad3(polysynth)-a3-fulldim7_inv2,Pad3(polysynth)-ds4-fulldim7_inv0
Lead2(sawtooth)-c4-fulldim7_inv1,Lead2(sawtooth)-ds4-fulldim7_inv0
ElectricGuitar(muted)-cs3-fulldim7_inv2,ElectricGuitar(muted)-e3-fulldim7_inv1
ElectricGuitar(muted)-cs3-fulldim7_inv2,ElectricGuitar(muted)-g3-fulldim7_inv0
Viola-b3-fulldim7_inv0,Viola-gs3-fulldim7_inv1
Tuba-ds3-fulldim7_inv3,Tuba-c4-fulldim7_inv0
Pad2(warm)-d4-fulldim7_inv1,Pad2(warm)-gs3-fulldim7_inv3
Lead5(charang)-f4-fulldim7_inv0,Lead5(charang)-gs3-fulldim7_inv3
Lead3(calliope)-g3-fulldim7_inv0,Lead3(calliope)-cs3-fulldim7_inv2
Marimba-e4-fulldim7_inv0,Marimba-as3-fulldim7_inv2
Marimba-e4-fulldim7_inv0,Marimba-cs4-fulldim7_inv1
PanFlute-cs4-fulldim7_inv1,PanFlute-e4-fulldim7_inv0
Pad2(warm)-ds3-fulldim7_inv3,Pad2(warm)-c4-fulldim7_inv0
PizzicatoStrings-g3-fulldim7_inv2,PizzicatoStrings-e3-fulldim7_inv3
ElectricBass(finger)-f3-fulldim7_inv3,ElectricBass(finger)-gs3-fulldim7_inv2
ElectricBass(finger)-f3-fulldim7_inv3,ElectricBass(finger)-d4-fulldim7_inv0
Pad2(warm)-e3-fulldim7_inv3,Pad2(warm)-cs4-fulldim7_inv0
Fiddle-c4-fulldim7_inv0,Fiddle-fs3-fulldim7_inv2
Fiddle-c4-fulldim7_inv0,Fiddle-ds3-fulldim7_inv3
Viola-e3-fulldim7_inv2,Viola-as3-fulldim7_inv0
Viola-e3-fulldim7_inv2,Viola-g3-fulldim7_inv1
ChurchOrgan-gs3-fulldim7_inv3,ChurchOrgan-b3-fulldim7_inv2
Lead4(chiff)-cs4-fulldim7_inv0,Lead4(chiff)-as3-fulldim7_inv1
Lead4(chiff)-cs4-fulldim7_inv0,Lead4(chiff)-g3-fulldim7_inv2
Lead4(chiff)-cs4-fulldim7_inv0,Lead4(chiff)-e3-fulldim7_inv3
ElectricGrandPiano-fs3-fulldim7_inv3,ElectricGrandPiano-c4-fulldim7_inv1
ElectricBass(pick)-as3-fulldim7_inv2,ElectricBass(pick)-cs4-fulldim7_inv1
ElectricGuitar(clean)-g3-fulldim7_inv1,ElectricGuitar(clean)-cs3-fulldim7_inv3
ElectricGuitar(clean)-g3-fulldim7_inv1,ElectricGuitar(clean)-e3-fulldim7_inv2
ElectricGuitar(muted)-c4-fulldim7_inv0,ElectricGuitar(muted)-ds3-fulldim7_inv3
ElectricGuitar(muted)-c4-fulldim7_inv0,ElectricGuitar(muted)-a3-fulldim7_inv1
ElectricGuitar(jazz)-cs4-fulldim7_inv0,ElectricGuitar(jazz)-e3-fulldim7_inv3
ElectricGuitar(jazz)-cs4-fulldim7_inv0,ElectricGuitar(jazz)-g3-fulldim7_inv2
BrassSection-g3-fulldim7_inv3,BrassSection-e4-fulldim7_inv0
BrassSection-g3-fulldim7_inv3,BrassSection-as3-fulldim7_inv2
Cello-ds3-fulldim7_inv1,Cello-fs3-fulldim7_inv0
Pad2(warm)-f3-fulldim7_inv2,Pad2(warm)-d3-fulldim7_inv3
Pad2(warm)-f3-fulldim7_inv2,Pad2(warm)-b3-fulldim7_inv0
Pad2(warm)-f3-fulldim7_inv2,Pad2(warm)-gs3-fulldim7_inv1
SynthVoice-g3-fulldim7_inv2,SynthVoice-as3-fulldim7_inv1
SynthVoice-g3-fulldim7_inv2,SynthVoice-e3-fulldim7_inv3
ElectricGuitar(clean)-g3-fulldim7_inv0,ElectricGuitar(clean)-e3-fulldim7_inv1
SlapBass1-f3-fulldim7_inv2,SlapBass1-d3-fulldim7_inv3
Piccolo-e3-fulldim7_inv2,Piccolo-g3-fulldim7_inv1
Lead4(chiff)-as3-fulldim7_inv2,Lead4(chiff)-e4-fulldim7_inv0
AcousticGuitar(steel)-cs4-fulldim7_inv0,AcousticGuitar(steel)-as3-fulldim7_inv1
AcousticGuitar(steel)-cs4-fulldim7_inv0,AcousticGuitar(steel)-g3-fulldim7_inv2
SynthBrass1-c4-fulldim7_inv0,SynthBrass1-ds3-fulldim7_inv3
SlapBass1-fs3-fulldim7_inv1,SlapBass1-ds3-fulldim7_inv2
SlapBass1-fs3-fulldim7_inv1,SlapBass1-a3-fulldim7_inv0
SlapBass1-fs3-fulldim7_inv1,SlapBass1-c3-fulldim7_inv3
SynthBrass2-ds3-fulldim7_inv2,SynthBrass2-a3-fulldim7_inv0
Pad8(sweep)-c3-fulldim7_inv2,Pad8(sweep)-ds3-fulldim7_inv1
ElectricPiano2-g3-fulldim7_inv1,ElectricPiano2-cs3-fulldim7_inv3
AcousticBass-b3-fulldim7_inv0,AcousticBass-gs3-fulldim7_inv1
AcousticBass-b3-fulldim7_inv0,AcousticBass-f3-fulldim7_inv2
RockOrgan-cs3-fulldim7_inv3,RockOrgan-e3-fulldim7_inv2
AltoSax-a3-fulldim7_inv2,AltoSax-ds4-fulldim7_inv0
PercussiveOrgan-gs3-fulldim7_inv3,PercussiveOrgan-d4-fulldim7_inv1
Lead5(charang)-cs3-fulldim7_inv3,Lead5(charang)-g3-fulldim7_inv1
Lead5(charang)-cs3-fulldim7_inv3,Lead5(charang)-as3-fulldim7_inv0
TremoloStrings-as3-fulldim7_inv0,TremoloStrings-cs3-fulldim7_inv3
Koto-gs3-fulldim7_inv3,Koto-f4-fulldim7_inv0
ElectricBass(pick)-cs4-fulldim7_inv0,ElectricBass(pick)-g3-fulldim7_inv2
Oboe-g3-fulldim7_inv2,Oboe-e3-fulldim7_inv3
Lead4(chiff)-gs3-fulldim7_inv1,Lead4(chiff)-f3-fulldim7_inv2
SynthVoice-a3-fulldim7_inv0,SynthVoice-fs3-fulldim7_inv1
SynthVoice-a3-fulldim7_inv0,SynthVoice-c3-fulldim7_inv3
BlownBottle-ds4-fulldim7_inv0,BlownBottle-a3-fulldim7_inv2
BlownBottle-ds4-fulldim7_inv0,BlownBottle-fs3-fulldim7_inv3
Pad1(newage)-d4-fulldim7_inv1,Pad1(newage)-f4-fulldim7_inv0
Pad1(newage)-d4-fulldim7_inv1,Pad1(newage)-b3-fulldim7_inv2
SynthVoice-d3-fulldim7_inv3,SynthVoice-f3-fulldim7_inv2
SynthVoice-d3-fulldim7_inv3,SynthVoice-gs3-fulldim7_inv1
Trombone-a3-fulldim7_inv2,Trombone-fs3-fulldim7_inv3
Shanai-a3-fulldim7_inv0,Shanai-ds3-fulldim7_inv2
Shanai-a3-fulldim7_inv0,Shanai-c3-fulldim7_inv3
Shamisen-a3-fulldim7_inv0,Shamisen-fs3-fulldim7_inv1
SynthBass2-g3-fulldim7_inv2,SynthBass2-as3-fulldim7_inv1
TenorSax-b3-fulldim7_inv1,TenorSax-d4-fulldim7_inv0
TenorSax-b3-fulldim7_inv1,TenorSax-f3-fulldim7_inv3
Bassoon-as3-fulldim7_inv1,Bassoon-e3-fulldim7_inv3
Oboe-f3-fulldim7_inv1,Oboe-d3-fulldim7_inv2
Tuba-cs3-fulldim7_inv3,Tuba-g3-fulldim7_inv1
Tuba-cs3-fulldim7_inv3,Tuba-as3-fulldim7_inv0
SlapBass1-f3-fulldim7_inv1,SlapBass1-gs3-fulldim7_inv0
SlapBass1-f3-fulldim7_inv1,SlapBass1-d3-fulldim7_inv2
Banjo-g3-fulldim7_inv1,Banjo-cs3-fulldim7_inv3
Vibraphone-d4-fulldim7_inv1,Vibraphone-gs3-fulldim7_inv3
Vibraphone-d4-fulldim7_inv1,Vibraphone-b3-fulldim7_inv2
DistortionGuitar-cs3-fulldim7_inv3,DistortionGuitar-g3-fulldim7_inv1
Oboe-g3-fulldim7_inv3,Oboe-as3-fulldim7_inv2
SynthBrass2-f3-fulldim7_inv2,SynthBrass2-d3-fulldim7_inv3
ElectricGuitar(clean)-fs3-fulldim7_inv3,ElectricGuitar(clean)-ds4-fulldim7_inv0
ElectricGuitar(clean)-fs3-fulldim7_inv3,ElectricGuitar(clean)-c4-fulldim7_inv1
ElectricGuitar(jazz)-ds3-fulldim7_inv2,ElectricGuitar(jazz)-fs3-fulldim7_inv1
ElectricGuitar(jazz)-a3-fulldim7_inv1,ElectricGuitar(jazz)-ds3-fulldim7_inv3
ElectricGuitar(jazz)-a3-fulldim7_inv1,ElectricGuitar(jazz)-c4-fulldim7_inv0
VoiceOohs-fs3-fulldim7_inv1,VoiceOohs-a3-fulldim7_inv0
VoiceOohs-fs3-fulldim7_inv1,VoiceOohs-c3-fulldim7_inv3
Flute-ds3-fulldim7_inv1,Flute-c3-fulldim7_inv2
SynthBrass1-cs4-fulldim7_inv0,SynthBrass1-e3-fulldim7_inv3
SynthBrass1-cs4-fulldim7_inv0,SynthBrass1-as3-fulldim7_inv1
SynthBrass1-cs4-fulldim7_inv0,SynthBrass1-g3-fulldim7_inv2
SynthVoice-cs4-fulldim7_inv1,SynthVoice-e4-fulldim7_inv0
SynthVoice-cs4-fulldim7_inv1,SynthVoice-g3-fulldim7_inv3
Banjo-b3-fulldim7_inv1,Banjo-gs3-fulldim7_inv2
Viola-fs3-fulldim7_inv0,Viola-ds3-fulldim7_inv1
Viola-fs3-fulldim7_inv0,Viola-c3-fulldim7_inv2
Tuba-g3-fulldim7_inv2,Tuba-as3-fulldim7_inv1
PanFlute-d3-fulldim7_inv3,PanFlute-gs3-fulldim7_inv1
BlownBottle-d3-fulldim7_inv3,BlownBottle-f3-fulldim7_inv2
Pad3(polysynth)-d3-fulldim7_inv3,Pad3(polysynth)-gs3-fulldim7_inv1
Bagpipe-ds4-fulldim7_inv0,Bagpipe-a3-fulldim7_inv2
ElectricGuitar(muted)-gs3-fulldim7_inv0,ElectricGuitar(muted)-d3-fulldim7_inv2
Koto-c4-fulldim7_inv1,Koto-fs3-fulldim7_inv3
AcousticGuitar(steel)-e3-fulldim7_inv2,AcousticGuitar(steel)-cs3-fulldim7_inv3
BrightAcousticPiano-e3-fulldim7_inv1,BrightAcousticPiano-g3-fulldim7_inv0
OrchestralHarp-e3-fulldim7_inv2,OrchestralHarp-g3-fulldim7_inv1
StringEnsemble1-b3-fulldim7_inv1,StringEnsemble1-f3-fulldim7_inv3
ChoirAahs-gs3-fulldim7_inv0,ChoirAahs-d3-fulldim7_inv2
ChoirAahs-gs3-fulldim7_inv0,ChoirAahs-f3-fulldim7_inv1
Lead5(charang)-g3-fulldim7_inv2,Lead5(charang)-cs4-fulldim7_inv0
Lead5(charang)-g3-fulldim7_inv2,Lead5(charang)-e3-fulldim7_inv3
Lead5(charang)-g3-fulldim7_inv2,Lead5(charang)-as3-fulldim7_inv1
Oboe-ds3-fulldim7_inv1,Oboe-c3-fulldim7_inv2
Oboe-ds3-fulldim7_inv1,Oboe-fs3-fulldim7_inv0
Lead1(square)-ds4-fulldim7_inv0,Lead1(square)-c4-fulldim7_inv1
FretlessBass-as3-fulldim7_inv2,FretlessBass-e4-fulldim7_inv0
FretlessBass-as3-fulldim7_inv2,FretlessBass-g3-fulldim7_inv3
ElectricGuitar(jazz)-c4-fulldim7_inv1,ElectricGuitar(jazz)-fs3-fulldim7_inv3
Lead8(bass+lead)-g3-fulldim7_inv3,Lead8(bass+lead)-as3-fulldim7_inv2
AcousticBass-gs3-fulldim7_inv1,AcousticBass-f3-fulldim7_inv2
FrenchHorn-e3-fulldim7_inv1,FrenchHorn-g3-fulldim7_inv0
FrenchHorn-e3-fulldim7_inv1,FrenchHorn-cs3-fulldim7_inv2
Clarinet-cs4-fulldim7_inv1,Clarinet-as3-fulldim7_inv2
Clarinet-cs4-fulldim7_inv1,Clarinet-g3-fulldim7_inv3
StringEnsemble2-g3-fulldim7_inv3,StringEnsemble2-e4-fulldim7_inv0
FrenchHorn-c3-fulldim7_inv2,FrenchHorn-ds3-fulldim7_inv1
FrenchHorn-c3-fulldim7_inv2,FrenchHorn-fs3-fulldim7_inv0
Trombone-g3-fulldim7_inv2,Trombone-e3-fulldim7_inv3
Trombone-g3-fulldim7_inv2,Trombone-cs4-fulldim7_inv0
ElectricGrandPiano-c3-fulldim7_inv2,ElectricGrandPiano-ds3-fulldim7_inv1
Pad4(choir)-cs3-fulldim7_inv3,Pad4(choir)-g3-fulldim7_inv1
Pad4(choir)-cs3-fulldim7_inv3,Pad4(choir)-as3-fulldim7_inv0
Pad7(halo)-as3-fulldim7_inv2,Pad7(halo)-e4-fulldim7_inv0
EnglishHorn-a3-fulldim7_inv1,EnglishHorn-ds3-fulldim7_inv3
EnglishHorn-a3-fulldim7_inv1,EnglishHorn-fs3-fulldim7_inv2
Honky-tonkPiano-c4-fulldim7_inv1,Honky-tonkPiano-a3-fulldim7_inv2
Honky-tonkPiano-c4-fulldim7_inv1,Honky-tonkPiano-ds4-fulldim7_inv0
Tuba-d3-fulldim7_inv3,Tuba-b3-fulldim7_inv0
Tuba-d3-fulldim7_inv3,Tuba-gs3-fulldim7_inv1
ChurchOrgan-d4-fulldim7_inv0,ChurchOrgan-b3-fulldim7_inv1
ChurchOrgan-d4-fulldim7_inv0,ChurchOrgan-gs3-fulldim7_inv2
ElectricPiano2-d3-fulldim7_inv3,ElectricPiano2-b3-fulldim7_inv0
Pad5(bowed)-f3-fulldim7_inv2,Pad5(bowed)-gs3-fulldim7_inv1
Pad5(bowed)-f3-fulldim7_inv2,Pad5(bowed)-b3-fulldim7_inv0
Marimba-g3-fulldim7_inv2,Marimba-cs4-fulldim7_inv0
FrenchHorn-ds4-fulldim7_inv0,FrenchHorn-c4-fulldim7_inv1
Sitar-b3-fulldim7_inv2,Sitar-f4-fulldim7_inv0
Ocarina-fs3-fulldim7_inv1,Ocarina-c3-fulldim7_inv3
Ocarina-fs3-fulldim7_inv1,Ocarina-ds3-fulldim7_inv2
Cello-cs4-fulldim7_inv1,Cello-e4-fulldim7_inv0
Cello-cs4-fulldim7_inv1,Cello-g3-fulldim7_inv3
Oboe-d4-fulldim7_inv0,Oboe-b3-fulldim7_inv1
ReedOrgan-as3-fulldim7_inv2,ReedOrgan-e4-fulldim7_inv0
ReedOrgan-as3-fulldim7_inv2,ReedOrgan-cs4-fulldim7_inv1
DistortionGuitar-gs3-fulldim7_inv0,DistortionGuitar-d3-fulldim7_inv2
Marimba-d3-fulldim7_inv2,Marimba-gs3-fulldim7_inv0
AltoSax-ds3-fulldim7_inv3,AltoSax-fs3-fulldim7_inv2
AltoSax-ds3-fulldim7_inv3,AltoSax-a3-fulldim7_inv1
AltoSax-ds3-fulldim7_inv3,AltoSax-c4-fulldim7_inv0
ElectricBass(pick)-gs3-fulldim7_inv3,ElectricBass(pick)-b3-fulldim7_inv2
AcousticGuitar(steel)-cs3-fulldim7_inv2,AcousticGuitar(steel)-e3-fulldim7_inv1
AcousticBass-c4-fulldim7_inv0,AcousticBass-fs3-fulldim7_inv2
AcousticBass-c4-fulldim7_inv0,AcousticBass-a3-fulldim7_inv1
ElectricGuitar(clean)-f3-fulldim7_inv3,ElectricGuitar(clean)-gs3-fulldim7_inv2
ElectricGuitar(clean)-f3-fulldim7_inv3,ElectricGuitar(clean)-d4-fulldim7_inv0
BaritoneSax-c4-fulldim7_inv1,BaritoneSax-fs3-fulldim7_inv3
BaritoneSax-c4-fulldim7_inv1,BaritoneSax-ds4-fulldim7_inv0
Shanai-d3-fulldim7_inv2,Shanai-gs3-fulldim7_inv0
Shanai-d3-fulldim7_inv2,Shanai-f3-fulldim7_inv1
Dulcimer-as3-fulldim7_inv2,Dulcimer-cs4-fulldim7_inv1
PercussiveOrgan-ds4-fulldim7_inv0,PercussiveOrgan-a3-fulldim7_inv2
PercussiveOrgan-ds4-fulldim7_inv0,PercussiveOrgan-fs3-fulldim7_inv3
PercussiveOrgan-ds4-fulldim7_inv0,PercussiveOrgan-c4-fulldim7_inv1
DistortionGuitar-cs3-fulldim7_inv2,DistortionGuitar-g3-fulldim7_inv0
DistortionGuitar-cs3-fulldim7_inv2,DistortionGuitar-e3-fulldim7_inv1
Banjo-a3-fulldim7_inv0,Banjo-fs3-fulldim7_inv1
Banjo-a3-fulldim7_inv0,Banjo-c3-fulldim7_inv3
Banjo-a3-fulldim7_inv0,Banjo-ds3-fulldim7_inv2
Xylophone-e3-fulldim7_inv1,Xylophone-cs3-fulldim7_inv2
Xylophone-e3-fulldim7_inv1,Xylophone-g3-fulldim7_inv0
Viola-cs4-fulldim7_inv1,Viola-g3-fulldim7_inv3
AcousticGuitar(nylon)-f3-fulldim7_inv3,AcousticGuitar(nylon)-b3-fulldim7_inv1
AcousticGuitar(nylon)-f3-fulldim7_inv3,AcousticGuitar(nylon)-d4-fulldim7_inv0
AcousticGuitar(nylon)-f3-fulldim7_inv3,AcousticGuitar(nylon)-gs3-fulldim7_inv2
ElectricPiano2-f3-fulldim7_inv3,ElectricPiano2-gs3-fulldim7_inv2
ElectricPiano2-f3-fulldim7_inv3,ElectricPiano2-d4-fulldim7_inv0
ElectricPiano2-f3-fulldim7_inv3,ElectricPiano2-b3-fulldim7_inv1
Dulcimer-cs4-fulldim7_inv0,Dulcimer-as3-fulldim7_inv1
Koto-cs3-fulldim7_inv2,Koto-e3-fulldim7_inv1
DrawbarOrgan-f3-fulldim7_inv3,DrawbarOrgan-d4-fulldim7_inv0
Lead8(bass+lead)-gs3-fulldim7_inv2,Lead8(bass+lead)-f3-fulldim7_inv3
Lead8(bass+lead)-gs3-fulldim7_inv2,Lead8(bass+lead)-d4-fulldim7_inv0
Lead8(bass+lead)-d3-fulldim7_inv2,Lead8(bass+lead)-gs3-fulldim7_inv0
Oboe-ds3-fulldim7_inv3,Oboe-fs3-fulldim7_inv2
AltoSax-fs3-fulldim7_inv2,AltoSax-a3-fulldim7_inv1
AltoSax-fs3-fulldim7_inv2,AltoSax-c4-fulldim7_inv0
MutedTrumpet-c4-fulldim7_inv1,MutedTrumpet-a3-fulldim7_inv2
Ocarina-d4-fulldim7_inv0,Ocarina-gs3-fulldim7_inv2
SynthBrass1-e3-fulldim7_inv3,SynthBrass1-as3-fulldim7_inv1
SynthBrass1-e3-fulldim7_inv3,SynthBrass1-g3-fulldim7_inv2
FretlessBass-ds4-fulldim7_inv0,FretlessBass-c4-fulldim7_inv1
PercussiveOrgan-g3-fulldim7_inv1,PercussiveOrgan-as3-fulldim7_inv0
PercussiveOrgan-g3-fulldim7_inv1,PercussiveOrgan-cs3-fulldim7_inv3
Viola-ds3-fulldim7_inv1,Viola-c3-fulldim7_inv2
MusicBox-as3-fulldim7_inv1,MusicBox-g3-fulldim7_inv2
MusicBox-as3-fulldim7_inv1,MusicBox-cs4-fulldim7_inv0
Dulcimer-b3-fulldim7_inv0,Dulcimer-gs3-fulldim7_inv1
Dulcimer-b3-fulldim7_inv0,Dulcimer-d3-fulldim7_inv3
Fiddle-gs3-fulldim7_inv1,Fiddle-d3-fulldim7_inv3
TremoloStrings-cs3-fulldim7_inv2,TremoloStrings-g3-fulldim7_inv0
TremoloStrings-cs3-fulldim7_inv2,TremoloStrings-e3-fulldim7_inv1
Lead5(charang)-g3-fulldim7_inv1,Lead5(charang)-as3-fulldim7_inv0
OrchestralHarp-d4-fulldim7_inv1,OrchestralHarp-gs3-fulldim7_inv3
BrassSection-gs3-fulldim7_inv3,BrassSection-b3-fulldim7_inv2
BrassSection-gs3-fulldim7_inv3,BrassSection-f4-fulldim7_inv0
AcousticBass-g3-fulldim7_inv3,AcousticBass-as3-fulldim7_inv2
Lead5(charang)-ds4-fulldim7_inv0,Lead5(charang)-a3-fulldim7_inv2
Bagpipe-gs3-fulldim7_inv2,Bagpipe-f3-fulldim7_inv3
Bagpipe-gs3-fulldim7_inv2,Bagpipe-d4-fulldim7_inv0
EnglishHorn-fs3-fulldim7_inv1,EnglishHorn-c3-fulldim7_inv3
Trombone-e3-fulldim7_inv3,Trombone-cs4-fulldim7_inv0
OrchestralHarp-fs3-fulldim7_inv1,OrchestralHarp-ds3-fulldim7_inv2
OrchestralHarp-fs3-fulldim7_inv1,OrchestralHarp-c3-fulldim7_inv3
Cello-d3-fulldim7_inv3,Cello-gs3-fulldim7_inv1
SynthBass2-cs4-fulldim7_inv1,SynthBass2-as3-fulldim7_inv2
SynthBass2-cs4-fulldim7_inv1,SynthBass2-e4-fulldim7_inv0
Honky-tonkPiano-fs3-fulldim7_inv0,Honky-tonkPiano-ds3-fulldim7_inv1
Lead6(voice)-as3-fulldim7_inv2,Lead6(voice)-g3-fulldim7_inv3
Clavinet-f4-fulldim7_inv0,Clavinet-b3-fulldim7_inv2
Kalimba-a3-fulldim7_inv1,Kalimba-c4-fulldim7_inv0
Harpsichord-gs3-fulldim7_inv3,Harpsichord-f4-fulldim7_inv0
Harpsichord-gs3-fulldim7_inv3,Harpsichord-d4-fulldim7_inv1
Lead1(square)-d3-fulldim7_inv3,Lead1(square)-b3-fulldim7_inv0
Lead2(sawtooth)-b3-fulldim7_inv1,Lead2(sawtooth)-f3-fulldim7_inv3
Shamisen-fs3-fulldim7_inv2,Shamisen-ds3-fulldim7_inv3
Fiddle-fs3-fulldim7_inv2,Fiddle-ds3-fulldim7_inv3
Harpsichord-ds3-fulldim7_inv3,Harpsichord-a3-fulldim7_inv1
DistortionGuitar-g3-fulldim7_inv3,DistortionGuitar-as3-fulldim7_inv2
DistortionGuitar-g3-fulldim7_inv3,DistortionGuitar-cs4-fulldim7_inv1
ElectricGrandPiano-cs4-fulldim7_inv0,ElectricGrandPiano-e3-fulldim7_inv3
Sitar-gs3-fulldim7_inv2,Sitar-f3-fulldim7_inv3
Clarinet-fs3-fulldim7_inv3,Clarinet-a3-fulldim7_inv2
Bagpipe-f3-fulldim7_inv1,Bagpipe-gs3-fulldim7_inv0
Bagpipe-f3-fulldim7_inv1,Bagpipe-d3-fulldim7_inv2
Shanai-gs3-fulldim7_inv0,Shanai-f3-fulldim7_inv1
Honky-tonkPiano-f3-fulldim7_inv2,Honky-tonkPiano-d3-fulldim7_inv3
Honky-tonkPiano-f3-fulldim7_inv2,Honky-tonkPiano-b3-fulldim7_inv0
AcousticGrandPiano-b3-fulldim7_inv1,AcousticGrandPiano-d4-fulldim7_inv0
AcousticGrandPiano-b3-fulldim7_inv1,AcousticGrandPiano-gs3-fulldim7_inv2
ElectricGuitar(muted)-e3-fulldim7_inv2,ElectricGuitar(muted)-as3-fulldim7_inv0
Pad1(newage)-e3-fulldim7_inv2,Pad1(newage)-g3-fulldim7_inv1
Pad1(newage)-e3-fulldim7_inv2,Pad1(newage)-as3-fulldim7_inv0
Recorder-b3-fulldim7_inv2,Recorder-gs3-fulldim7_inv3
AcousticBass-fs3-fulldim7_inv1,AcousticBass-a3-fulldim7_inv0
Fiddle-fs3-fulldim7_inv3,Fiddle-ds4-fulldim7_inv0
Dulcimer-fs3-fulldim7_inv1,Dulcimer-c3-fulldim7_inv3
Bassoon-gs3-fulldim7_inv0,Bassoon-f3-fulldim7_inv1
SopranoSax-a3-fulldim7_inv2,SopranoSax-fs3-fulldim7_inv3
SopranoSax-a3-fulldim7_inv2,SopranoSax-c4-fulldim7_inv1
Flute-a3-fulldim7_inv1,Flute-fs3-fulldim7_inv2
Flute-a3-fulldim7_inv1,Flute-ds3-fulldim7_inv3
Lead4(chiff)-fs3-fulldim7_inv1,Lead4(chiff)-a3-fulldim7_inv0
Dulcimer-ds4-fulldim7_inv0,Dulcimer-a3-fulldim7_inv2
Dulcimer-ds4-fulldim7_inv0,Dulcimer-fs3-fulldim7_inv3
StringEnsemble1-ds3-fulldim7_inv1,StringEnsemble1-c3-fulldim7_inv2
MusicBox-b3-fulldim7_inv0,MusicBox-d3-fulldim7_inv3
AcousticGuitar(nylon)-d3-fulldim7_inv3,AcousticGuitar(nylon)-f3-fulldim7_inv2
BrassSection-fs3-fulldim7_inv3,BrassSection-c4-fulldim7_inv1
SlapBass1-ds3-fulldim7_inv2,SlapBass1-a3-fulldim7_inv0
SlapBass1-ds3-fulldim7_inv2,SlapBass1-c3-fulldim7_inv3
StringEnsemble1-g3-fulldim7_inv1,StringEnsemble1-e3-fulldim7_inv2
Pad3(polysynth)-cs4-fulldim7_inv0,Pad3(polysynth)-as3-fulldim7_inv1
Pad3(polysynth)-cs4-fulldim7_inv0,Pad3(polysynth)-g3-fulldim7_inv2
BaritoneSax-cs4-fulldim7_inv1,BaritoneSax-e4-fulldim7_inv0
Cello-g3-fulldim7_inv1,Cello-e3-fulldim7_inv2
ElectricBass(finger)-cs4-fulldim7_inv0,ElectricBass(finger)-g3-fulldim7_inv2
ElectricBass(finger)-cs4-fulldim7_inv0,ElectricBass(finger)-as3-fulldim7_inv1
Lead2(sawtooth)-fs3-fulldim7_inv1,Lead2(sawtooth)-a3-fulldim7_inv0
Lead2(sawtooth)-fs3-fulldim7_inv1,Lead2(sawtooth)-c3-fulldim7_inv3
Honky-tonkPiano-f3-fulldim7_inv3,Honky-tonkPiano-d4-fulldim7_inv0
Pad7(halo)-as3-fulldim7_inv1,Pad7(halo)-e3-fulldim7_inv3
SlapBass2-fs3-fulldim7_inv1,SlapBass2-ds3-fulldim7_inv2
Lead8(bass+lead)-gs3-fulldim7_inv3,Lead8(bass+lead)-f4-fulldim7_inv0
RockOrgan-fs3-fulldim7_inv3,RockOrgan-c4-fulldim7_inv1
Pad1(newage)-c4-fulldim7_inv1,Pad1(newage)-a3-fulldim7_inv2
Pad1(newage)-c4-fulldim7_inv1,Pad1(newage)-ds4-fulldim7_inv0
ElectricBass(finger)-c4-fulldim7_inv0,ElectricBass(finger)-a3-fulldim7_inv1
ElectricBass(finger)-c4-fulldim7_inv0,ElectricBass(finger)-fs3-fulldim7_inv2
ElectricBass(finger)-c4-fulldim7_inv0,ElectricBass(finger)-ds3-fulldim7_inv3
Pad1(newage)-ds3-fulldim7_inv3,Pad1(newage)-c4-fulldim7_inv0
Pad1(newage)-ds3-fulldim7_inv3,Pad1(newage)-fs3-fulldim7_inv2
Pad1(newage)-ds3-fulldim7_inv3,Pad1(newage)-a3-fulldim7_inv1
PercussiveOrgan-f3-fulldim7_inv3,PercussiveOrgan-d4-fulldim7_inv0
BrightAcousticPiano-ds3-fulldim7_inv1,BrightAcousticPiano-c3-fulldim7_inv2
BrightAcousticPiano-ds3-fulldim7_inv1,BrightAcousticPiano-fs3-fulldim7_inv0
Kalimba-gs3-fulldim7_inv1,Kalimba-d3-fulldim7_inv3
PanFlute-e3-fulldim7_inv2,PanFlute-g3-fulldim7_inv1
PanFlute-e3-fulldim7_inv2,PanFlute-as3-fulldim7_inv0
PanFlute-e3-fulldim7_inv2,PanFlute-cs3-fulldim7_inv3
SlapBass1-cs4-fulldim7_inv1,SlapBass1-as3-fulldim7_inv2
OverdrivenGuitar-f3-fulldim7_inv3,OverdrivenGuitar-gs3-fulldim7_inv2
BaritoneSax-f3-fulldim7_inv2,BaritoneSax-d3-fulldim7_inv3
MutedTrumpet-d3-fulldim7_inv2,MutedTrumpet-f3-fulldim7_inv1
FrenchHorn-b3-fulldim7_inv1,FrenchHorn-f3-fulldim7_inv3
Bagpipe-gs3-fulldim7_inv0,Bagpipe-d3-fulldim7_inv2
ElectricGuitar(muted)-ds3-fulldim7_inv3,ElectricGuitar(muted)-a3-fulldim7_inv1
Tuba-f3-fulldim7_inv3,Tuba-d4-fulldim7_inv0
Tuba-f3-fulldim7_inv3,Tuba-gs3-fulldim7_inv2
ElectricPiano1-as3-fulldim7_inv0,ElectricPiano1-cs3-fulldim7_inv3
BrightAcousticPiano-cs4-fulldim7_inv1,BrightAcousticPiano-e4-fulldim7_inv0
Sitar-cs3-fulldim7_inv2,Sitar-g3-fulldim7_inv0
ElectricPiano2-gs3-fulldim7_inv2,ElectricPiano2-d4-fulldim7_inv0
ElectricPiano2-gs3-fulldim7_inv2,ElectricPiano2-b3-fulldim7_inv1
SynthBrass1-a3-fulldim7_inv0,SynthBrass1-fs3-fulldim7_inv1
SynthBrass1-a3-fulldim7_inv0,SynthBrass1-ds3-fulldim7_inv2
Tuba-g3-fulldim7_inv1,Tuba-as3-fulldim7_inv0
MusicBox-ds4-fulldim7_inv0,MusicBox-c4-fulldim7_inv1
MutedTrumpet-ds3-fulldim7_inv1,MutedTrumpet-c3-fulldim7_inv2
StringEnsemble1-d3-fulldim7_inv3,StringEnsemble1-gs3-fulldim7_inv1
BaritoneSax-f4-fulldim7_inv0,BaritoneSax-b3-fulldim7_inv2
FretlessBass-e4-fulldim7_inv0,FretlessBass-g3-fulldim7_inv3
OrchestralHarp-as3-fulldim7_inv1,OrchestralHarp-e3-fulldim7_inv3
OrchestralHarp-as3-fulldim7_inv1,OrchestralHarp-cs4-fulldim7_inv0
OrchestralHarp-f3-fulldim7_inv2,OrchestralHarp-d3-fulldim7_inv3
OrchestralHarp-f3-fulldim7_inv2,OrchestralHarp-gs3-fulldim7_inv1
Banjo-e4-fulldim7_inv0,Banjo-as3-fulldim7_inv2
Banjo-e4-fulldim7_inv0,Banjo-cs4-fulldim7_inv1
Clarinet-b3-fulldim7_inv1,Clarinet-f3-fulldim7_inv3
Clarinet-b3-fulldim7_inv1,Clarinet-gs3-fulldim7_inv2
SlapBass1-a3-fulldim7_inv0,SlapBass1-c3-fulldim7_inv3
Cello-e3-fulldim7_inv3,Cello-cs4-fulldim7_inv0
Cello-e3-fulldim7_inv3,Cello-as3-fulldim7_inv1
Pad7(halo)-b3-fulldim7_inv2,Pad7(halo)-gs3-fulldim7_inv3
Pad4(choir)-fs3-fulldim7_inv1,Pad4(choir)-ds3-fulldim7_inv2
StringEnsemble1-fs3-fulldim7_inv3,StringEnsemble1-a3-fulldim7_inv2
StringEnsemble1-fs3-fulldim7_inv3,StringEnsemble1-c4-fulldim7_inv1
ChurchOrgan-f3-fulldim7_inv2,ChurchOrgan-d3-fulldim7_inv3
ChurchOrgan-f3-fulldim7_inv2,ChurchOrgan-gs3-fulldim7_inv1
SynthBass1-gs3-fulldim7_inv1,SynthBass1-d3-fulldim7_inv3
ElectricGuitar(muted)-f4-fulldim7_inv0,ElectricGuitar(muted)-gs3-fulldim7_inv3
OrchestralHarp-d3-fulldim7_inv2,OrchestralHarp-gs3-fulldim7_inv0
SynthStrings2-fs3-fulldim7_inv2,SynthStrings2-a3-fulldim7_inv1
SynthStrings2-fs3-fulldim7_inv2,SynthStrings2-ds3-fulldim7_inv3
Lead8(bass+lead)-g3-fulldim7_inv1,Lead8(bass+lead)-cs3-fulldim7_inv3
SlapBass2-cs4-fulldim7_inv0,SlapBass2-e3-fulldim7_inv3
EnglishHorn-gs3-fulldim7_inv1,EnglishHorn-d3-fulldim7_inv3
EnglishHorn-gs3-fulldim7_inv1,EnglishHorn-f3-fulldim7_inv2
Lead5(charang)-d4-fulldim7_inv0,Lead5(charang)-f3-fulldim7_inv3
Banjo-ds3-fulldim7_inv3,Banjo-c4-fulldim7_inv0
SynthBass2-ds3-fulldim7_inv3,SynthBass2-fs3-fulldim7_inv2
SynthBass2-ds3-fulldim7_inv3,SynthBass2-c4-fulldim7_inv0
Pad1(newage)-d3-fulldim7_inv2,Pad1(newage)-f3-fulldim7_inv1
Pad5(bowed)-gs3-fulldim7_inv1,Pad5(bowed)-b3-fulldim7_inv0
ElectricPiano2-f3-fulldim7_inv1,ElectricPiano2-d3-fulldim7_inv2
Bagpipe-a3-fulldim7_inv1,Bagpipe-ds3-fulldim7_inv3
ElectricGrandPiano-gs3-fulldim7_inv0,ElectricGrandPiano-f3-fulldim7_inv1
AcousticGuitar(steel)-ds4-fulldim7_inv0,AcousticGuitar(steel)-fs3-fulldim7_inv3
AcousticGuitar(steel)-ds4-fulldim7_inv0,AcousticGuitar(steel)-c4-fulldim7_inv1
AcousticGuitar(steel)-ds4-fulldim7_inv0,AcousticGuitar(steel)-a3-fulldim7_inv2
BaritoneSax-g3-fulldim7_inv2,BaritoneSax-e3-fulldim7_inv3
Piccolo-b3-fulldim7_inv1,Piccolo-d4-fulldim7_inv0
Piccolo-b3-fulldim7_inv1,Piccolo-gs3-fulldim7_inv2
ElectricPiano1-ds3-fulldim7_inv3,ElectricPiano1-a3-fulldim7_inv1
Piccolo-e3-fulldim7_inv3,Piccolo-cs4-fulldim7_inv0
Clarinet-as3-fulldim7_inv2,Clarinet-g3-fulldim7_inv3
Dulcimer-as3-fulldim7_inv0,Dulcimer-e3-fulldim7_inv2
Dulcimer-as3-fulldim7_inv0,Dulcimer-g3-fulldim7_inv1
SopranoSax-ds3-fulldim7_inv3,SopranoSax-c4-fulldim7_inv0
SopranoSax-ds3-fulldim7_inv3,SopranoSax-a3-fulldim7_inv1
ElectricPiano1-ds3-fulldim7_inv2,ElectricPiano1-a3-fulldim7_inv0
ReedOrgan-d4-fulldim7_inv0,ReedOrgan-f3-fulldim7_inv3
Pad4(choir)-ds4-fulldim7_inv0,Pad4(choir)-fs3-fulldim7_inv3
Pad4(choir)-ds4-fulldim7_inv0,Pad4(choir)-c4-fulldim7_inv1
Pad2(warm)-f3-fulldim7_inv3,Pad2(warm)-d4-fulldim7_inv0
Pad2(warm)-f3-fulldim7_inv3,Pad2(warm)-gs3-fulldim7_inv2
Fiddle-cs3-fulldim7_inv2,Fiddle-g3-fulldim7_inv0
AltoSax-a3-fulldim7_inv1,AltoSax-c4-fulldim7_inv0
ElectricGuitar(clean)-as3-fulldim7_inv1,ElectricGuitar(clean)-g3-fulldim7_inv2
Xylophone-cs3-fulldim7_inv2,Xylophone-g3-fulldim7_inv0
Pad4(choir)-e3-fulldim7_inv3,Pad4(choir)-as3-fulldim7_inv1
Pad4(choir)-e3-fulldim7_inv3,Pad4(choir)-g3-fulldim7_inv2
SynthBrass1-gs3-fulldim7_inv1,SynthBrass1-b3-fulldim7_inv0
SynthBrass1-gs3-fulldim7_inv1,SynthBrass1-d3-fulldim7_inv3
AltoSax-cs3-fulldim7_inv3,AltoSax-e3-fulldim7_inv2
AltoSax-cs3-fulldim7_inv3,AltoSax-as3-fulldim7_inv0
Clarinet-ds3-fulldim7_inv3,Clarinet-a3-fulldim7_inv1
Tuba-a3-fulldim7_inv0,Tuba-c3-fulldim7_inv3
Tuba-a3-fulldim7_inv0,Tuba-fs3-fulldim7_inv1
SynthVoice-g3-fulldim7_inv1,SynthVoice-as3-fulldim7_inv0
SynthVoice-g3-fulldim7_inv1,SynthVoice-e3-fulldim7_inv2
BrassSection-fs3-fulldim7_inv0,BrassSection-ds3-fulldim7_inv1
OrchestralHarp-as3-fulldim7_inv2,OrchestralHarp-cs4-fulldim7_inv1
Clavinet-gs3-fulldim7_inv0,Clavinet-f3-fulldim7_inv1
ElectricGuitar(clean)-cs3-fulldim7_inv3,ElectricGuitar(clean)-e3-fulldim7_inv2
Pad8(sweep)-gs3-fulldim7_inv0,Pad8(sweep)-f3-fulldim7_inv1
DrawbarOrgan-gs3-fulldim7_inv3,DrawbarOrgan-d4-fulldim7_inv1
ChurchOrgan-d3-fulldim7_inv3,ChurchOrgan-gs3-fulldim7_inv1
Ocarina-b3-fulldim7_inv0,Ocarina-f3-fulldim7_inv2
Ocarina-b3-fulldim7_inv0,Ocarina-gs3-fulldim7_inv1
Ocarina-b3-fulldim7_inv0,Ocarina-d3-fulldim7_inv3
BlownBottle-a3-fulldim7_inv0,BlownBottle-c3-fulldim7_inv3
BlownBottle-a3-fulldim7_inv0,BlownBottle-fs3-fulldim7_inv1
TremoloStrings-g3-fulldim7_inv0,TremoloStrings-e3-fulldim7_inv1
StringEnsemble1-a3-fulldim7_inv2,StringEnsemble1-c4-fulldim7_inv1
Vibraphone-e3-fulldim7_inv3,Vibraphone-cs4-fulldim7_inv0
Recorder-f3-fulldim7_inv2,Recorder-d3-fulldim7_inv3
VoiceOohs-as3-fulldim7_inv1,VoiceOohs-e3-fulldim7_inv3
VoiceOohs-as3-fulldim7_inv1,VoiceOohs-g3-fulldim7_inv2
SynthBass1-cs3-fulldim7_inv2,SynthBass1-g3-fulldim7_inv0
AcousticGrandPiano-d4-fulldim7_inv0,AcousticGrandPiano-gs3-fulldim7_inv2
ElectricGuitar(clean)-a3-fulldim7_inv1,ElectricGuitar(clean)-ds3-fulldim7_inv3
Lead6(voice)-cs3-fulldim7_inv2,Lead6(voice)-g3-fulldim7_inv0
Lead6(voice)-cs3-fulldim7_inv2,Lead6(voice)-e3-fulldim7_inv1
Xylophone-cs4-fulldim7_inv0,Xylophone-as3-fulldim7_inv1
Pad4(choir)-as3-fulldim7_inv1,Pad4(choir)-g3-fulldim7_inv2
ElectricGuitar(muted)-e3-fulldim7_inv1,ElectricGuitar(muted)-g3-fulldim7_inv0
Lead2(sawtooth)-cs3-fulldim7_inv3,Lead2(sawtooth)-as3-fulldim7_inv0
Pad6(metallic)-cs4-fulldim7_inv1,Pad6(metallic)-as3-fulldim7_inv2
Pad6(metallic)-cs4-fulldim7_inv1,Pad6(metallic)-e4-fulldim7_inv0
StringEnsemble2-b3-fulldim7_inv2,StringEnsemble2-d4-fulldim7_inv1
Clavinet-e4-fulldim7_inv0,Clavinet-g3-fulldim7_inv3
Marimba-fs3-fulldim7_inv2,Marimba-a3-fulldim7_inv1
Marimba-fs3-fulldim7_inv2,Marimba-ds3-fulldim7_inv3
MusicBox-g3-fulldim7_inv2,MusicBox-cs4-fulldim7_inv0
AcousticGuitar(steel)-fs3-fulldim7_inv3,AcousticGuitar(steel)-c4-fulldim7_inv1
AcousticGuitar(steel)-fs3-fulldim7_inv3,AcousticGuitar(steel)-a3-fulldim7_inv2
SynthBass2-cs3-fulldim7_inv3,SynthBass2-g3-fulldim7_inv1
SynthBass2-cs3-fulldim7_inv3,SynthBass2-as3-fulldim7_inv0
SynthBass2-cs3-fulldim7_inv3,SynthBass2-e3-fulldim7_inv2
ElectricGuitar(jazz)-f4-fulldim7_inv0,ElectricGuitar(jazz)-d4-fulldim7_inv1
Oboe-gs3-fulldim7_inv1,Oboe-b3-fulldim7_inv0
FrenchHorn-g3-fulldim7_inv2,FrenchHorn-as3-fulldim7_inv1
Bagpipe-as3-fulldim7_inv1,Bagpipe-e3-fulldim7_inv3
Bagpipe-as3-fulldim7_inv1,Bagpipe-g3-fulldim7_inv2
OverdrivenGuitar-a3-fulldim7_inv1,OverdrivenGuitar-ds3-fulldim7_inv3
Pad3(polysynth)-d4-fulldim7_inv0,Pad3(polysynth)-gs3-fulldim7_inv2
Pad1(newage)-a3-fulldim7_inv2,Pad1(newage)-ds4-fulldim7_inv0
FrenchHorn-g3-fulldim7_inv0,FrenchHorn-cs3-fulldim7_inv2
ElectricPiano1-e3-fulldim7_inv1,ElectricPiano1-g3-fulldim7_inv0
AcousticBass-g3-fulldim7_inv0,AcousticBass-e3-fulldim7_inv1
SynthBrass2-as3-fulldim7_inv2,SynthBrass2-g3-fulldim7_inv3
Pad3(polysynth)-as3-fulldim7_inv1,Pad3(polysynth)-g3-fulldim7_inv2
Sitar-as3-fulldim7_inv0,Sitar-g3-fulldim7_inv1
BaritoneSax-b3-fulldim7_inv1,BaritoneSax-f3-fulldim7_inv3
BaritoneSax-b3-fulldim7_inv1,BaritoneSax-gs3-fulldim7_inv2
TremoloStrings-g3-fulldim7_inv2,TremoloStrings-e3-fulldim7_inv3
TremoloStrings-g3-fulldim7_inv2,TremoloStrings-cs4-fulldim7_inv0
Bagpipe-e3-fulldim7_inv3,Bagpipe-g3-fulldim7_inv2
Pad4(choir)-g3-fulldim7_inv1,Pad4(choir)-as3-fulldim7_inv0
Koto-d4-fulldim7_inv0,Koto-gs3-fulldim7_inv2
Koto-d4-fulldim7_inv0,Koto-f3-fulldim7_inv3
Cello-cs4-fulldim7_inv0,Cello-as3-fulldim7_inv1
BrightAcousticPiano-d3-fulldim7_inv2,BrightAcousticPiano-f3-fulldim7_inv1
BrightAcousticPiano-d3-fulldim7_inv2,BrightAcousticPiano-gs3-fulldim7_inv0
Lead4(chiff)-gs3-fulldim7_inv2,Lead4(chiff)-d4-fulldim7_inv0
Pad8(sweep)-gs3-fulldim7_inv1,Pad8(sweep)-b3-fulldim7_inv0
Lead1(square)-cs3-fulldim7_inv2,Lead1(square)-e3-fulldim7_inv1
ElectricPiano2-d4-fulldim7_inv0,ElectricPiano2-b3-fulldim7_inv1
OverdrivenGuitar-b3-fulldim7_inv0,OverdrivenGuitar-gs3-fulldim7_inv1
Lead4(chiff)-c4-fulldim7_inv0,Lead4(chiff)-ds3-fulldim7_inv3
Lead4(chiff)-c4-fulldim7_inv0,Lead4(chiff)-a3-fulldim7_inv1
BaritoneSax-c3-fulldim7_inv3,BaritoneSax-ds3-fulldim7_inv2
SynthBass2-g3-fulldim7_inv1,SynthBass2-as3-fulldim7_inv0
SynthBass2-g3-fulldim7_inv1,SynthBass2-e3-fulldim7_inv2
Lead2(sawtooth)-a3-fulldim7_inv1,Lead2(sawtooth)-fs3-fulldim7_inv2
Flute-g3-fulldim7_inv2,Flute-cs4-fulldim7_inv0
Sitar-ds3-fulldim7_inv1,Sitar-fs3-fulldim7_inv0
Shanai-ds3-fulldim7_inv2,Shanai-c3-fulldim7_inv3
PizzicatoStrings-fs3-fulldim7_inv3,PizzicatoStrings-ds4-fulldim7_inv0
PercussiveOrgan-ds3-fulldim7_inv2,PercussiveOrgan-c3-fulldim7_inv3
Trombone-f4-fulldim7_inv0,Trombone-gs3-fulldim7_inv3
Trombone-f4-fulldim7_inv0,Trombone-b3-fulldim7_inv2
Trombone-f4-fulldim7_inv0,Trombone-d4-fulldim7_inv1
Trombone-gs3-fulldim7_inv3,Trombone-b3-fulldim7_inv2
Trombone-gs3-fulldim7_inv3,Trombone-d4-fulldim7_inv1
Clavinet-b3-fulldim7_inv0,Clavinet-f3-fulldim7_inv2
DistortionGuitar-cs4-fulldim7_inv0,DistortionGuitar-g3-fulldim7_inv2
Honky-tonkPiano-a3-fulldim7_inv2,Honky-tonkPiano-ds4-fulldim7_inv0
DrawbarOrgan-f3-fulldim7_inv1,DrawbarOrgan-d3-fulldim7_inv2
ChurchOrgan-e3-fulldim7_inv3,ChurchOrgan-g3-fulldim7_inv2
Trombone-b3-fulldim7_inv2,Trombone-d4-fulldim7_inv1
BaritoneSax-fs3-fulldim7_inv3,BaritoneSax-ds4-fulldim7_inv0
VoiceOohs-d4-fulldim7_inv1,VoiceOohs-f4-fulldim7_inv0
VoiceOohs-d4-fulldim7_inv1,VoiceOohs-gs3-fulldim7_inv3
SynthStrings1-a3-fulldim7_inv2,SynthStrings1-fs3-fulldim7_inv3
Lead2(sawtooth)-cs3-fulldim7_inv2,Lead2(sawtooth)-e3-fulldim7_inv1
ElectricGuitar(jazz)-e3-fulldim7_inv1,ElectricGuitar(jazz)-cs3-fulldim7_inv2
PanFlute-c4-fulldim7_inv0,PanFlute-fs3-fulldim7_inv2
PanFlute-c4-fulldim7_inv0,PanFlute-a3-fulldim7_inv1
Pad1(newage)-c4-fulldim7_inv0,Pad1(newage)-fs3-fulldim7_inv2
Pad1(newage)-c4-fulldim7_inv0,Pad1(newage)-a3-fulldim7_inv1
AltoSax-c3-fulldim7_inv2,AltoSax-fs3-fulldim7_inv0
ChoirAahs-d3-fulldim7_inv2,ChoirAahs-f3-fulldim7_inv1
Lead5(charang)-cs4-fulldim7_inv0,Lead5(charang)-e3-fulldim7_inv3
Lead5(charang)-cs4-fulldim7_inv0,Lead5(charang)-as3-fulldim7_inv1
SynthBass1-a3-fulldim7_inv1,SynthBass1-c4-fulldim7_inv0
SynthBass1-a3-fulldim7_inv1,SynthBass1-ds3-fulldim7_inv3
Pad3(polysynth)-e4-fulldim7_inv0,Pad3(polysynth)-g3-fulldim7_inv3
Pad3(polysynth)-e4-fulldim7_inv0,Pad3(polysynth)-cs4-fulldim7_inv1
Banjo-fs3-fulldim7_inv1,Banjo-c3-fulldim7_inv3
Banjo-fs3-fulldim7_inv1,Banjo-ds3-fulldim7_inv2
Dulcimer-gs3-fulldim7_inv1,Dulcimer-d3-fulldim7_inv3
SynthBrass1-fs3-fulldim7_inv1,SynthBrass1-ds3-fulldim7_inv2
Pad2(warm)-d4-fulldim7_inv0,Pad2(warm)-gs3-fulldim7_inv2
Pad6(metallic)-f3-fulldim7_inv2,Pad6(metallic)-b3-fulldim7_inv0
Pad6(metallic)-f3-fulldim7_inv2,Pad6(metallic)-d3-fulldim7_inv3
PizzicatoStrings-gs3-fulldim7_inv2,PizzicatoStrings-d4-fulldim7_inv0
Pad6(metallic)-f4-fulldim7_inv0,Pad6(metallic)-d4-fulldim7_inv1
Xylophone-b3-fulldim7_inv2,Xylophone-f4-fulldim7_inv0
ElectricGuitar(muted)-gs3-fulldim7_inv1,ElectricGuitar(muted)-b3-fulldim7_inv0
Lead6(voice)-fs3-fulldim7_inv0,Lead6(voice)-c3-fulldim7_inv2
Trombone-gs3-fulldim7_inv2,Trombone-d4-fulldim7_inv0
Dulcimer-e3-fulldim7_inv2,Dulcimer-g3-fulldim7_inv1
PanFlute-b3-fulldim7_inv2,PanFlute-gs3-fulldim7_inv3
Lead6(voice)-g3-fulldim7_inv0,Lead6(voice)-e3-fulldim7_inv1
AcousticGuitar(steel)-as3-fulldim7_inv1,AcousticGuitar(steel)-g3-fulldim7_inv2
Dulcimer-a3-fulldim7_inv2,Dulcimer-fs3-fulldim7_inv3
Marimba-a3-fulldim7_inv1,Marimba-ds3-fulldim7_inv3
Xylophone-b3-fulldim7_inv1,Xylophone-d4-fulldim7_inv0
Oboe-c3-fulldim7_inv2,Oboe-fs3-fulldim7_inv0
MutedTrumpet-e3-fulldim7_inv1,MutedTrumpet-cs3-fulldim7_inv2
MutedTrumpet-e3-fulldim7_inv1,MutedTrumpet-g3-fulldim7_inv0
Trombone-e3-fulldim7_inv2,Trombone-cs3-fulldim7_inv3
DistortionGuitar-as3-fulldim7_inv2,DistortionGuitar-cs4-fulldim7_inv1
Banjo-g3-fulldim7_inv2,Banjo-as3-fulldim7_inv1
FrenchHorn-ds3-fulldim7_inv1,FrenchHorn-fs3-fulldim7_inv0
ReedOrgan-e4-fulldim7_inv0,ReedOrgan-cs4-fulldim7_inv1
Clarinet-f3-fulldim7_inv3,Clarinet-gs3-fulldim7_inv2
StringEnsemble1-as3-fulldim7_inv1,StringEnsemble1-cs4-fulldim7_inv0
StringEnsemble1-as3-fulldim7_inv1,StringEnsemble1-g3-fulldim7_inv2
RockOrgan-fs3-fulldim7_inv0,RockOrgan-ds3-fulldim7_inv1
SynthBass2-as3-fulldim7_inv0,SynthBass2-e3-fulldim7_inv2
BrightAcousticPiano-f3-fulldim7_inv1,BrightAcousticPiano-gs3-fulldim7_inv0
TremoloStrings-ds3-fulldim7_inv2,TremoloStrings-c3-fulldim7_inv3
TremoloStrings-ds3-fulldim7_inv2,TremoloStrings-fs3-fulldim7_inv1
TenorSax-a3-fulldim7_inv0,TenorSax-c3-fulldim7_inv3
ElectricGuitar(clean)-ds4-fulldim7_inv0,ElectricGuitar(clean)-c4-fulldim7_inv1
ElectricBass(finger)-g3-fulldim7_inv3,ElectricBass(finger)-as3-fulldim7_inv2
SlapBass1-gs3-fulldim7_inv0,SlapBass1-d3-fulldim7_inv2
TremoloStrings-e3-fulldim7_inv3,TremoloStrings-cs4-fulldim7_inv0
EnglishHorn-d3-fulldim7_inv3,EnglishHorn-f3-fulldim7_inv2
Violin-fs3-fulldim7_inv1,Violin-a3-fulldim7_inv0
Violin-fs3-fulldim7_inv1,Violin-ds3-fulldim7_inv2
AcousticGuitar(nylon)-c4-fulldim7_inv1,AcousticGuitar(nylon)-ds4-fulldim7_inv0
ElectricPiano1-g3-fulldim7_inv3,ElectricPiano1-cs4-fulldim7_inv1
PanFlute-ds3-fulldim7_inv1,PanFlute-fs3-fulldim7_inv0
Contrabass-gs3-fulldim7_inv0,Contrabass-d3-fulldim7_inv2
Shamisen-c4-fulldim7_inv1,Shamisen-fs3-fulldim7_inv3
PanFlute-g3-fulldim7_inv1,PanFlute-as3-fulldim7_inv0
PanFlute-g3-fulldim7_inv1,PanFlute-cs3-fulldim7_inv3
Lead3(calliope)-e4-fulldim7_inv0,Lead3(calliope)-g3-fulldim7_inv3
Lead3(calliope)-e4-fulldim7_inv0,Lead3(calliope)-cs4-fulldim7_inv1
Lead3(calliope)-e4-fulldim7_inv0,Lead3(calliope)-as3-fulldim7_inv2
Pad6(metallic)-as3-fulldim7_inv2,Pad6(metallic)-e4-fulldim7_inv0
Marimba-as3-fulldim7_inv2,Marimba-cs4-fulldim7_inv1
Violin-as3-fulldim7_inv0,Violin-g3-fulldim7_inv1
Violin-as3-fulldim7_inv0,Violin-cs3-fulldim7_inv3
DistortionGuitar-b3-fulldim7_inv1,DistortionGuitar-gs3-fulldim7_inv2
DistortionGuitar-b3-fulldim7_inv1,DistortionGuitar-f3-fulldim7_inv3
AcousticGuitar(steel)-cs4-fulldim7_inv1,AcousticGuitar(steel)-as3-fulldim7_inv2
AcousticGuitar(steel)-cs4-fulldim7_inv1,AcousticGuitar(steel)-g3-fulldim7_inv3
AcousticGuitar(steel)-cs4-fulldim7_inv1,AcousticGuitar(steel)-e4-fulldim7_inv0
Pad7(halo)-fs3-fulldim7_inv1,Pad7(halo)-c3-fulldim7_inv3
BlownBottle-f3-fulldim7_inv1,BlownBottle-gs3-fulldim7_inv0
Piccolo-d4-fulldim7_inv0,Piccolo-gs3-fulldim7_inv2
VoiceOohs-e3-fulldim7_inv3,VoiceOohs-g3-fulldim7_inv2
Lead3(calliope)-a3-fulldim7_inv0,Lead3(calliope)-fs3-fulldim7_inv1
Lead3(calliope)-a3-fulldim7_inv0,Lead3(calliope)-c3-fulldim7_inv3
Pad2(warm)-g3-fulldim7_inv3,Pad2(warm)-as3-fulldim7_inv2
Pad2(warm)-g3-fulldim7_inv3,Pad2(warm)-e4-fulldim7_inv0
StringEnsemble1-cs4-fulldim7_inv0,StringEnsemble1-g3-fulldim7_inv2
SlapBass1-d4-fulldim7_inv1,SlapBass1-b3-fulldim7_inv2
SlapBass1-d4-fulldim7_inv1,SlapBass1-f4-fulldim7_inv0
SynthBrass2-fs3-fulldim7_inv0,SynthBrass2-c3-fulldim7_inv2
BaritoneSax-f3-fulldim7_inv3,BaritoneSax-gs3-fulldim7_inv2
Clarinet-f3-fulldim7_inv2,Clarinet-d3-fulldim7_inv3
Contrabass-cs3-fulldim7_inv2,Contrabass-g3-fulldim7_inv0
SynthVoice-as3-fulldim7_inv1,SynthVoice-e3-fulldim7_inv3
ReedOrgan-a3-fulldim7_inv0,ReedOrgan-c3-fulldim7_inv3
Lead2(sawtooth)-c3-fulldim7_inv2,Lead2(sawtooth)-ds3-fulldim7_inv1
Lead2(sawtooth)-c3-fulldim7_inv2,Lead2(sawtooth)-fs3-fulldim7_inv0
Pad6(metallic)-a3-fulldim7_inv1,Pad6(metallic)-c4-fulldim7_inv0
Violin-ds3-fulldim7_inv3,Violin-c4-fulldim7_inv0
OrchestralHarp-c3-fulldim7_inv2,OrchestralHarp-fs3-fulldim7_inv0
OrchestralHarp-c3-fulldim7_inv2,OrchestralHarp-ds3-fulldim7_inv1
SlapBass1-cs3-fulldim7_inv3,SlapBass1-e3-fulldim7_inv2
Pad4(choir)-a3-fulldim7_inv1,Pad4(choir)-fs3-fulldim7_inv2
Pad4(choir)-a3-fulldim7_inv1,Pad4(choir)-ds3-fulldim7_inv3
Ocarina-c3-fulldim7_inv3,Ocarina-ds3-fulldim7_inv2
Lead4(chiff)-as3-fulldim7_inv0,Lead4(chiff)-cs3-fulldim7_inv3
Lead4(chiff)-as3-fulldim7_inv0,Lead4(chiff)-g3-fulldim7_inv1
DistortionGuitar-fs3-fulldim7_inv3,DistortionGuitar-a3-fulldim7_inv2
DistortionGuitar-fs3-fulldim7_inv3,DistortionGuitar-c4-fulldim7_inv1
Pad1(newage)-g3-fulldim7_inv1,Pad1(newage)-as3-fulldim7_inv0
SynthVoice-e4-fulldim7_inv0,SynthVoice-g3-fulldim7_inv3
Vibraphone-b3-fulldim7_inv1,Vibraphone-gs3-fulldim7_inv2
Vibraphone-b3-fulldim7_inv1,Vibraphone-f3-fulldim7_inv3
Honky-tonkPiano-d3-fulldim7_inv3,Honky-tonkPiano-b3-fulldim7_inv0
ChurchOrgan-ds3-fulldim7_inv1,ChurchOrgan-fs3-fulldim7_inv0
FrenchHorn-g3-fulldim7_inv1,FrenchHorn-e3-fulldim7_inv2
ChoirAahs-f4-fulldim7_inv0,ChoirAahs-gs3-fulldim7_inv3
Recorder-gs3-fulldim7_inv2,Recorder-b3-fulldim7_inv1
Recorder-gs3-fulldim7_inv2,Recorder-d4-fulldim7_inv0
FretlessBass-a3-fulldim7_inv1,FretlessBass-ds3-fulldim7_inv3
SopranoSax-c4-fulldim7_inv0,SopranoSax-a3-fulldim7_inv1
ReedOrgan-gs3-fulldim7_inv0,ReedOrgan-d3-fulldim7_inv2
ReedOrgan-gs3-fulldim7_inv0,ReedOrgan-f3-fulldim7_inv1
StringEnsemble1-a3-fulldim7_inv1,StringEnsemble1-fs3-fulldim7_inv2
StringEnsemble1-a3-fulldim7_inv1,StringEnsemble1-ds3-fulldim7_inv3
AcousticGuitar(steel)-a3-fulldim7_inv0,AcousticGuitar(steel)-c3-fulldim7_inv3
AcousticGuitar(steel)-a3-fulldim7_inv0,AcousticGuitar(steel)-ds3-fulldim7_inv2
SlapBass1-fs3-fulldim7_inv3,SlapBass1-ds4-fulldim7_inv0
SynthStrings2-as3-fulldim7_inv2,SynthStrings2-e4-fulldim7_inv0
StringEnsemble2-cs3-fulldim7_inv2,StringEnsemble2-e3-fulldim7_inv1
StringEnsemble2-cs3-fulldim7_inv2,StringEnsemble2-g3-fulldim7_inv0
SlapBass1-b3-fulldim7_inv2,SlapBass1-f4-fulldim7_inv0
SynthBass2-as3-fulldim7_inv2,SynthBass2-e4-fulldim7_inv0
ElectricGuitar(clean)-d3-fulldim7_inv3,ElectricGuitar(clean)-b3-fulldim7_inv0
ElectricGuitar(clean)-d3-fulldim7_inv3,ElectricGuitar(clean)-f3-fulldim7_inv2
ElectricGuitar(clean)-d3-fulldim7_inv3,ElectricGuitar(clean)-gs3-fulldim7_inv1
Recorder-cs4-fulldim7_inv1,Recorder-e4-fulldim7_inv0
SynthBrass2-fs3-fulldim7_inv2,SynthBrass2-a3-fulldim7_inv1
SynthStrings1-b3-fulldim7_inv1,SynthStrings1-gs3-fulldim7_inv2
SynthStrings1-b3-fulldim7_inv1,SynthStrings1-d4-fulldim7_inv0
SynthStrings1-b3-fulldim7_inv1,SynthStrings1-f3-fulldim7_inv3
Flute-gs3-fulldim7_inv0,Flute-f3-fulldim7_inv1
Lead1(square)-ds3-fulldim7_inv3,Lead1(square)-a3-fulldim7_inv1
Lead1(square)-ds3-fulldim7_inv3,Lead1(square)-fs3-fulldim7_inv2
Lead5(charang)-g3-fulldim7_inv0,Lead5(charang)-cs3-fulldim7_inv2
Vibraphone-ds4-fulldim7_inv0,Vibraphone-fs3-fulldim7_inv3
FretlessBass-e3-fulldim7_inv3,FretlessBass-g3-fulldim7_inv2
SynthBass1-c4-fulldim7_inv0,SynthBass1-ds3-fulldim7_inv3
Flute-b3-fulldim7_inv2,Flute-gs3-fulldim7_inv3
ElectricGrandPiano-as3-fulldim7_inv2,ElectricGrandPiano-g3-fulldim7_inv3
OverdrivenGuitar-d3-fulldim7_inv2,OverdrivenGuitar-gs3-fulldim7_inv0
Koto-g3-fulldim7_inv3,Koto-e4-fulldim7_inv0
Koto-g3-fulldim7_inv3,Koto-as3-fulldim7_inv2
PercussiveOrgan-fs3-fulldim7_inv2,PercussiveOrgan-ds3-fulldim7_inv3
PercussiveOrgan-fs3-fulldim7_inv2,PercussiveOrgan-a3-fulldim7_inv1
StringEnsemble2-e3-fulldim7_inv1,StringEnsemble2-g3-fulldim7_inv0
Pad1(newage)-fs3-fulldim7_inv2,Pad1(newage)-a3-fulldim7_inv1
Lead5(charang)-as3-fulldim7_inv2,Lead5(charang)-cs4-fulldim7_inv1
Pad3(polysynth)-g3-fulldim7_inv3,Pad3(polysynth)-cs4-fulldim7_inv1
Koto-b3-fulldim7_inv0,Koto-d3-fulldim7_inv3
Shanai-g3-fulldim7_inv3,Shanai-e4-fulldim7_inv0
Shanai-g3-fulldim7_inv3,Shanai-as3-fulldim7_inv2
Lead4(chiff)-cs3-fulldim7_inv3,Lead4(chiff)-g3-fulldim7_inv1
Tuba-c3-fulldim7_inv3,Tuba-fs3-fulldim7_inv1
ElectricPiano2-g3-fulldim7_inv3,ElectricPiano2-cs4-fulldim7_inv1
ElectricPiano2-g3-fulldim7_inv3,ElectricPiano2-as3-fulldim7_inv2
ElectricPiano2-g3-fulldim7_inv3,ElectricPiano2-e4-fulldim7_inv0
OrchestralHarp-e3-fulldim7_inv1,OrchestralHarp-g3-fulldim7_inv0
OrchestralHarp-e3-fulldim7_inv1,OrchestralHarp-cs3-fulldim7_inv2
Pad2(warm)-d3-fulldim7_inv3,Pad2(warm)-b3-fulldim7_inv0
Pad2(warm)-d3-fulldim7_inv3,Pad2(warm)-gs3-fulldim7_inv1
AcousticGrandPiano-a3-fulldim7_inv1,AcousticGrandPiano-ds3-fulldim7_inv3
AcousticGrandPiano-a3-fulldim7_inv1,AcousticGrandPiano-fs3-fulldim7_inv2
AcousticGrandPiano-a3-fulldim7_inv1,AcousticGrandPiano-c4-fulldim7_inv0
SlapBass2-fs3-fulldim7_inv2,SlapBass2-ds3-fulldim7_inv3
Harpsichord-cs3-fulldim7_inv3,Harpsichord-e3-fulldim7_inv2
ElectricPiano1-d3-fulldim7_inv2,ElectricPiano1-f3-fulldim7_inv1
SynthStrings2-a3-fulldim7_inv1,SynthStrings2-ds3-fulldim7_inv3
FretlessBass-f3-fulldim7_inv3,FretlessBass-d4-fulldim7_inv0
FretlessBass-f3-fulldim7_inv3,FretlessBass-gs3-fulldim7_inv2
SynthBrass1-as3-fulldim7_inv1,SynthBrass1-g3-fulldim7_inv2
Marimba-d4-fulldim7_inv0,Marimba-b3-fulldim7_inv1
Fiddle-g3-fulldim7_inv1,Fiddle-as3-fulldim7_inv0
TenorSax-d4-fulldim7_inv0,TenorSax-f3-fulldim7_inv3
ChoirAahs-fs3-fulldim7_inv0,ChoirAahs-ds3-fulldim7_inv1
SlapBass1-as3-fulldim7_inv1,SlapBass1-e3-fulldim7_inv3
DistortionGuitar-c4-fulldim7_inv0,DistortionGuitar-fs3-fulldim7_inv2
DistortionGuitar-c4-fulldim7_inv0,DistortionGuitar-a3-fulldim7_inv1
Pad4(choir)-f3-fulldim7_inv3,Pad4(choir)-d4-fulldim7_inv0
SynthBass2-c3-fulldim7_inv3,SynthBass2-ds3-fulldim7_inv2
PizzicatoStrings-gs3-fulldim7_inv0,PizzicatoStrings-f3-fulldim7_inv1
ElectricGrandPiano-cs3-fulldim7_inv3,ElectricGrandPiano-as3-fulldim7_inv0
DistortionGuitar-a3-fulldim7_inv2,DistortionGuitar-c4-fulldim7_inv1
Bagpipe-d4-fulldim7_inv1,Bagpipe-f4-fulldim7_inv0
Bagpipe-d4-fulldim7_inv1,Bagpipe-gs3-fulldim7_inv3
Cello-d4-fulldim7_inv0,Cello-gs3-fulldim7_inv2
BrassSection-b3-fulldim7_inv1,BrassSection-f3-fulldim7_inv3
Koto-e4-fulldim7_inv0,Koto-as3-fulldim7_inv2
Bagpipe-f4-fulldim7_inv0,Bagpipe-gs3-fulldim7_inv3
Shanai-e3-fulldim7_inv2,Shanai-as3-fulldim7_inv0
StringEnsemble1-fs3-fulldim7_inv2,StringEnsemble1-ds3-fulldim7_inv3
DistortionGuitar-gs3-fulldim7_inv3,DistortionGuitar-d4-fulldim7_inv1
DistortionGuitar-gs3-fulldim7_inv3,DistortionGuitar-f4-fulldim7_inv0
StringEnsemble2-d4-fulldim7_inv0,StringEnsemble2-f3-fulldim7_inv3
FretlessBass-d4-fulldim7_inv0,FretlessBass-gs3-fulldim7_inv2
BrightAcousticPiano-gs3-fulldim7_inv3,BrightAcousticPiano-f4-fulldim7_inv0
BrightAcousticPiano-gs3-fulldim7_inv3,BrightAcousticPiano-d4-fulldim7_inv1
DistortionGuitar-gs3-fulldim7_inv2,DistortionGuitar-f3-fulldim7_inv3
BlownBottle-a3-fulldim7_inv2,BlownBottle-fs3-fulldim7_inv3
EnglishHorn-g3-fulldim7_inv3,EnglishHorn-e4-fulldim7_inv0
ElectricGuitar(clean)-gs3-fulldim7_inv0,ElectricGuitar(clean)-d3-fulldim7_inv2
ElectricPiano2-cs4-fulldim7_inv1,ElectricPiano2-as3-fulldim7_inv2
ElectricPiano2-cs4-fulldim7_inv1,ElectricPiano2-e4-fulldim7_inv0
AcousticGrandPiano-gs3-fulldim7_inv0,AcousticGrandPiano-f3-fulldim7_inv1
Pad5(bowed)-b3-fulldim7_inv1,Pad5(bowed)-gs3-fulldim7_inv2
Lead2(sawtooth)-ds3-fulldim7_inv1,Lead2(sawtooth)-fs3-fulldim7_inv0
Cello-e4-fulldim7_inv0,Cello-g3-fulldim7_inv3
AcousticGuitar(steel)-fs3-fulldim7_inv0,AcousticGuitar(steel)-ds3-fulldim7_inv1
ElectricGuitar(clean)-f4-fulldim7_inv0,ElectricGuitar(clean)-gs3-fulldim7_inv3
Pad8(sweep)-e4-fulldim7_inv0,Pad8(sweep)-g3-fulldim7_inv3
Honky-tonkPiano-cs3-fulldim7_inv3,Honky-tonkPiano-e3-fulldim7_inv2
Xylophone-ds3-fulldim7_inv3,Xylophone-c4-fulldim7_inv0
Contrabass-b3-fulldim7_inv1,Contrabass-gs3-fulldim7_inv2
Viola-gs3-fulldim7_inv0,Viola-f3-fulldim7_inv1
MusicBox-c3-fulldim7_inv2,MusicBox-ds3-fulldim7_inv1
MusicBox-c3-fulldim7_inv2,MusicBox-fs3-fulldim7_inv0
Koto-as3-fulldim7_inv0,Koto-cs3-fulldim7_inv3
Lead4(chiff)-ds3-fulldim7_inv3,Lead4(chiff)-a3-fulldim7_inv1
MutedTrumpet-fs3-fulldim7_inv2,MutedTrumpet-c4-fulldim7_inv0
MusicBox-cs4-fulldim7_inv1,MusicBox-as3-fulldim7_inv2
MusicBox-cs4-fulldim7_inv1,MusicBox-g3-fulldim7_inv3
AcousticGuitar(nylon)-c3-fulldim7_inv2,AcousticGuitar(nylon)-ds3-fulldim7_inv1
Clarinet-d3-fulldim7_inv2,Clarinet-f3-fulldim7_inv1
Viola-cs3-fulldim7_inv2,Viola-e3-fulldim7_inv1
EnglishHorn-ds3-fulldim7_inv3,EnglishHorn-fs3-fulldim7_inv2
Contrabass-cs3-fulldim7_inv3,Contrabass-g3-fulldim7_inv1
Contrabass-cs3-fulldim7_inv3,Contrabass-as3-fulldim7_inv0
Contrabass-cs3-fulldim7_inv3,Contrabass-e3-fulldim7_inv2
Recorder-b3-fulldim7_inv1,Recorder-d4-fulldim7_inv0
Ocarina-c4-fulldim7_inv0,Ocarina-fs3-fulldim7_inv2
OverdrivenGuitar-fs3-fulldim7_inv1,OverdrivenGuitar-ds3-fulldim7_inv2
RockOrgan-b3-fulldim7_inv2,RockOrgan-f4-fulldim7_inv0
RockOrgan-b3-fulldim7_inv2,RockOrgan-gs3-fulldim7_inv3
Lead4(chiff)-f3-fulldim7_inv1,Lead4(chiff)-d3-fulldim7_inv2
SynthBrass1-g3-fulldim7_inv1,SynthBrass1-e3-fulldim7_inv2
Pad4(choir)-fs3-fulldim7_inv3,Pad4(choir)-c4-fulldim7_inv1
PizzicatoStrings-d4-fulldim7_inv1,PizzicatoStrings-gs3-fulldim7_inv3
Pad4(choir)-fs3-fulldim7_inv2,Pad4(choir)-ds3-fulldim7_inv3
ElectricGuitar(muted)-cs4-fulldim7_inv1,ElectricGuitar(muted)-e4-fulldim7_inv0
ElectricBass(finger)-d3-fulldim7_inv2,ElectricBass(finger)-f3-fulldim7_inv1
Fiddle-cs4-fulldim7_inv0,Fiddle-e3-fulldim7_inv3
AltoSax-f3-fulldim7_inv2,AltoSax-d3-fulldim7_inv3
AltoSax-f3-fulldim7_inv2,AltoSax-gs3-fulldim7_inv1
MusicBox-as3-fulldim7_inv2,MusicBox-g3-fulldim7_inv3
ElectricBass(finger)-g3-fulldim7_inv2,ElectricBass(finger)-as3-fulldim7_inv1
BlownBottle-e3-fulldim7_inv2,BlownBottle-cs3-fulldim7_inv3
Lead8(bass+lead)-ds3-fulldim7_inv3,Lead8(bass+lead)-fs3-fulldim7_inv2
TremoloStrings-gs3-fulldim7_inv3,TremoloStrings-b3-fulldim7_inv2
Trumpet-as3-fulldim7_inv1,Trumpet-e3-fulldim7_inv3
Banjo-gs3-fulldim7_inv3,Banjo-b3-fulldim7_inv2
Tuba-d4-fulldim7_inv0,Tuba-gs3-fulldim7_inv2
Tuba-b3-fulldim7_inv0,Tuba-gs3-fulldim7_inv1
AltoSax-e3-fulldim7_inv2,AltoSax-as3-fulldim7_inv0
Dulcimer-a3-fulldim7_inv1,Dulcimer-ds3-fulldim7_inv3
Cello-cs3-fulldim7_inv2,Cello-e3-fulldim7_inv1
Cello-cs3-fulldim7_inv2,Cello-g3-fulldim7_inv0
Viola-ds3-fulldim7_inv2,Viola-fs3-fulldim7_inv1
Bassoon-e4-fulldim7_inv0,Bassoon-g3-fulldim7_inv3
Bassoon-e4-fulldim7_inv0,Bassoon-cs4-fulldim7_inv1
Fiddle-g3-fulldim7_inv3,Fiddle-e4-fulldim7_inv0
Bassoon-f3-fulldim7_inv3,Bassoon-d4-fulldim7_inv0
Koto-gs3-fulldim7_inv2,Koto-f3-fulldim7_inv3
Contrabass-g3-fulldim7_inv1,Contrabass-as3-fulldim7_inv0
Contrabass-g3-fulldim7_inv1,Contrabass-e3-fulldim7_inv2
SlapBass1-fs3-fulldim7_inv2,SlapBass1-ds3-fulldim7_inv3
SynthVoice-f3-fulldim7_inv2,SynthVoice-gs3-fulldim7_inv1
AcousticGuitar(steel)-c3-fulldim7_inv3,AcousticGuitar(steel)-ds3-fulldim7_inv2
AcousticGrandPiano-ds3-fulldim7_inv3,AcousticGrandPiano-fs3-fulldim7_inv2
AcousticGrandPiano-ds3-fulldim7_inv3,AcousticGrandPiano-c4-fulldim7_inv0
AcousticGuitar(steel)-c4-fulldim7_inv1,AcousticGuitar(steel)-a3-fulldim7_inv2
StringEnsemble2-f3-fulldim7_inv1,StringEnsemble2-gs3-fulldim7_inv0
StringEnsemble2-f3-fulldim7_inv1,StringEnsemble2-d3-fulldim7_inv2
Lead3(calliope)-g3-fulldim7_inv3,Lead3(calliope)-cs4-fulldim7_inv1
Lead3(calliope)-g3-fulldim7_inv3,Lead3(calliope)-as3-fulldim7_inv2
ElectricPiano2-as3-fulldim7_inv2,ElectricPiano2-e4-fulldim7_inv0
ChoirAahs-d3-fulldim7_inv3,ChoirAahs-f3-fulldim7_inv2
Pad7(halo)-c4-fulldim7_inv1,Pad7(halo)-fs3-fulldim7_inv3
BrassSection-e3-fulldim7_inv1,BrassSection-g3-fulldim7_inv0
ChoirAahs-fs3-fulldim7_inv3,ChoirAahs-a3-fulldim7_inv2
SopranoSax-g3-fulldim7_inv2,SopranoSax-e3-fulldim7_inv3
TremoloStrings-c3-fulldim7_inv2,TremoloStrings-fs3-fulldim7_inv0
SynthBass2-gs3-fulldim7_inv1,SynthBass2-f3-fulldim7_inv2
Harpsichord-f4-fulldim7_inv0,Harpsichord-d4-fulldim7_inv1
Marimba-e3-fulldim7_inv2,Marimba-cs3-fulldim7_inv3
ElectricBass(pick)-as3-fulldim7_inv0,ElectricBass(pick)-g3-fulldim7_inv1
ElectricBass(pick)-as3-fulldim7_inv0,ElectricBass(pick)-e3-fulldim7_inv2
Lead6(voice)-ds3-fulldim7_inv3,Lead6(voice)-c4-fulldim7_inv0
Lead6(voice)-ds3-fulldim7_inv3,Lead6(voice)-a3-fulldim7_inv1
BrightAcousticPiano-ds3-fulldim7_inv2,BrightAcousticPiano-fs3-fulldim7_inv1
BrightAcousticPiano-ds3-fulldim7_inv2,BrightAcousticPiano-c3-fulldim7_inv3
SopranoSax-d4-fulldim7_inv1,SopranoSax-b3-fulldim7_inv2
Lead1(square)-gs3-fulldim7_inv2,Lead1(square)-d4-fulldim7_inv0
Banjo-as3-fulldim7_inv2,Banjo-cs4-fulldim7_inv1
Violin-a3-fulldim7_inv0,Violin-ds3-fulldim7_inv2
Violin-ds4-fulldim7_inv0,Violin-a3-fulldim7_inv2
AcousticGuitar(steel)-ds3-fulldim7_inv3,AcousticGuitar(steel)-c4-fulldim7_inv0
Dulcimer-d4-fulldim7_inv0,Dulcimer-b3-fulldim7_inv1
Dulcimer-d4-fulldim7_inv0,Dulcimer-gs3-fulldim7_inv2
Contrabass-as3-fulldim7_inv0,Contrabass-e3-fulldim7_inv2
RockOrgan-f4-fulldim7_inv0,RockOrgan-gs3-fulldim7_inv3
Harpsichord-e3-fulldim7_inv1,Harpsichord-cs3-fulldim7_inv2
Kalimba-gs3-fulldim7_inv0,Kalimba-d3-fulldim7_inv2
SynthBass2-fs3-fulldim7_inv2,SynthBass2-c4-fulldim7_inv0
ElectricGuitar(jazz)-e3-fulldim7_inv2,ElectricGuitar(jazz)-as3-fulldim7_inv0
Harpsichord-cs4-fulldim7_inv1,Harpsichord-e4-fulldim7_inv0
Harpsichord-cs4-fulldim7_inv1,Harpsichord-g3-fulldim7_inv3
Banjo-c3-fulldim7_inv3,Banjo-ds3-fulldim7_inv2
PercussiveOrgan-cs3-fulldim7_inv2,PercussiveOrgan-e3-fulldim7_inv1
SynthVoice-fs3-fulldim7_inv1,SynthVoice-c3-fulldim7_inv3
SynthBass1-d4-fulldim7_inv0,SynthBass1-f3-fulldim7_inv3
Banjo-e3-fulldim7_inv1,Banjo-g3-fulldim7_inv0
MutedTrumpet-c3-fulldim7_inv3,MutedTrumpet-fs3-fulldim7_inv1
MusicBox-ds3-fulldim7_inv1,MusicBox-fs3-fulldim7_inv0
Pad8(sweep)-ds3-fulldim7_inv3,Pad8(sweep)-fs3-fulldim7_inv2
ElectricBass(pick)-g3-fulldim7_inv1,ElectricBass(pick)-e3-fulldim7_inv2
SynthStrings2-as3-fulldim7_inv1,SynthStrings2-e3-fulldim7_inv3
Kalimba-gs3-fulldim7_inv2,Kalimba-f3-fulldim7_inv3
Kalimba-gs3-fulldim7_inv2,Kalimba-b3-fulldim7_inv1
Shanai-gs3-fulldim7_inv3,Shanai-d4-fulldim7_inv1
Shanai-gs3-fulldim7_inv3,Shanai-f4-fulldim7_inv0
Lead8(bass+lead)-f3-fulldim7_inv3,Lead8(bass+lead)-d4-fulldim7_inv0
AltoSax-d3-fulldim7_inv3,AltoSax-gs3-fulldim7_inv1
ElectricBass(finger)-a3-fulldim7_inv1,ElectricBass(finger)-fs3-fulldim7_inv2
ElectricBass(finger)-a3-fulldim7_inv1,ElectricBass(finger)-ds3-fulldim7_inv3
SynthStrings1-cs4-fulldim7_inv0,SynthStrings1-g3-fulldim7_inv2
SynthStrings1-cs4-fulldim7_inv0,SynthStrings1-e3-fulldim7_inv3
Banjo-d3-fulldim7_inv3,Banjo-gs3-fulldim7_inv1
BaritoneSax-ds3-fulldim7_inv3,BaritoneSax-fs3-fulldim7_inv2
Viola-ds3-fulldim7_inv3,Viola-c4-fulldim7_inv0
Pad6(metallic)-b3-fulldim7_inv0,Pad6(metallic)-d3-fulldim7_inv3
DrawbarOrgan-d3-fulldim7_inv3,DrawbarOrgan-f3-fulldim7_inv2
VoiceOohs-fs3-fulldim7_inv0,VoiceOohs-ds3-fulldim7_inv1
Piccolo-gs3-fulldim7_inv3,Piccolo-b3-fulldim7_inv2
Piccolo-gs3-fulldim7_inv3,Piccolo-f4-fulldim7_inv0
Harpsichord-d3-fulldim7_inv2,Harpsichord-f3-fulldim7_inv1
AcousticBass-e3-fulldim7_inv2,AcousticBass-cs3-fulldim7_inv3
SynthBass2-c4-fulldim7_inv1,SynthBass2-ds4-fulldim7_inv0
SynthBass2-c4-fulldim7_inv1,SynthBass2-fs3-fulldim7_inv3
DistortionGuitar-c3-fulldim7_inv3,DistortionGuitar-fs3-fulldim7_inv1
PanFlute-as3-fulldim7_inv0,PanFlute-cs3-fulldim7_inv3
BlownBottle-e4-fulldim7_inv0,BlownBottle-cs4-fulldim7_inv1
ReedOrgan-d3-fulldim7_inv2,ReedOrgan-f3-fulldim7_inv1
SynthStrings2-e3-fulldim7_inv2,SynthStrings2-cs3-fulldim7_inv3
Violin-g3-fulldim7_inv1,Violin-cs3-fulldim7_inv3
ElectricGuitar(clean)-gs3-fulldim7_inv2,ElectricGuitar(clean)-d4-fulldim7_inv0
AcousticGuitar(steel)-as3-fulldim7_inv2,AcousticGuitar(steel)-g3-fulldim7_inv3
AcousticGuitar(steel)-as3-fulldim7_inv2,AcousticGuitar(steel)-e4-fulldim7_inv0
ElectricBass(pick)-a3-fulldim7_inv2,ElectricBass(pick)-ds4-fulldim7_inv0
ElectricBass(pick)-gs3-fulldim7_inv0,ElectricBass(pick)-d3-fulldim7_inv2
ElectricBass(pick)-gs3-fulldim7_inv0,ElectricBass(pick)-f3-fulldim7_inv1
TenorSax-e3-fulldim7_inv3,TenorSax-cs4-fulldim7_inv0
Cello-e3-fulldim7_inv1,Cello-g3-fulldim7_inv0
Lead4(chiff)-as3-fulldim7_inv1,Lead4(chiff)-g3-fulldim7_inv2
Lead4(chiff)-as3-fulldim7_inv1,Lead4(chiff)-e3-fulldim7_inv3
BrightAcousticPiano-c3-fulldim7_inv2,BrightAcousticPiano-fs3-fulldim7_inv0
BrassSection-e4-fulldim7_inv0,BrassSection-as3-fulldim7_inv2
StringEnsemble1-c3-fulldim7_inv3,StringEnsemble1-ds3-fulldim7_inv2
StringEnsemble1-c3-fulldim7_inv3,StringEnsemble1-fs3-fulldim7_inv1
SynthVoice-as3-fulldim7_inv0,SynthVoice-e3-fulldim7_inv2
BlownBottle-c4-fulldim7_inv0,BlownBottle-a3-fulldim7_inv1
Pad2(warm)-gs3-fulldim7_inv0,Pad2(warm)-f3-fulldim7_inv1
Piccolo-b3-fulldim7_inv2,Piccolo-f4-fulldim7_inv0
Pad3(polysynth)-cs3-fulldim7_inv3,Pad3(polysynth)-g3-fulldim7_inv1
ElectricBass(finger)-gs3-fulldim7_inv2,ElectricBass(finger)-d4-fulldim7_inv0
Pad1(newage)-b3-fulldim7_inv1,Pad1(newage)-d4-fulldim7_inv0
Bassoon-ds3-fulldim7_inv1,Bassoon-c3-fulldim7_inv2
DistortionGuitar-d3-fulldim7_inv3,DistortionGuitar-gs3-fulldim7_inv1
Flute-fs3-fulldim7_inv2,Flute-ds3-fulldim7_inv3
PercussiveOrgan-a3-fulldim7_inv2,PercussiveOrgan-fs3-fulldim7_inv3
PercussiveOrgan-a3-fulldim7_inv2,PercussiveOrgan-c4-fulldim7_inv1
AltoSax-d4-fulldim7_inv0,AltoSax-gs3-fulldim7_inv2
AltoSax-d4-fulldim7_inv0,AltoSax-f3-fulldim7_inv3
AltoSax-d4-fulldim7_inv0,AltoSax-b3-fulldim7_inv1
ElectricGuitar(jazz)-ds3-fulldim7_inv3,ElectricGuitar(jazz)-c4-fulldim7_inv0
BlownBottle-cs3-fulldim7_inv2,BlownBottle-e3-fulldim7_inv1
Lead1(square)-as3-fulldim7_inv1,Lead1(square)-g3-fulldim7_inv2
Lead1(square)-as3-fulldim7_inv1,Lead1(square)-e3-fulldim7_inv3
SynthBrass1-b3-fulldim7_inv0,SynthBrass1-d3-fulldim7_inv3
ElectricBass(finger)-fs3-fulldim7_inv2,ElectricBass(finger)-ds3-fulldim7_inv3
MutedTrumpet-b3-fulldim7_inv0,MutedTrumpet-gs3-fulldim7_inv1
RockOrgan-e3-fulldim7_inv1,RockOrgan-g3-fulldim7_inv0
DrawbarOrgan-c4-fulldim7_inv0,DrawbarOrgan-a3-fulldim7_inv1
DrawbarOrgan-c4-fulldim7_inv0,DrawbarOrgan-fs3-fulldim7_inv2
Contrabass-fs3-fulldim7_inv2,Contrabass-ds3-fulldim7_inv3
Contrabass-fs3-fulldim7_inv2,Contrabass-c4-fulldim7_inv0
SynthStrings2-ds4-fulldim7_inv0,SynthStrings2-fs3-fulldim7_inv3
SynthStrings2-ds4-fulldim7_inv0,SynthStrings2-c4-fulldim7_inv1
ChurchOrgan-b3-fulldim7_inv1,ChurchOrgan-gs3-fulldim7_inv2
Lead3(calliope)-cs4-fulldim7_inv1,Lead3(calliope)-as3-fulldim7_inv2
OrchestralHarp-fs3-fulldim7_inv0,OrchestralHarp-ds3-fulldim7_inv1
MutedTrumpet-cs3-fulldim7_inv2,MutedTrumpet-g3-fulldim7_inv0
OrchestralHarp-g3-fulldim7_inv0,OrchestralHarp-cs3-fulldim7_inv2
Trumpet-fs3-fulldim7_inv1,Trumpet-a3-fulldim7_inv0
Trumpet-fs3-fulldim7_inv1,Trumpet-c3-fulldim7_inv3
Flute-fs3-fulldim7_inv1,Flute-c3-fulldim7_inv3
VoiceOohs-a3-fulldim7_inv0,VoiceOohs-c3-fulldim7_inv3
Shanai-ds3-fulldim7_inv3,Shanai-a3-fulldim7_inv1
Kalimba-f3-fulldim7_inv3,Kalimba-b3-fulldim7_inv1
SynthBrass1-ds4-fulldim7_inv0,SynthBrass1-c4-fulldim7_inv1
SynthBrass1-ds4-fulldim7_inv0,SynthBrass1-fs3-fulldim7_inv3
Kalimba-ds3-fulldim7_inv2,Kalimba-c3-fulldim7_inv3
Pad7(halo)-b3-fulldim7_inv1,Pad7(halo)-d4-fulldim7_inv0
PanFlute-fs3-fulldim7_inv2,PanFlute-a3-fulldim7_inv1
BrightAcousticPiano-fs3-fulldim7_inv1,BrightAcousticPiano-c3-fulldim7_inv3
Shanai-cs4-fulldim7_inv0,Shanai-e3-fulldim7_inv3
AltoSax-a3-fulldim7_inv0,AltoSax-fs3-fulldim7_inv1
BrightAcousticPiano-c4-fulldim7_inv1,BrightAcousticPiano-fs3-fulldim7_inv3
BrightAcousticPiano-c4-fulldim7_inv1,BrightAcousticPiano-a3-fulldim7_inv2
Viola-as3-fulldim7_inv0,Viola-g3-fulldim7_inv1
Vibraphone-gs3-fulldim7_inv3,Vibraphone-b3-fulldim7_inv2
Cello-c4-fulldim7_inv0,Cello-ds3-fulldim7_inv3
StringEnsemble2-e3-fulldim7_inv2,StringEnsemble2-as3-fulldim7_inv0
StringEnsemble2-e3-fulldim7_inv2,StringEnsemble2-g3-fulldim7_inv1
Marimba-b3-fulldim7_inv2,Marimba-gs3-fulldim7_inv3
ElectricBass(finger)-a3-fulldim7_inv0,ElectricBass(finger)-c3-fulldim7_inv3
DrawbarOrgan-a3-fulldim7_inv1,DrawbarOrgan-fs3-fulldim7_inv2
BlownBottle-gs3-fulldim7_inv3,BlownBottle-b3-fulldim7_inv2
PercussiveOrgan-ds3-fulldim7_inv3,PercussiveOrgan-a3-fulldim7_inv1
BlownBottle-c3-fulldim7_inv3,BlownBottle-fs3-fulldim7_inv1
DistortionGuitar-fs3-fulldim7_inv2,DistortionGuitar-a3-fulldim7_inv1
Harpsichord-e4-fulldim7_inv0,Harpsichord-g3-fulldim7_inv3
Lead6(voice)-d3-fulldim7_inv2,Lead6(voice)-f3-fulldim7_inv1
ElectricBass(pick)-d3-fulldim7_inv2,ElectricBass(pick)-f3-fulldim7_inv1
AcousticGuitar(steel)-g3-fulldim7_inv3,AcousticGuitar(steel)-e4-fulldim7_inv0
Honky-tonkPiano-fs3-fulldim7_inv1,Honky-tonkPiano-c3-fulldim7_inv3
Honky-tonkPiano-fs3-fulldim7_inv1,Honky-tonkPiano-a3-fulldim7_inv0
Pad5(bowed)-f4-fulldim7_inv0,Pad5(bowed)-b3-fulldim7_inv2
Pad5(bowed)-f4-fulldim7_inv0,Pad5(bowed)-gs3-fulldim7_inv3
Pad5(bowed)-f4-fulldim7_inv0,Pad5(bowed)-d4-fulldim7_inv1
Bassoon-g3-fulldim7_inv3,Bassoon-cs4-fulldim7_inv1
Fiddle-fs3-fulldim7_inv0,Fiddle-c3-fulldim7_inv2
TremoloStrings-gs3-fulldim7_inv1,TremoloStrings-d3-fulldim7_inv3
TremoloStrings-gs3-fulldim7_inv1,TremoloStrings-b3-fulldim7_inv0
Vibraphone-gs3-fulldim7_inv2,Vibraphone-f3-fulldim7_inv3
Ocarina-g3-fulldim7_inv2,Ocarina-e3-fulldim7_inv3
SynthVoice-f3-fulldim7_inv1,SynthVoice-d3-fulldim7_inv2
AltoSax-gs3-fulldim7_inv2,AltoSax-f3-fulldim7_inv3
AltoSax-gs3-fulldim7_inv2,AltoSax-b3-fulldim7_inv1
Trumpet-a3-fulldim7_inv0,Trumpet-c3-fulldim7_inv3
Shanai-d4-fulldim7_inv1,Shanai-f4-fulldim7_inv0
Contrabass-cs4-fulldim7_inv0,Contrabass-as3-fulldim7_inv1
OverdrivenGuitar-g3-fulldim7_inv3,OverdrivenGuitar-cs4-fulldim7_inv1
BrightAcousticPiano-f4-fulldim7_inv0,BrightAcousticPiano-d4-fulldim7_inv1
Lead5(charang)-gs3-fulldim7_inv1,Lead5(charang)-f3-fulldim7_inv2
Lead5(charang)-gs3-fulldim7_inv1,Lead5(charang)-d3-fulldim7_inv3
DistortionGuitar-d4-fulldim7_inv1,DistortionGuitar-f4-fulldim7_inv0
TremoloStrings-d3-fulldim7_inv3,TremoloStrings-b3-fulldim7_inv0
Cello-a3-fulldim7_inv2,Cello-fs3-fulldim7_inv3
Harpsichord-d4-fulldim7_inv0,Harpsichord-f3-fulldim7_inv3
Harpsichord-d4-fulldim7_inv0,Harpsichord-b3-fulldim7_inv1
AltoSax-f3-fulldim7_inv3,AltoSax-b3-fulldim7_inv1
SynthBass1-g3-fulldim7_inv2,SynthBass1-e3-fulldim7_inv3
Pad2(warm)-as3-fulldim7_inv2,Pad2(warm)-e4-fulldim7_inv0
SopranoSax-fs3-fulldim7_inv3,SopranoSax-c4-fulldim7_inv1
FretlessBass-fs3-fulldim7_inv0,FretlessBass-ds3-fulldim7_inv1
ElectricGuitar(clean)-as3-fulldim7_inv2,ElectricGuitar(clean)-e4-fulldim7_inv0
ElectricGuitar(clean)-as3-fulldim7_inv2,ElectricGuitar(clean)-cs4-fulldim7_inv1
Lead4(chiff)-g3-fulldim7_inv2,Lead4(chiff)-e3-fulldim7_inv3
Lead3(calliope)-a3-fulldim7_inv1,Lead3(calliope)-fs3-fulldim7_inv2
AltoSax-cs4-fulldim7_inv1,AltoSax-e4-fulldim7_inv0
Piccolo-e4-fulldim7_inv0,Piccolo-as3-fulldim7_inv2
SlapBass2-b3-fulldim7_inv1,SlapBass2-f3-fulldim7_inv3
AcousticBass-gs3-fulldim7_inv3,AcousticBass-b3-fulldim7_inv2
AcousticBass-gs3-fulldim7_inv3,AcousticBass-f4-fulldim7_inv0
Shanai-e4-fulldim7_inv0,Shanai-as3-fulldim7_inv2
SynthStrings1-gs3-fulldim7_inv2,SynthStrings1-d4-fulldim7_inv0
SynthStrings1-gs3-fulldim7_inv2,SynthStrings1-f3-fulldim7_inv3
Pad1(newage)-e3-fulldim7_inv3,Pad1(newage)-g3-fulldim7_inv2
FrenchHorn-ds3-fulldim7_inv3,FrenchHorn-fs3-fulldim7_inv2
AcousticBass-b3-fulldim7_inv2,AcousticBass-f4-fulldim7_inv0
AcousticGuitar(nylon)-b3-fulldim7_inv1,AcousticGuitar(nylon)-d4-fulldim7_inv0
AcousticGuitar(nylon)-b3-fulldim7_inv1,AcousticGuitar(nylon)-gs3-fulldim7_inv2
Sitar-cs4-fulldim7_inv0,Sitar-g3-fulldim7_inv2
Pad6(metallic)-cs4-fulldim7_inv0,Pad6(metallic)-g3-fulldim7_inv2
Pad6(metallic)-cs4-fulldim7_inv0,Pad6(metallic)-as3-fulldim7_inv1
Contrabass-ds3-fulldim7_inv3,Contrabass-c4-fulldim7_inv0
Pad5(bowed)-b3-fulldim7_inv2,Pad5(bowed)-gs3-fulldim7_inv3
Pad5(bowed)-b3-fulldim7_inv2,Pad5(bowed)-d4-fulldim7_inv1
Lead5(charang)-e3-fulldim7_inv3,Lead5(charang)-as3-fulldim7_inv1
AcousticGuitar(nylon)-d4-fulldim7_inv0,AcousticGuitar(nylon)-gs3-fulldim7_inv2
Lead2(sawtooth)-a3-fulldim7_inv0,Lead2(sawtooth)-c3-fulldim7_inv3
OrchestralHarp-d3-fulldim7_inv3,OrchestralHarp-gs3-fulldim7_inv1
SynthStrings1-g3-fulldim7_inv2,SynthStrings1-e3-fulldim7_inv3
VoiceOohs-f4-fulldim7_inv0,VoiceOohs-gs3-fulldim7_inv3
ElectricGuitar(jazz)-e3-fulldim7_inv3,ElectricGuitar(jazz)-g3-fulldim7_inv2
AcousticBass-d3-fulldim7_inv2,AcousticBass-f3-fulldim7_inv1
SynthBrass2-cs3-fulldim7_inv2,SynthBrass2-e3-fulldim7_inv1
VoiceOohs-d3-fulldim7_inv3,VoiceOohs-gs3-fulldim7_inv1
SlapBass1-g3-fulldim7_inv0,SlapBass1-cs3-fulldim7_inv2
SynthStrings1-d4-fulldim7_inv0,SynthStrings1-f3-fulldim7_inv3
Shamisen-b3-fulldim7_inv2,Shamisen-gs3-fulldim7_inv3
BrightAcousticPiano-fs3-fulldim7_inv3,BrightAcousticPiano-a3-fulldim7_inv2
Harpsichord-f3-fulldim7_inv3,Harpsichord-b3-fulldim7_inv1
Pad1(newage)-f4-fulldim7_inv0,Pad1(newage)-b3-fulldim7_inv2
Pad5(bowed)-gs3-fulldim7_inv3,Pad5(bowed)-d4-fulldim7_inv1
ElectricGuitar(clean)-b3-fulldim7_inv0,ElectricGuitar(clean)-f3-fulldim7_inv2
ElectricGuitar(clean)-b3-fulldim7_inv0,ElectricGuitar(clean)-gs3-fulldim7_inv1
SynthBrass1-c4-fulldim7_inv1,SynthBrass1-fs3-fulldim7_inv3
StringEnsemble1-ds3-fulldim7_inv2,StringEnsemble1-fs3-fulldim7_inv1
Pad8(sweep)-d4-fulldim7_inv1,Pad8(sweep)-b3-fulldim7_inv2
PanFlute-c3-fulldim7_inv3,PanFlute-a3-fulldim7_inv0
Ocarina-as3-fulldim7_inv0,Ocarina-cs3-fulldim7_inv3
Lead1(square)-g3-fulldim7_inv2,Lead1(square)-e3-fulldim7_inv3
Bagpipe-f3-fulldim7_inv3,Bagpipe-d4-fulldim7_inv0
AcousticGuitar(nylon)-c4-fulldim7_inv0,AcousticGuitar(nylon)-fs3-fulldim7_inv2
ElectricGuitar(clean)-e4-fulldim7_inv0,ElectricGuitar(clean)-cs4-fulldim7_inv1
Xylophone-f3-fulldim7_inv1,Xylophone-gs3-fulldim7_inv0
Lead6(voice)-e3-fulldim7_inv3,Lead6(voice)-g3-fulldim7_inv2
Lead3(calliope)-cs3-fulldim7_inv3,Lead3(calliope)-as3-fulldim7_inv0
AcousticGrandPiano-fs3-fulldim7_inv2,AcousticGrandPiano-c4-fulldim7_inv0
PanFlute-fs3-fulldim7_inv3,PanFlute-c4-fulldim7_inv1
PanFlute-fs3-fulldim7_inv3,PanFlute-a3-fulldim7_inv2
ChoirAahs-cs3-fulldim7_inv2,ChoirAahs-e3-fulldim7_inv1
PercussiveOrgan-as3-fulldim7_inv0,PercussiveOrgan-cs3-fulldim7_inv3
ElectricGuitar(clean)-f3-fulldim7_inv2,ElectricGuitar(clean)-gs3-fulldim7_inv1
PercussiveOrgan-fs3-fulldim7_inv3,PercussiveOrgan-c4-fulldim7_inv1
Honky-tonkPiano-c3-fulldim7_inv3,Honky-tonkPiano-a3-fulldim7_inv0
AcousticBass-fs3-fulldim7_inv2,AcousticBass-a3-fulldim7_inv1
SynthBass2-d4-fulldim7_inv0,SynthBass2-f3-fulldim7_inv3
TremoloStrings-c3-fulldim7_inv3,TremoloStrings-fs3-fulldim7_inv1
Xylophone-a3-fulldim7_inv0,Xylophone-ds3-fulldim7_inv2
Pad6(metallic)-g3-fulldim7_inv2,Pad6(metallic)-as3-fulldim7_inv1
Lead1(square)-a3-fulldim7_inv1,Lead1(square)-fs3-fulldim7_inv2
SynthStrings2-fs3-fulldim7_inv3,SynthStrings2-c4-fulldim7_inv1
Violin-gs3-fulldim7_inv1,Violin-f3-fulldim7_inv2
SynthBrass2-gs3-fulldim7_inv0,SynthBrass2-f3-fulldim7_inv1
Lead6(voice)-c4-fulldim7_inv0,Lead6(voice)-a3-fulldim7_inv1
StringEnsemble2-gs3-fulldim7_inv0,StringEnsemble2-d3-fulldim7_inv2
EnglishHorn-g3-fulldim7_inv2,EnglishHorn-cs4-fulldim7_inv0
ElectricPiano1-d4-fulldim7_inv0,ElectricPiano1-f3-fulldim7_inv3
SopranoSax-cs3-fulldim7_inv2,SopranoSax-g3-fulldim7_inv0
Lead3(calliope)-fs3-fulldim7_inv1,Lead3(calliope)-c3-fulldim7_inv3
Lead1(square)-cs4-fulldim7_inv1,Lead1(square)-g3-fulldim7_inv3
Lead5(charang)-f3-fulldim7_inv2,Lead5(charang)-d3-fulldim7_inv3
DistortionGuitar-g3-fulldim7_inv0,DistortionGuitar-e3-fulldim7_inv1
Banjo-f3-fulldim7_inv1,Banjo-gs3-fulldim7_inv0
Tuba-gs3-fulldim7_inv3,Tuba-f4-fulldim7_inv0
Pad3(polysynth)-ds3-fulldim7_inv3,Pad3(polysynth)-a3-fulldim7_inv1
SynthBass2-ds4-fulldim7_inv0,SynthBass2-fs3-fulldim7_inv3
Dulcimer-b3-fulldim7_inv1,Dulcimer-gs3-fulldim7_inv2
Pad2(warm)-b3-fulldim7_inv0,Pad2(warm)-gs3-fulldim7_inv1
BlownBottle-f3-fulldim7_inv3,BlownBottle-d4-fulldim7_inv0
PanFlute-c4-fulldim7_inv1,PanFlute-a3-fulldim7_inv2
AcousticGuitar(steel)-gs3-fulldim7_inv1,AcousticGuitar(steel)-d3-fulldim7_inv3
BrassSection-b3-fulldim7_inv2,BrassSection-f4-fulldim7_inv0
Ocarina-f3-fulldim7_inv2,Ocarina-gs3-fulldim7_inv1
Ocarina-f3-fulldim7_inv2,Ocarina-d3-fulldim7_inv3
ChurchOrgan-d3-fulldim7_inv2,ChurchOrgan-gs3-fulldim7_inv0
AcousticGuitar(steel)-gs3-fulldim7_inv3,AcousticGuitar(steel)-d4-fulldim7_inv1
StringEnsemble2-as3-fulldim7_inv0,StringEnsemble2-g3-fulldim7_inv1
Ocarina-gs3-fulldim7_inv1,Ocarina-d3-fulldim7_inv3
SynthStrings1-ds3-fulldim7_inv2,SynthStrings1-c3-fulldim7_inv3
OrchestralHarp-ds3-fulldim7_inv2,OrchestralHarp-c3-fulldim7_inv3
OrchestralHarp-e3-fulldim7_inv3,OrchestralHarp-cs4-fulldim7_inv0
